sample_id,image_path,category,view,piece_id,camera_id,session_id,split,label,source_directory
687ba4ee865eb22e,/home/sb/Harting_Inspection/data/raw/harting_Baseline-10E-M-s-allsides-2/harting_Baseline-10E-M-s-CrossSection-1/frame_000000.jpg,harting_baseline_10e_m_s_allsides_2,cross_section_1,frame_000000,,,unassigned,good,/home/sb/Harting_Inspection/data/raw/harting_Baseline-10E-M-s-allsides-2/harting_Baseline-10E-M-s-CrossSection-1
669dcd7cd93a0b44,/home/sb/Harting_Inspection/data/raw/harting_Baseline-10E-M-s-allsides-2/harting_Baseline-10E-M-s-CrossSection-1/frame_000001.jpg,harting_baseline_10e_m_s_allsides_2,cross_section_1,frame_000001,,,unassigned,good,/home/sb/Harting_Inspection/data/raw/harting_Baseline-10E-M-s-allsides-2/harting_Baseline-10E-M-s-CrossSection-1
bc58d386eaef95e6,/home/sb/Harting_Inspection/data/raw/harting_Baseline-10E-M-s-allsides-2/harting_Baseline-10E-M-s-CrossSection-1/frame_000002.jpg,harting_baseline_10e_m_s_allsides_2,cross_section_1,frame_000002,,,unassigned,good,/home/sb/Harting_Inspection/data/raw/harting_Baseline-10E-M-s-allsides-2/harting_Baseline-10E-M-s-CrossSection-1
ea26ba2be957caf4,/home/sb/Harting_Inspection/data/raw/harting_Baseline-10E-M-s-allsides-2/harting_Baseline-10E-M-s-CrossSection-1/frame_000003.jpg,harting_baseline_10e_m_s_allsides_2,cross_section_1,frame_000003,,,unassigned,good,/home/sb/Harting_Inspection/data/raw/harting_Baseline-10E-M-s-allsides-2/harting_Baseline-10E-M-s-CrossSection-1
f3a7210d0477bc7e,/home/sb/Harting_Inspection/data/raw/harting_Baseline-10E-M-s-allsides-2/harting_Baseline-10E-M-s-CrossSection-1/frame_000004.jpg,harting_baseline_10e_m_s_allsides_2,cross_section_1,frame_000004,,,unassigned,good,/home/sb/Harting_Inspection/data/raw/harting_Baseline-10E-M-s-allsides-2/harting_Baseline-10E-M-s-CrossSection-1
6a3a6f15ed64aff4,/home/sb/Harting_Inspection/data/raw/harting_Baseline-10E-M-s-allsides-2/harting_Baseline-10E-M-s-CrossSection-1/frame_000005.jpg,harting_baseline_10e_m_s_allsides_2,cross_section_1,frame_000005,,,unassigned,good,/home/sb/Harting_Inspection/data/raw/harting_Baseline-10E-M-s-allsides-2/harting_Baseline-10E-M-s-CrossSection-1
81406708c935c050,/home/sb/Harting_Inspection/data/raw/harting_Baseline-10E-M-s-allsides-2/harting_Baseline-10E-M-s-CrossSection-1/frame_000006.jpg,harting_baseline_10e_m_s_allsides_2,cross_section_1,frame_000006,,,unassigned,good,/home/sb/Harting_Inspection/data/raw/harting_Baseline-10E-M-s-allsides-2/harting_Baseline-10E-M-s-CrossSection-1
fd2be44aac7c4841,/home/sb/Harting_Inspection/data/raw/harting_Baseline-10E-M-s-allsides-2/harting_Baseline-10E-M-s-CrossSection-1/frame_000007.jpg,harting_baseline_10e_m_s_allsides_2,cross_section_1,frame_000007,,,unassigned,good,/home/sb/Harting_Inspection/data/raw/harting_Baseline-10E-M-s-allsides-2/harting_Baseline-10E-M-s-CrossSection-1
64f69da7eb09c348,/home/sb/Harting_Inspection/data/raw/harting_Baseline-10E-M-s-allsides-2/harting_Baseline-10E-M-s-CrossSection-1/frame_000008.jpg,harting_baseline_10e_m_s_allsides_2,cross_section_1,frame_000008,,,unassigned,good,/home/sb/Harting_Inspection/data/raw/harting_Baseline-10E-M-s-allsides-2/harting_Baseline-10E-M-s-CrossSection-1
7c0f324b0606392c,/home/sb/Harting_Inspection/data/raw/harting_Baseline-10E-M-s-allsides-2/harting_Baseline-10E-M-s-CrossSection-1/frame_000009.jpg,harting_baseline_10e_m_s_allsides_2,cross_section_1,frame_000009,,,unassigned,good,/home/sb/Harting_Inspection/data/raw/harting_Baseline-10E-M-s-allsides-2/harting_Baseline-10E-M-s-CrossSection-1
0e45f02fbcb8e704,/home/sb/Harting_Inspection/data/raw/harting_Baseline-10E-M-s-allsides-2/harting_Baseline-10E-M-s-CrossSection-1/frame_000010.jpg,harting_baseline_10e_m_s_allsides_2,cross_section_1,frame_000010,,,unassigned,good,/home/sb/Harting_Inspection/data/raw/harting_Baseline-10E-M-s-allsides-2/harting_Baseline-10E-M-s-CrossSection-1
d4ff3fbdf7ef800d,/home/sb/Harting_Inspection/data/raw/harting_Baseline-10E-M-s-allsides-2/harting_Baseline-10E-M-s-CrossSection-1/frame_000011.jpg,harting_baseline_10e_m_s_allsides_2,cross_section_1,frame_000011,,,unassigned,good,/home/sb/Harting_Inspection/data/raw/harting_Baseline-10E-M-s-allsides-2/harting_Baseline-10E-M-s-CrossSection-1
178b76228c621236,/home/sb/Harting_Inspection/data/raw/harting_Baseline-10E-M-s-allsides-2/harting_Baseline-10E-M-s-CrossSection-1/frame_000012.jpg,harting_baseline_10e_m_s_allsides_2,cross_section_1,frame_000012,,,unassigned,good,/home/sb/Harting_Inspection/data/raw/harting_Baseline-10E-M-s-allsides-2/harting_Baseline-10E-M-s-CrossSection-1
3871b021326f6a0b,/home/sb/Harting_Inspection/data/raw/harting_Baseline-10E-M-s-allsides-2/harting_Baseline-10E-M-s-CrossSection-1/frame_000013.jpg,harting_baseline_10e_m_s_allsides_2,cross_section_1,frame_000013,,,unassigned,good,/home/sb/Harting_Inspection/data/raw/harting_Baseline-10E-M-s-allsides-2/harting_Baseline-10E-M-s-CrossSection-1
c683881cbb123725,/home/sb/Harting_Inspection/data/raw/harting_Baseline-10E-M-s-allsides-2/harting_Baseline-10E-M-s-CrossSection-1/frame_000014.jpg,harting_baseline_10e_m_s_allsides_2,cross_section_1,frame_000014,,,unassigned,good,/home/sb/Harting_Inspection/data/raw/harting_Baseline-10E-M-s-allsides-2/harting_Baseline-10E-M-s-CrossSection-1
46151094778e3c24,/home/sb/Harting_Inspection/data/raw/harting_Baseline-10E-M-s-allsides-2/harting_Baseline-10E-M-s-CrossSection-1/frame_000015.jpg,harting_baseline_10e_m_s_allsides_2,cross_section_1,frame_000015,,,unassigned,good,/home/sb/Harting_Inspection/data/raw/harting_Baseline-10E-M-s-allsides-2/harting_Baseline-10E-M-s-CrossSection-1
7b4360866b2fe63f,/home/sb/Harting_Inspection/data/raw/harting_Baseline-10E-M-s-allsides-2/harting_Baseline-10E-M-s-CrossSection-1/frame_000016.jpg,harting_baseline_10e_m_s_allsides_2,cross_section_1,frame_000016,,,unassigned,good,/home/sb/Harting_Inspection/data/raw/harting_Baseline-10E-M-s-allsides-2/harting_Baseline-10E-M-s-CrossSection-1
3863a56a77da1f8c,/home/sb/Harting_Inspection/data/raw/harting_Baseline-10E-M-s-allsides-2/harting_Baseline-10E-M-s-CrossSection-1/frame_000017.jpg,harting_baseline_10e_m_s_allsides_2,cross_section_1,frame_000017,,,unassigned,good,/home/sb/Harting_Inspection/data/raw/harting_Baseline-10E-M-s-allsides-2/harting_Baseline-10E-M-s-CrossSection-1
db2b52f619707c42,/home/sb/Harting_Inspection/data/raw/harting_Baseline-10E-M-s-allsides-2/harting_Baseline-10E-M-s-CrossSection-1/frame_000018.jpg,harting_baseline_10e_m_s_allsides_2,cross_section_1,frame_000018,,,unassigned,good,/home/sb/Harting_Inspection/data/raw/harting_Baseline-10E-M-s-allsides-2/harting_Baseline-10E-M-s-CrossSection-1
a1cac3ffde82fa1e,/home/sb/Harting_Inspection/data/raw/harting_Baseline-10E-M-s-allsides-2/harting_Baseline-10E-M-s-CrossSection-1/frame_000019.jpg,harting_baseline_10e_m_s_allsides_2,cross_section_1,frame_000019,,,unassigned,good,/home/sb/Harting_Inspection/data/raw/harting_Baseline-10E-M-s-allsides-2/harting_Baseline-10E-M-s-CrossSection-1
65fbc5c51403ad28,/home/sb/Harting_Inspection/data/raw/harting_Baseline-10E-M-s-allsides-2/harting_Baseline-10E-M-s-CrossSection-1/frame_000020.jpg,harting_baseline_10e_m_s_allsides_2,cross_section_1,frame_000020,,,unassigned,good,/home/sb/Harting_Inspection/data/raw/harting_Baseline-10E-M-s-allsides-2/harting_Baseline-10E-M-s-CrossSection-1
9f8bf7ac117eb34e,/home/sb/Harting_Inspection/data/raw/harting_Baseline-10E-M-s-allsides-2/harting_Baseline-10E-M-s-CrossSection-1/frame_000021.jpg,harting_baseline_10e_m_s_allsides_2,cross_section_1,frame_000021,,,unassigned,good,/home/sb/Harting_Inspection/data/raw/harting_Baseline-10E-M-s-allsides-2/harting_Baseline-10E-M-s-CrossSection-1
e8b05045302b287d,/home/sb/Harting_Inspection/data/raw/harting_Baseline-10E-M-s-allsides-2/harting_Baseline-10E-M-s-CrossSection-1/frame_000022.jpg,harting_baseline_10e_m_s_allsides_2,cross_section_1,frame_000022,,,unassigned,good,/home/sb/Harting_Inspection/data/raw/harting_Baseline-10E-M-s-allsides-2/harting_Baseline-10E-M-s-CrossSection-1
7943214a50f0f95b,/home/sb/Harting_Inspection/data/raw/harting_Baseline-10E-M-s-allsides-2/harting_Baseline-10E-M-s-CrossSection-1/frame_000023.jpg,harting_baseline_10e_m_s_allsides_2,cross_section_1,frame_000023,,,unassigned,good,/home/sb/Harting_Inspection/data/raw/harting_Baseline-10E-M-s-allsides-2/harting_Baseline-10E-M-s-CrossSection-1
659fc2c46e3b6145,/home/sb/Harting_Inspection/data/raw/harting_Baseline-10E-M-s-allsides-2/harting_Baseline-10E-M-s-CrossSection-1/frame_000024.jpg,harting_baseline_10e_m_s_allsides_2,cross_section_1,frame_000024,,,unassigned,good,/home/sb/Harting_Inspection/data/raw/harting_Baseline-10E-M-s-allsides-2/harting_Baseline-10E-M-s-CrossSection-1
689126ee632cbad3,/home/sb/Harting_Inspection/data/raw/harting_Baseline-10E-M-s-allsides-2/harting_Baseline-10E-M-s-CrossSection-1/frame_000025.jpg,harting_baseline_10e_m_s_allsides_2,cross_section_1,frame_000025,,,unassigned,good,/home/sb/Harting_Inspection/data/raw/harting_Baseline-10E-M-s-allsides-2/harting_Baseline-10E-M-s-CrossSection-1
97bdc2c07b006ad7,/home/sb/Harting_Inspection/data/raw/harting_Baseline-10E-M-s-allsides-2/harting_Baseline-10E-M-s-CrossSection-1/frame_000026.jpg,harting_baseline_10e_m_s_allsides_2,cross_section_1,frame_000026,,,unassigned,good,/home/sb/Harting_Inspection/data/raw/harting_Baseline-10E-M-s-allsides-2/harting_Baseline-10E-M-s-CrossSection-1
6c7b4b6f5f9a0650,/home/sb/Harting_Inspection/data/raw/harting_Baseline-10E-M-s-allsides-2/harting_Baseline-10E-M-s-CrossSection-1/frame_000027.jpg,harting_baseline_10e_m_s_allsides_2,cross_section_1,frame_000027,,,unassigned,good,/home/sb/Harting_Inspection/data/raw/harting_Baseline-10E-M-s-allsides-2/harting_Baseline-10E-M-s-CrossSection-1
3e37c1d11a545d5a,/home/sb/Harting_Inspection/data/raw/harting_Baseline-10E-M-s-allsides-2/harting_Baseline-10E-M-s-CrossSection-1/frame_000028.jpg,harting_baseline_10e_m_s_allsides_2,cross_section_1,frame_000028,,,unassigned,good,/home/sb/Harting_Inspection/data/raw/harting_Baseline-10E-M-s-allsides-2/harting_Baseline-10E-M-s-CrossSection-1
879d65e37526e34f,/home/sb/Harting_Inspection/data/raw/harting_Baseline-10E-M-s-allsides-2/harting_Baseline-10E-M-s-CrossSection-1/frame_000029.jpg,harting_baseline_10e_m_s_allsides_2,cross_section_1,frame_000029,,,unassigned,good,/home/sb/Harting_Inspection/data/raw/harting_Baseline-10E-M-s-allsides-2/harting_Baseline-10E-M-s-CrossSection-1
db4ca4f1790eaa83,/home/sb/Harting_Inspection/data/raw/harting_Baseline-10E-M-s-allsides-2/harting_Baseline-10E-M-s-CrossSection-1/frame_000030.jpg,harting_baseline_10e_m_s_allsides_2,cross_section_1,frame_000030,,,unassigned,good,/home/sb/Harting_Inspection/data/raw/harting_Baseline-10E-M-s-allsides-2/harting_Baseline-10E-M-s-CrossSection-1
f4819c0a17f249b0,/home/sb/Harting_Inspection/data/raw/harting_Baseline-10E-M-s-allsides-2/harting_Baseline-10E-M-s-CrossSection-1/frame_000031.jpg,harting_baseline_10e_m_s_allsides_2,cross_section_1,frame_000031,,,unassigned,good,/home/sb/Harting_Inspection/data/raw/harting_Baseline-10E-M-s-allsides-2/harting_Baseline-10E-M-s-CrossSection-1
af92bff0476ca95f,/home/sb/Harting_Inspection/data/raw/harting_Baseline-10E-M-s-allsides-2/harting_Baseline-10E-M-s-CrossSection-1/frame_000032.jpg,harting_baseline_10e_m_s_allsides_2,cross_section_1,frame_000032,,,unassigned,good,/home/sb/Harting_Inspection/data/raw/harting_Baseline-10E-M-s-allsides-2/harting_Baseline-10E-M-s-CrossSection-1
43269b38bff1cd77,/home/sb/Harting_Inspection/data/raw/harting_Baseline-10E-M-s-allsides-2/harting_Baseline-10E-M-s-CrossSection-1/frame_000033.jpg,harting_baseline_10e_m_s_allsides_2,cross_section_1,frame_000033,,,unassigned,good,/home/sb/Harting_Inspection/data/raw/harting_Baseline-10E-M-s-allsides-2/harting_Baseline-10E-M-s-CrossSection-1
3fa23c08fa47ac52,/home/sb/Harting_Inspection/data/raw/harting_Baseline-10E-M-s-allsides-2/harting_Baseline-10E-M-s-CrossSection-1/frame_000034.jpg,harting_baseline_10e_m_s_allsides_2,cross_section_1,frame_000034,,,unassigned,good,/home/sb/Harting_Inspection/data/raw/harting_Baseline-10E-M-s-allsides-2/harting_Baseline-10E-M-s-CrossSection-1
34dc7f74b2bce02a,/home/sb/Harting_Inspection/data/raw/harting_Baseline-10E-M-s-allsides-2/harting_Baseline-10E-M-s-CrossSection-1/frame_000035.jpg,harting_baseline_10e_m_s_allsides_2,cross_section_1,frame_000035,,,unassigned,good,/home/sb/Harting_Inspection/data/raw/harting_Baseline-10E-M-s-allsides-2/harting_Baseline-10E-M-s-CrossSection-1
631f2931f28bae73,/home/sb/Harting_Inspection/data/raw/harting_Baseline-10E-M-s-allsides-2/harting_Baseline-10E-M-s-CrossSection-1/frame_000036.jpg,harting_baseline_10e_m_s_allsides_2,cross_section_1,frame_000036,,,unassigned,good,/home/sb/Harting_Inspection/data/raw/harting_Baseline-10E-M-s-allsides-2/harting_Baseline-10E-M-s-CrossSection-1
cd5b3a6b09e99585,/home/sb/Harting_Inspection/data/raw/harting_Baseline-10E-M-s-allsides-2/harting_Baseline-10E-M-s-CrossSection-1/frame_000037.jpg,harting_baseline_10e_m_s_allsides_2,cross_section_1,frame_000037,,,unassigned,good,/home/sb/Harting_Inspection/data/raw/harting_Baseline-10E-M-s-allsides-2/harting_Baseline-10E-M-s-CrossSection-1
0c8ec96e0cf9e8cd,/home/sb/Harting_Inspection/data/raw/harting_Baseline-10E-M-s-allsides-2/harting_Baseline-10E-M-s-CrossSection-1/frame_000038.jpg,harting_baseline_10e_m_s_allsides_2,cross_section_1,frame_000038,,,unassigned,good,/home/sb/Harting_Inspection/data/raw/harting_Baseline-10E-M-s-allsides-2/harting_Baseline-10E-M-s-CrossSection-1
1ac29f86270cf1b6,/home/sb/Harting_Inspection/data/raw/harting_Baseline-10E-M-s-allsides-2/harting_Baseline-10E-M-s-CrossSection-1/frame_000039.jpg,harting_baseline_10e_m_s_allsides_2,cross_section_1,frame_000039,,,unassigned,good,/home/sb/Harting_Inspection/data/raw/harting_Baseline-10E-M-s-allsides-2/harting_Baseline-10E-M-s-CrossSection-1
0403ce4ec16d8aca,/home/sb/Harting_Inspection/data/raw/harting_Baseline-10E-M-s-allsides-2/harting_Baseline-10E-M-s-CrossSection-1/frame_000040.jpg,harting_baseline_10e_m_s_allsides_2,cross_section_1,frame_000040,,,unassigned,good,/home/sb/Harting_Inspection/data/raw/harting_Baseline-10E-M-s-allsides-2/harting_Baseline-10E-M-s-CrossSection-1
8d8c90526db46933,/home/sb/Harting_Inspection/data/raw/harting_Baseline-10E-M-s-allsides-2/harting_Baseline-10E-M-s-CrossSection-1/frame_000041.jpg,harting_baseline_10e_m_s_allsides_2,cross_section_1,frame_000041,,,unassigned,good,/home/sb/Harting_Inspection/data/raw/harting_Baseline-10E-M-s-allsides-2/harting_Baseline-10E-M-s-CrossSection-1
f468db72c413d793,/home/sb/Harting_Inspection/data/raw/harting_Baseline-10E-M-s-allsides-2/harting_Baseline-10E-M-s-CrossSection-1/frame_000042.jpg,harting_baseline_10e_m_s_allsides_2,cross_section_1,frame_000042,,,unassigned,good,/home/sb/Harting_Inspection/data/raw/harting_Baseline-10E-M-s-allsides-2/harting_Baseline-10E-M-s-CrossSection-1
4e888469deb4d180,/home/sb/Harting_Inspection/data/raw/harting_Baseline-10E-M-s-allsides-2/harting_Baseline-10E-M-s-CrossSection-1/frame_000043.jpg,harting_baseline_10e_m_s_allsides_2,cross_section_1,frame_000043,,,unassigned,good,/home/sb/Harting_Inspection/data/raw/harting_Baseline-10E-M-s-allsides-2/harting_Baseline-10E-M-s-CrossSection-1
afb26c8fbb660aad,/home/sb/Harting_Inspection/data/raw/harting_Baseline-10E-M-s-allsides-2/harting_Baseline-10E-M-s-CrossSection-1/frame_000044.jpg,harting_baseline_10e_m_s_allsides_2,cross_section_1,frame_000044,,,unassigned,good,/home/sb/Harting_Inspection/data/raw/harting_Baseline-10E-M-s-allsides-2/harting_Baseline-10E-M-s-CrossSection-1
0dc6c57c3f0c548d,/home/sb/Harting_Inspection/data/raw/harting_Baseline-10E-M-s-allsides-2/harting_Baseline-10E-M-s-CrossSection-1/frame_000045.jpg,harting_baseline_10e_m_s_allsides_2,cross_section_1,frame_000045,,,unassigned,good,/home/sb/Harting_Inspection/data/raw/harting_Baseline-10E-M-s-allsides-2/harting_Baseline-10E-M-s-CrossSection-1
07517dbf73390d2c,/home/sb/Harting_Inspection/data/raw/harting_Baseline-10E-M-s-allsides-2/harting_Baseline-10E-M-s-CrossSection-1/frame_000046.jpg,harting_baseline_10e_m_s_allsides_2,cross_section_1,frame_000046,,,unassigned,good,/home/sb/Harting_Inspection/data/raw/harting_Baseline-10E-M-s-allsides-2/harting_Baseline-10E-M-s-CrossSection-1
4418ee69866a6a76,/home/sb/Harting_Inspection/data/raw/harting_Baseline-10E-M-s-allsides-2/harting_Baseline-10E-M-s-CrossSection-1/frame_000047.jpg,harting_baseline_10e_m_s_allsides_2,cross_section_1,frame_000047,,,unassigned,good,/home/sb/Harting_Inspection/data/raw/harting_Baseline-10E-M-s-allsides-2/harting_Baseline-10E-M-s-CrossSection-1
0274392088f5c2b6,/home/sb/Harting_Inspection/data/raw/harting_Baseline-10E-M-s-allsides-2/harting_Baseline-10E-M-s-CrossSection-1/frame_000048.jpg,harting_baseline_10e_m_s_allsides_2,cross_section_1,frame_000048,,,unassigned,good,/home/sb/Harting_Inspection/data/raw/harting_Baseline-10E-M-s-allsides-2/harting_Baseline-10E-M-s-CrossSection-1
abd2d70434e8b82b,/home/sb/Harting_Inspection/data/raw/harting_Baseline-10E-M-s-allsides-2/harting_Baseline-10E-M-s-CrossSection-1/frame_000049.jpg,harting_baseline_10e_m_s_allsides_2,cross_section_1,frame_000049,,,unassigned,good,/home/sb/Harting_Inspection/data/raw/harting_Baseline-10E-M-s-allsides-2/harting_Baseline-10E-M-s-CrossSection-1
7c6576f12025c744,/home/sb/Harting_Inspection/data/raw/harting_Baseline-10E-M-s-allsides-2/harting_Baseline-10E-M-s-CrossSection-1/frame_000050.jpg,harting_baseline_10e_m_s_allsides_2,cross_section_1,frame_000050,,,unassigned,good,/home/sb/Harting_Inspection/data/raw/harting_Baseline-10E-M-s-allsides-2/harting_Baseline-10E-M-s-CrossSection-1
fec6886365ee2712,/home/sb/Harting_Inspection/data/raw/harting_Baseline-10E-M-s-allsides-2/harting_Baseline-10E-M-s-CrossSection-1/frame_000051.jpg,harting_baseline_10e_m_s_allsides_2,cross_section_1,frame_000051,,,unassigned,good,/home/sb/Harting_Inspection/data/raw/harting_Baseline-10E-M-s-allsides-2/harting_Baseline-10E-M-s-CrossSection-1
e69a2590453ba36e,/home/sb/Harting_Inspection/data/raw/harting_Baseline-10E-M-s-allsides-2/harting_Baseline-10E-M-s-CrossSection-1/frame_000052.jpg,harting_baseline_10e_m_s_allsides_2,cross_section_1,frame_000052,,,unassigned,good,/home/sb/Harting_Inspection/data/raw/harting_Baseline-10E-M-s-allsides-2/harting_Baseline-10E-M-s-CrossSection-1
4f9d69eaeeac58d8,/home/sb/Harting_Inspection/data/raw/harting_Baseline-10E-M-s-allsides-2/harting_Baseline-10E-M-s-CrossSection-1/frame_000053.jpg,harting_baseline_10e_m_s_allsides_2,cross_section_1,frame_000053,,,unassigned,good,/home/sb/Harting_Inspection/data/raw/harting_Baseline-10E-M-s-allsides-2/harting_Baseline-10E-M-s-CrossSection-1
fe215c25ae0d8142,/home/sb/Harting_Inspection/data/raw/harting_Baseline-10E-M-s-allsides-2/harting_Baseline-10E-M-s-CrossSection-1/frame_000054.jpg,harting_baseline_10e_m_s_allsides_2,cross_section_1,frame_000054,,,unassigned,good,/home/sb/Harting_Inspection/data/raw/harting_Baseline-10E-M-s-allsides-2/harting_Baseline-10E-M-s-CrossSection-1
449ac1a06b5f62c2,/home/sb/Harting_Inspection/data/raw/harting_Baseline-10E-M-s-allsides-2/harting_Baseline-10E-M-s-CrossSection-1/frame_000055.jpg,harting_baseline_10e_m_s_allsides_2,cross_section_1,frame_000055,,,unassigned,good,/home/sb/Harting_Inspection/data/raw/harting_Baseline-10E-M-s-allsides-2/harting_Baseline-10E-M-s-CrossSection-1
7b6f793fa9471a3a,/home/sb/Harting_Inspection/data/raw/harting_Baseline-10E-M-s-allsides-2/harting_Baseline-10E-M-s-CrossSection-1/frame_000056.jpg,harting_baseline_10e_m_s_allsides_2,cross_section_1,frame_000056,,,unassigned,good,/home/sb/Harting_Inspection/data/raw/harting_Baseline-10E-M-s-allsides-2/harting_Baseline-10E-M-s-CrossSection-1
a1f382e853164036,/home/sb/Harting_Inspection/data/raw/harting_Baseline-10E-M-s-allsides-2/harting_Baseline-10E-M-s-CrossSection-1/frame_000057.jpg,harting_baseline_10e_m_s_allsides_2,cross_section_1,frame_000057,,,unassigned,good,/home/sb/Harting_Inspection/data/raw/harting_Baseline-10E-M-s-allsides-2/harting_Baseline-10E-M-s-CrossSection-1
bdbc0d2e8a1fcf57,/home/sb/Harting_Inspection/data/raw/harting_Baseline-10E-M-s-allsides-2/harting_Baseline-10E-M-s-CrossSection-1/frame_000058.jpg,harting_baseline_10e_m_s_allsides_2,cross_section_1,frame_000058,,,unassigned,good,/home/sb/Harting_Inspection/data/raw/harting_Baseline-10E-M-s-allsides-2/harting_Baseline-10E-M-s-CrossSection-1
84e67186af90565f,/home/sb/Harting_Inspection/data/raw/harting_Baseline-10E-M-s-allsides-2/harting_Baseline-10E-M-s-CrossSection-1/frame_000059.jpg,harting_baseline_10e_m_s_allsides_2,cross_section_1,frame_000059,,,unassigned,good,/home/sb/Harting_Inspection/data/raw/harting_Baseline-10E-M-s-allsides-2/harting_Baseline-10E-M-s-CrossSection-1
9dff22eefacb1aeb,/home/sb/Harting_Inspection/data/raw/harting_Baseline-10E-M-s-allsides-2/harting_Baseline-10E-M-s-CrossSection-1/frame_000060.jpg,harting_baseline_10e_m_s_allsides_2,cross_section_1,frame_000060,,,unassigned,good,/home/sb/Harting_Inspection/data/raw/harting_Baseline-10E-M-s-allsides-2/harting_Baseline-10E-M-s-CrossSection-1
33204cc5f10ae78c,/home/sb/Harting_Inspection/data/raw/harting_Baseline-10E-M-s-allsides-2/harting_Baseline-10E-M-s-CrossSection-1/frame_000061.jpg,harting_baseline_10e_m_s_allsides_2,cross_section_1,frame_000061,,,unassigned,good,/home/sb/Harting_Inspection/data/raw/harting_Baseline-10E-M-s-allsides-2/harting_Baseline-10E-M-s-CrossSection-1
5a7497c11c3b27c9,/home/sb/Harting_Inspection/data/raw/harting_Baseline-10E-M-s-allsides-2/harting_Baseline-10E-M-s-CrossSection-1/frame_000062.jpg,harting_baseline_10e_m_s_allsides_2,cross_section_1,frame_000062,,,unassigned,good,/home/sb/Harting_Inspection/data/raw/harting_Baseline-10E-M-s-allsides-2/harting_Baseline-10E-M-s-CrossSection-1
76a94975588ec65c,/home/sb/Harting_Inspection/data/raw/harting_Baseline-10E-M-s-allsides-2/harting_Baseline-10E-M-s-CrossSection-1/frame_000063.jpg,harting_baseline_10e_m_s_allsides_2,cross_section_1,frame_000063,,,unassigned,good,/home/sb/Harting_Inspection/data/raw/harting_Baseline-10E-M-s-allsides-2/harting_Baseline-10E-M-s-CrossSection-1
52d374df4ff342ed,/home/sb/Harting_Inspection/data/raw/harting_Baseline-10E-M-s-allsides-2/harting_Baseline-10E-M-s-CrossSection-1/frame_000064.jpg,harting_baseline_10e_m_s_allsides_2,cross_section_1,frame_000064,,,unassigned,good,/home/sb/Harting_Inspection/data/raw/harting_Baseline-10E-M-s-allsides-2/harting_Baseline-10E-M-s-CrossSection-1
902479753e4328cc,/home/sb/Harting_Inspection/data/raw/harting_Baseline-10E-M-s-allsides-2/harting_Baseline-10E-M-s-CrossSection-1/frame_000065.jpg,harting_baseline_10e_m_s_allsides_2,cross_section_1,frame_000065,,,unassigned,good,/home/sb/Harting_Inspection/data/raw/harting_Baseline-10E-M-s-allsides-2/harting_Baseline-10E-M-s-CrossSection-1
26d86a33dbd7a106,/home/sb/Harting_Inspection/data/raw/harting_Baseline-10E-M-s-allsides-2/harting_Baseline-10E-M-s-CrossSection-1/frame_000066.jpg,harting_baseline_10e_m_s_allsides_2,cross_section_1,frame_000066,,,unassigned,good,/home/sb/Harting_Inspection/data/raw/harting_Baseline-10E-M-s-allsides-2/harting_Baseline-10E-M-s-CrossSection-1
6788d62f7e2a0fe9,/home/sb/Harting_Inspection/data/raw/harting_Baseline-10E-M-s-allsides-2/harting_Baseline-10E-M-s-CrossSection-1/frame_000067.jpg,harting_baseline_10e_m_s_allsides_2,cross_section_1,frame_000067,,,unassigned,good,/home/sb/Harting_Inspection/data/raw/harting_Baseline-10E-M-s-allsides-2/harting_Baseline-10E-M-s-CrossSection-1
e817249ec185f43c,/home/sb/Harting_Inspection/data/raw/harting_Baseline-10E-M-s-allsides-2/harting_Baseline-10E-M-s-CrossSection-1/frame_000068.jpg,harting_baseline_10e_m_s_allsides_2,cross_section_1,frame_000068,,,unassigned,good,/home/sb/Harting_Inspection/data/raw/harting_Baseline-10E-M-s-allsides-2/harting_Baseline-10E-M-s-CrossSection-1
b7056a3bbc8c131e,/home/sb/Harting_Inspection/data/raw/harting_Baseline-10E-M-s-allsides-2/harting_Baseline-10E-M-s-CrossSection-1/frame_000069.jpg,harting_baseline_10e_m_s_allsides_2,cross_section_1,frame_000069,,,unassigned,good,/home/sb/Harting_Inspection/data/raw/harting_Baseline-10E-M-s-allsides-2/harting_Baseline-10E-M-s-CrossSection-1
ed90aee0c75ee3ea,/home/sb/Harting_Inspection/data/raw/harting_Baseline-10E-M-s-allsides-2/harting_Baseline-10E-M-s-CrossSection-1/frame_000070.jpg,harting_baseline_10e_m_s_allsides_2,cross_section_1,frame_000070,,,unassigned,good,/home/sb/Harting_Inspection/data/raw/harting_Baseline-10E-M-s-allsides-2/harting_Baseline-10E-M-s-CrossSection-1
eb6fd1e67087ec34,/home/sb/Harting_Inspection/data/raw/harting_Baseline-10E-M-s-allsides-2/harting_Baseline-10E-M-s-CrossSection-1/frame_000071.jpg,harting_baseline_10e_m_s_allsides_2,cross_section_1,frame_000071,,,unassigned,good,/home/sb/Harting_Inspection/data/raw/harting_Baseline-10E-M-s-allsides-2/harting_Baseline-10E-M-s-CrossSection-1
a475b6555f15bbcc,/home/sb/Harting_Inspection/data/raw/harting_Baseline-10E-M-s-allsides-2/harting_Baseline-10E-M-s-CrossSection-1/frame_000072.jpg,harting_baseline_10e_m_s_allsides_2,cross_section_1,frame_000072,,,unassigned,good,/home/sb/Harting_Inspection/data/raw/harting_Baseline-10E-M-s-allsides-2/harting_Baseline-10E-M-s-CrossSection-1
47f5f35427cf6a0d,/home/sb/Harting_Inspection/data/raw/harting_Baseline-10E-M-s-allsides-2/harting_Baseline-10E-M-s-CrossSection-1/frame_000073.jpg,harting_baseline_10e_m_s_allsides_2,cross_section_1,frame_000073,,,unassigned,good,/home/sb/Harting_Inspection/data/raw/harting_Baseline-10E-M-s-allsides-2/harting_Baseline-10E-M-s-CrossSection-1
be6e87821dcad239,/home/sb/Harting_Inspection/data/raw/harting_Baseline-10E-M-s-allsides-2/harting_Baseline-10E-M-s-CrossSection-1/frame_000074.jpg,harting_baseline_10e_m_s_allsides_2,cross_section_1,frame_000074,,,unassigned,good,/home/sb/Harting_Inspection/data/raw/harting_Baseline-10E-M-s-allsides-2/harting_Baseline-10E-M-s-CrossSection-1
048eab494573786a,/home/sb/Harting_Inspection/data/raw/harting_Baseline-10E-M-s-allsides-2/harting_Baseline-10E-M-s-CrossSection-1/frame_000075.jpg,harting_baseline_10e_m_s_allsides_2,cross_section_1,frame_000075,,,unassigned,good,/home/sb/Harting_Inspection/data/raw/harting_Baseline-10E-M-s-allsides-2/harting_Baseline-10E-M-s-CrossSection-1
872d48a7eddfaf23,/home/sb/Harting_Inspection/data/raw/harting_Baseline-10E-M-s-allsides-2/harting_Baseline-10E-M-s-CrossSection-1/frame_000076.jpg,harting_baseline_10e_m_s_allsides_2,cross_section_1,frame_000076,,,unassigned,good,/home/sb/Harting_Inspection/data/raw/harting_Baseline-10E-M-s-allsides-2/harting_Baseline-10E-M-s-CrossSection-1
f70e73b654f1de6a,/home/sb/Harting_Inspection/data/raw/harting_Baseline-10E-M-s-allsides-2/harting_Baseline-10E-M-s-CrossSection-1/frame_000077.jpg,harting_baseline_10e_m_s_allsides_2,cross_section_1,frame_000077,,,unassigned,good,/home/sb/Harting_Inspection/data/raw/harting_Baseline-10E-M-s-allsides-2/harting_Baseline-10E-M-s-CrossSection-1
ed4252274cb72df4,/home/sb/Harting_Inspection/data/raw/harting_Baseline-10E-M-s-allsides-2/harting_Baseline-10E-M-s-CrossSection-1/frame_000078.jpg,harting_baseline_10e_m_s_allsides_2,cross_section_1,frame_000078,,,unassigned,good,/home/sb/Harting_Inspection/data/raw/harting_Baseline-10E-M-s-allsides-2/harting_Baseline-10E-M-s-CrossSection-1
9bbec74d6c701ab3,/home/sb/Harting_Inspection/data/raw/harting_Baseline-10E-M-s-allsides-2/harting_Baseline-10E-M-s-CrossSection-1/frame_000079.jpg,harting_baseline_10e_m_s_allsides_2,cross_section_1,frame_000079,,,unassigned,good,/home/sb/Harting_Inspection/data/raw/harting_Baseline-10E-M-s-allsides-2/harting_Baseline-10E-M-s-CrossSection-1
31da95a3f1be70a4,/home/sb/Harting_Inspection/data/raw/harting_Baseline-10E-M-s-allsides-2/harting_Baseline-10E-M-s-CrossSection-1/frame_000080.jpg,harting_baseline_10e_m_s_allsides_2,cross_section_1,frame_000080,,,unassigned,good,/home/sb/Harting_Inspection/data/raw/harting_Baseline-10E-M-s-allsides-2/harting_Baseline-10E-M-s-CrossSection-1
72779374dfc50178,/home/sb/Harting_Inspection/data/raw/harting_Baseline-10E-M-s-allsides-2/harting_Baseline-10E-M-s-CrossSection-1/frame_000081.jpg,harting_baseline_10e_m_s_allsides_2,cross_section_1,frame_000081,,,unassigned,good,/home/sb/Harting_Inspection/data/raw/harting_Baseline-10E-M-s-allsides-2/harting_Baseline-10E-M-s-CrossSection-1
7e62afdcd2926a45,/home/sb/Harting_Inspection/data/raw/harting_Baseline-10E-M-s-allsides-2/harting_Baseline-10E-M-s-CrossSection-1/frame_000082.jpg,harting_baseline_10e_m_s_allsides_2,cross_section_1,frame_000082,,,unassigned,good,/home/sb/Harting_Inspection/data/raw/harting_Baseline-10E-M-s-allsides-2/harting_Baseline-10E-M-s-CrossSection-1
ee8afb7ad8dd6814,/home/sb/Harting_Inspection/data/raw/harting_Baseline-10E-M-s-allsides-2/harting_Baseline-10E-M-s-CrossSection-1/frame_000083.jpg,harting_baseline_10e_m_s_allsides_2,cross_section_1,frame_000083,,,unassigned,good,/home/sb/Harting_Inspection/data/raw/harting_Baseline-10E-M-s-allsides-2/harting_Baseline-10E-M-s-CrossSection-1
9bde4d91a03a6d2f,/home/sb/Harting_Inspection/data/raw/harting_Baseline-10E-M-s-allsides-2/harting_Baseline-10E-M-s-CrossSection-1/frame_000084.jpg,harting_baseline_10e_m_s_allsides_2,cross_section_1,frame_000084,,,unassigned,good,/home/sb/Harting_Inspection/data/raw/harting_Baseline-10E-M-s-allsides-2/harting_Baseline-10E-M-s-CrossSection-1
bc88547c8134e773,/home/sb/Harting_Inspection/data/raw/harting_Baseline-10E-M-s-allsides-2/harting_Baseline-10E-M-s-CrossSection-1/frame_000085.jpg,harting_baseline_10e_m_s_allsides_2,cross_section_1,frame_000085,,,unassigned,good,/home/sb/Harting_Inspection/data/raw/harting_Baseline-10E-M-s-allsides-2/harting_Baseline-10E-M-s-CrossSection-1
758108c895999c3c,/home/sb/Harting_Inspection/data/raw/harting_Baseline-10E-M-s-allsides-2/harting_Baseline-10E-M-s-CrossSection-1/frame_000086.jpg,harting_baseline_10e_m_s_allsides_2,cross_section_1,frame_000086,,,unassigned,good,/home/sb/Harting_Inspection/data/raw/harting_Baseline-10E-M-s-allsides-2/harting_Baseline-10E-M-s-CrossSection-1
ba34146d62313737,/home/sb/Harting_Inspection/data/raw/harting_Baseline-10E-M-s-allsides-2/harting_Baseline-10E-M-s-CrossSection-1/frame_000087.jpg,harting_baseline_10e_m_s_allsides_2,cross_section_1,frame_000087,,,unassigned,good,/home/sb/Harting_Inspection/data/raw/harting_Baseline-10E-M-s-allsides-2/harting_Baseline-10E-M-s-CrossSection-1
2a9c2c69abd62dfb,/home/sb/Harting_Inspection/data/raw/harting_Baseline-10E-M-s-allsides-2/harting_Baseline-10E-M-s-CrossSection-1/frame_000088.jpg,harting_baseline_10e_m_s_allsides_2,cross_section_1,frame_000088,,,unassigned,good,/home/sb/Harting_Inspection/data/raw/harting_Baseline-10E-M-s-allsides-2/harting_Baseline-10E-M-s-CrossSection-1
21f992c8bc11363c,/home/sb/Harting_Inspection/data/raw/harting_Baseline-10E-M-s-allsides-2/harting_Baseline-10E-M-s-CrossSection-1/frame_000089.jpg,harting_baseline_10e_m_s_allsides_2,cross_section_1,frame_000089,,,unassigned,good,/home/sb/Harting_Inspection/data/raw/harting_Baseline-10E-M-s-allsides-2/harting_Baseline-10E-M-s-CrossSection-1
dca9e6881257e91c,/home/sb/Harting_Inspection/data/raw/harting_Baseline-10E-M-s-allsides-2/harting_Baseline-10E-M-s-CrossSection-1/frame_000090.jpg,harting_baseline_10e_m_s_allsides_2,cross_section_1,frame_000090,,,unassigned,good,/home/sb/Harting_Inspection/data/raw/harting_Baseline-10E-M-s-allsides-2/harting_Baseline-10E-M-s-CrossSection-1
ca70f3bff60d0c4c,/home/sb/Harting_Inspection/data/raw/harting_Baseline-10E-M-s-allsides-2/harting_Baseline-10E-M-s-CrossSection-1/frame_000091.jpg,harting_baseline_10e_m_s_allsides_2,cross_section_1,frame_000091,,,unassigned,good,/home/sb/Harting_Inspection/data/raw/harting_Baseline-10E-M-s-allsides-2/harting_Baseline-10E-M-s-CrossSection-1
7121bb787e351a2d,/home/sb/Harting_Inspection/data/raw/harting_Baseline-10E-M-s-allsides-2/harting_Baseline-10E-M-s-CrossSection-1/frame_000092.jpg,harting_baseline_10e_m_s_allsides_2,cross_section_1,frame_000092,,,unassigned,good,/home/sb/Harting_Inspection/data/raw/harting_Baseline-10E-M-s-allsides-2/harting_Baseline-10E-M-s-CrossSection-1
62f0e8b0fc689317,/home/sb/Harting_Inspection/data/raw/harting_Baseline-10E-M-s-allsides-2/harting_Baseline-10E-M-s-CrossSection-1/frame_000093.jpg,harting_baseline_10e_m_s_allsides_2,cross_section_1,frame_000093,,,unassigned,good,/home/sb/Harting_Inspection/data/raw/harting_Baseline-10E-M-s-allsides-2/harting_Baseline-10E-M-s-CrossSection-1
f4e77f8073a72431,/home/sb/Harting_Inspection/data/raw/harting_Baseline-10E-M-s-allsides-2/harting_Baseline-10E-M-s-CrossSection-1/frame_000094.jpg,harting_baseline_10e_m_s_allsides_2,cross_section_1,frame_000094,,,unassigned,good,/home/sb/Harting_Inspection/data/raw/harting_Baseline-10E-M-s-allsides-2/harting_Baseline-10E-M-s-CrossSection-1
f58e4c62f7aa4abb,/home/sb/Harting_Inspection/data/raw/harting_Baseline-10E-M-s-allsides-2/harting_Baseline-10E-M-s-CrossSection-1/frame_000095.jpg,harting_baseline_10e_m_s_allsides_2,cross_section_1,frame_000095,,,unassigned,good,/home/sb/Harting_Inspection/data/raw/harting_Baseline-10E-M-s-allsides-2/harting_Baseline-10E-M-s-CrossSection-1
3627f126d1318466,/home/sb/Harting_Inspection/data/raw/harting_Baseline-10E-M-s-allsides-2/harting_Baseline-10E-M-s-CrossSection-1/frame_000096.jpg,harting_baseline_10e_m_s_allsides_2,cross_section_1,frame_000096,,,unassigned,good,/home/sb/Harting_Inspection/data/raw/harting_Baseline-10E-M-s-allsides-2/harting_Baseline-10E-M-s-CrossSection-1
f5663a0da039a892,/home/sb/Harting_Inspection/data/raw/harting_Baseline-10E-M-s-allsides-2/harting_Baseline-10E-M-s-CrossSection-1/frame_000097.jpg,harting_baseline_10e_m_s_allsides_2,cross_section_1,frame_000097,,,unassigned,good,/home/sb/Harting_Inspection/data/raw/harting_Baseline-10E-M-s-allsides-2/harting_Baseline-10E-M-s-CrossSection-1
7c44f0451e463628,/home/sb/Harting_Inspection/data/raw/harting_Baseline-10E-M-s-allsides-2/harting_Baseline-10E-M-s-CrossSection-1/frame_000098.jpg,harting_baseline_10e_m_s_allsides_2,cross_section_1,frame_000098,,,unassigned,good,/home/sb/Harting_Inspection/data/raw/harting_Baseline-10E-M-s-allsides-2/harting_Baseline-10E-M-s-CrossSection-1
8b87edb60680695d,/home/sb/Harting_Inspection/data/raw/harting_Baseline-10E-M-s-allsides-2/harting_Baseline-10E-M-s-CrossSection-1/frame_000099.jpg,harting_baseline_10e_m_s_allsides_2,cross_section_1,frame_000099,,,unassigned,good,/home/sb/Harting_Inspection/data/raw/harting_Baseline-10E-M-s-allsides-2/harting_Baseline-10E-M-s-CrossSection-1
ded6354f18ac75f0,/home/sb/Harting_Inspection/data/raw/harting_Baseline-10E-M-s-allsides-2/harting_Baseline-10E-M-s-CrossSection-1/frame_000100.jpg,harting_baseline_10e_m_s_allsides_2,cross_section_1,frame_000100,,,unassigned,good,/home/sb/Harting_Inspection/data/raw/harting_Baseline-10E-M-s-allsides-2/harting_Baseline-10E-M-s-CrossSection-1
d6be019e56ec1aa8,/home/sb/Harting_Inspection/data/raw/harting_Baseline-10E-M-s-allsides-2/harting_Baseline-10E-M-s-CrossSection-1/frame_000101.jpg,harting_baseline_10e_m_s_allsides_2,cross_section_1,frame_000101,,,unassigned,good,/home/sb/Harting_Inspection/data/raw/harting_Baseline-10E-M-s-allsides-2/harting_Baseline-10E-M-s-CrossSection-1
f10b32176aec681d,/home/sb/Harting_Inspection/data/raw/harting_Baseline-10E-M-s-allsides-2/harting_Baseline-10E-M-s-CrossSection-1/frame_000102.jpg,harting_baseline_10e_m_s_allsides_2,cross_section_1,frame_000102,,,unassigned,good,/home/sb/Harting_Inspection/data/raw/harting_Baseline-10E-M-s-allsides-2/harting_Baseline-10E-M-s-CrossSection-1
20079a6dbcada11c,/home/sb/Harting_Inspection/data/raw/harting_Baseline-10E-M-s-allsides-2/harting_Baseline-10E-M-s-CrossSection-1/frame_000103.jpg,harting_baseline_10e_m_s_allsides_2,cross_section_1,frame_000103,,,unassigned,good,/home/sb/Harting_Inspection/data/raw/harting_Baseline-10E-M-s-allsides-2/harting_Baseline-10E-M-s-CrossSection-1
7b969c1d2a24dee2,/home/sb/Harting_Inspection/data/raw/harting_Baseline-10E-M-s-allsides-2/harting_Baseline-10E-M-s-CrossSection-1/frame_000104.jpg,harting_baseline_10e_m_s_allsides_2,cross_section_1,frame_000104,,,unassigned,good,/home/sb/Harting_Inspection/data/raw/harting_Baseline-10E-M-s-allsides-2/harting_Baseline-10E-M-s-CrossSection-1
f93342cb208c91b7,/home/sb/Harting_Inspection/data/raw/harting_Baseline-10E-M-s-allsides-2/harting_Baseline-10E-M-s-CrossSection-1/frame_000105.jpg,harting_baseline_10e_m_s_allsides_2,cross_section_1,frame_000105,,,unassigned,good,/home/sb/Harting_Inspection/data/raw/harting_Baseline-10E-M-s-allsides-2/harting_Baseline-10E-M-s-CrossSection-1
10bdca6057180bfb,/home/sb/Harting_Inspection/data/raw/harting_Baseline-10E-M-s-allsides-2/harting_Baseline-10E-M-s-CrossSection-1/frame_000106.jpg,harting_baseline_10e_m_s_allsides_2,cross_section_1,frame_000106,,,unassigned,good,/home/sb/Harting_Inspection/data/raw/harting_Baseline-10E-M-s-allsides-2/harting_Baseline-10E-M-s-CrossSection-1
3a9e62161fcc5515,/home/sb/Harting_Inspection/data/raw/harting_Baseline-10E-M-s-allsides-2/harting_Baseline-10E-M-s-CrossSection-1/frame_000107.jpg,harting_baseline_10e_m_s_allsides_2,cross_section_1,frame_000107,,,unassigned,good,/home/sb/Harting_Inspection/data/raw/harting_Baseline-10E-M-s-allsides-2/harting_Baseline-10E-M-s-CrossSection-1
80b2df6cada18c1a,/home/sb/Harting_Inspection/data/raw/harting_Baseline-10E-M-s-allsides-2/harting_Baseline-10E-M-s-CrossSection-1/frame_000108.jpg,harting_baseline_10e_m_s_allsides_2,cross_section_1,frame_000108,,,unassigned,good,/home/sb/Harting_Inspection/data/raw/harting_Baseline-10E-M-s-allsides-2/harting_Baseline-10E-M-s-CrossSection-1
b45861b47757853f,/home/sb/Harting_Inspection/data/raw/harting_Baseline-10E-M-s-allsides-2/harting_Baseline-10E-M-s-CrossSection-1/frame_000109.jpg,harting_baseline_10e_m_s_allsides_2,cross_section_1,frame_000109,,,unassigned,good,/home/sb/Harting_Inspection/data/raw/harting_Baseline-10E-M-s-allsides-2/harting_Baseline-10E-M-s-CrossSection-1
52f43aaeafad91f5,/home/sb/Harting_Inspection/data/raw/harting_Baseline-10E-M-s-allsides-2/harting_Baseline-10E-M-s-CrossSection-1/frame_000110.jpg,harting_baseline_10e_m_s_allsides_2,cross_section_1,frame_000110,,,unassigned,good,/home/sb/Harting_Inspection/data/raw/harting_Baseline-10E-M-s-allsides-2/harting_Baseline-10E-M-s-CrossSection-1
985c3ee6c6ef006a,/home/sb/Harting_Inspection/data/raw/harting_Baseline-10E-M-s-allsides-2/harting_Baseline-10E-M-s-CrossSection-1/frame_000111.jpg,harting_baseline_10e_m_s_allsides_2,cross_section_1,frame_000111,,,unassigned,good,/home/sb/Harting_Inspection/data/raw/harting_Baseline-10E-M-s-allsides-2/harting_Baseline-10E-M-s-CrossSection-1
d6ac4b405f86bc36,/home/sb/Harting_Inspection/data/raw/harting_Baseline-10E-M-s-allsides-2/harting_Baseline-10E-M-s-CrossSection-1/frame_000112.jpg,harting_baseline_10e_m_s_allsides_2,cross_section_1,frame_000112,,,unassigned,good,/home/sb/Harting_Inspection/data/raw/harting_Baseline-10E-M-s-allsides-2/harting_Baseline-10E-M-s-CrossSection-1
833c8b3cd529d6a7,/home/sb/Harting_Inspection/data/raw/harting_Baseline-10E-M-s-allsides-2/harting_Baseline-10E-M-s-CrossSection-1/frame_000113.jpg,harting_baseline_10e_m_s_allsides_2,cross_section_1,frame_000113,,,unassigned,good,/home/sb/Harting_Inspection/data/raw/harting_Baseline-10E-M-s-allsides-2/harting_Baseline-10E-M-s-CrossSection-1
3053296b5b1a67a3,/home/sb/Harting_Inspection/data/raw/harting_Baseline-10E-M-s-allsides-2/harting_Baseline-10E-M-s-CrossSection-1/frame_000114.jpg,harting_baseline_10e_m_s_allsides_2,cross_section_1,frame_000114,,,unassigned,good,/home/sb/Harting_Inspection/data/raw/harting_Baseline-10E-M-s-allsides-2/harting_Baseline-10E-M-s-CrossSection-1
d20a76aad6cff30b,/home/sb/Harting_Inspection/data/raw/harting_Baseline-10E-M-s-allsides-2/harting_Baseline-10E-M-s-CrossSection-1/frame_000115.jpg,harting_baseline_10e_m_s_allsides_2,cross_section_1,frame_000115,,,unassigned,good,/home/sb/Harting_Inspection/data/raw/harting_Baseline-10E-M-s-allsides-2/harting_Baseline-10E-M-s-CrossSection-1
0a0de9e9c80e18b2,/home/sb/Harting_Inspection/data/raw/harting_Baseline-10E-M-s-allsides-2/harting_Baseline-10E-M-s-CrossSection-1/frame_000116.jpg,harting_baseline_10e_m_s_allsides_2,cross_section_1,frame_000116,,,unassigned,good,/home/sb/Harting_Inspection/data/raw/harting_Baseline-10E-M-s-allsides-2/harting_Baseline-10E-M-s-CrossSection-1
97b277b84f4170e6,/home/sb/Harting_Inspection/data/raw/harting_Baseline-10E-M-s-allsides-2/harting_Baseline-10E-M-s-CrossSection-1/frame_000117.jpg,harting_baseline_10e_m_s_allsides_2,cross_section_1,frame_000117,,,unassigned,good,/home/sb/Harting_Inspection/data/raw/harting_Baseline-10E-M-s-allsides-2/harting_Baseline-10E-M-s-CrossSection-1
4f6d81ce313b1b3b,/home/sb/Harting_Inspection/data/raw/harting_Baseline-10E-M-s-allsides-2/harting_Baseline-10E-M-s-CrossSection-1/frame_000118.jpg,harting_baseline_10e_m_s_allsides_2,cross_section_1,frame_000118,,,unassigned,good,/home/sb/Harting_Inspection/data/raw/harting_Baseline-10E-M-s-allsides-2/harting_Baseline-10E-M-s-CrossSection-1
f81771f665edaeb2,/home/sb/Harting_Inspection/data/raw/harting_Baseline-10E-M-s-allsides-2/harting_Baseline-10E-M-s-CrossSection-1/frame_000119.jpg,harting_baseline_10e_m_s_allsides_2,cross_section_1,frame_000119,,,unassigned,good,/home/sb/Harting_Inspection/data/raw/harting_Baseline-10E-M-s-allsides-2/harting_Baseline-10E-M-s-CrossSection-1
81c05afed112d123,/home/sb/Harting_Inspection/data/raw/harting_Baseline-10E-M-s-allsides-2/harting_Baseline-10E-M-s-CrossSection-1/frame_000120.jpg,harting_baseline_10e_m_s_allsides_2,cross_section_1,frame_000120,,,unassigned,good,/home/sb/Harting_Inspection/data/raw/harting_Baseline-10E-M-s-allsides-2/harting_Baseline-10E-M-s-CrossSection-1
2edfc80610655222,/home/sb/Harting_Inspection/data/raw/harting_Baseline-10E-M-s-allsides-2/harting_Baseline-10E-M-s-CrossSection-1/frame_000121.jpg,harting_baseline_10e_m_s_allsides_2,cross_section_1,frame_000121,,,unassigned,good,/home/sb/Harting_Inspection/data/raw/harting_Baseline-10E-M-s-allsides-2/harting_Baseline-10E-M-s-CrossSection-1
c062fc66de1411b7,/home/sb/Harting_Inspection/data/raw/harting_Baseline-10E-M-s-allsides-2/harting_Baseline-10E-M-s-CrossSection-1/frame_000122.jpg,harting_baseline_10e_m_s_allsides_2,cross_section_1,frame_000122,,,unassigned,good,/home/sb/Harting_Inspection/data/raw/harting_Baseline-10E-M-s-allsides-2/harting_Baseline-10E-M-s-CrossSection-1
84cd2712756ad67f,/home/sb/Harting_Inspection/data/raw/harting_Baseline-10E-M-s-allsides-2/harting_Baseline-10E-M-s-CrossSection-1/frame_000123.jpg,harting_baseline_10e_m_s_allsides_2,cross_section_1,frame_000123,,,unassigned,good,/home/sb/Harting_Inspection/data/raw/harting_Baseline-10E-M-s-allsides-2/harting_Baseline-10E-M-s-CrossSection-1
1cecfbc3c951c24a,/home/sb/Harting_Inspection/data/raw/harting_Baseline-10E-M-s-allsides-2/harting_Baseline-10E-M-s-CrossSection-1/frame_000124.jpg,harting_baseline_10e_m_s_allsides_2,cross_section_1,frame_000124,,,unassigned,good,/home/sb/Harting_Inspection/data/raw/harting_Baseline-10E-M-s-allsides-2/harting_Baseline-10E-M-s-CrossSection-1
92b39d1245d2d8b0,/home/sb/Harting_Inspection/data/raw/harting_Baseline-10E-M-s-allsides-2/harting_Baseline-10E-M-s-CrossSection-1/frame_000125.jpg,harting_baseline_10e_m_s_allsides_2,cross_section_1,frame_000125,,,unassigned,good,/home/sb/Harting_Inspection/data/raw/harting_Baseline-10E-M-s-allsides-2/harting_Baseline-10E-M-s-CrossSection-1
b174101abab8beb9,/home/sb/Harting_Inspection/data/raw/harting_Baseline-10E-M-s-allsides-2/harting_Baseline-10E-M-s-CrossSection-1/frame_000126.jpg,harting_baseline_10e_m_s_allsides_2,cross_section_1,frame_000126,,,unassigned,good,/home/sb/Harting_Inspection/data/raw/harting_Baseline-10E-M-s-allsides-2/harting_Baseline-10E-M-s-CrossSection-1
1de39e12a10a8347,/home/sb/Harting_Inspection/data/raw/harting_Baseline-10E-M-s-allsides-2/harting_Baseline-10E-M-s-CrossSection-1/frame_000127.jpg,harting_baseline_10e_m_s_allsides_2,cross_section_1,frame_000127,,,unassigned,good,/home/sb/Harting_Inspection/data/raw/harting_Baseline-10E-M-s-allsides-2/harting_Baseline-10E-M-s-CrossSection-1
98cc9c50afabf7c1,/home/sb/Harting_Inspection/data/raw/harting_Baseline-10E-M-s-allsides-2/harting_Baseline-10E-M-s-CrossSection-1/frame_000128.jpg,harting_baseline_10e_m_s_allsides_2,cross_section_1,frame_000128,,,unassigned,good,/home/sb/Harting_Inspection/data/raw/harting_Baseline-10E-M-s-allsides-2/harting_Baseline-10E-M-s-CrossSection-1
64f378a68022d103,/home/sb/Harting_Inspection/data/raw/harting_Baseline-10E-M-s-allsides-2/harting_Baseline-10E-M-s-CrossSection-1/frame_000129.jpg,harting_baseline_10e_m_s_allsides_2,cross_section_1,frame_000129,,,unassigned,good,/home/sb/Harting_Inspection/data/raw/harting_Baseline-10E-M-s-allsides-2/harting_Baseline-10E-M-s-CrossSection-1
36687411c016d76c,/home/sb/Harting_Inspection/data/raw/harting_Baseline-10E-M-s-allsides-2/harting_Baseline-10E-M-s-CrossSection-1/frame_000130.jpg,harting_baseline_10e_m_s_allsides_2,cross_section_1,frame_000130,,,unassigned,good,/home/sb/Harting_Inspection/data/raw/harting_Baseline-10E-M-s-allsides-2/harting_Baseline-10E-M-s-CrossSection-1
779b0dc34cd7d486,/home/sb/Harting_Inspection/data/raw/harting_Baseline-10E-M-s-allsides-2/harting_Baseline-10E-M-s-CrossSection-1/frame_000131.jpg,harting_baseline_10e_m_s_allsides_2,cross_section_1,frame_000131,,,unassigned,good,/home/sb/Harting_Inspection/data/raw/harting_Baseline-10E-M-s-allsides-2/harting_Baseline-10E-M-s-CrossSection-1
e821b56aefc0b5cc,/home/sb/Harting_Inspection/data/raw/harting_Baseline-10E-M-s-allsides-2/harting_Baseline-10E-M-s-CrossSection-1/frame_000132.jpg,harting_baseline_10e_m_s_allsides_2,cross_section_1,frame_000132,,,unassigned,good,/home/sb/Harting_Inspection/data/raw/harting_Baseline-10E-M-s-allsides-2/harting_Baseline-10E-M-s-CrossSection-1
093effa86542d0d7,/home/sb/Harting_Inspection/data/raw/harting_Baseline-10E-M-s-allsides-2/harting_Baseline-10E-M-s-CrossSection-1/frame_000133.jpg,harting_baseline_10e_m_s_allsides_2,cross_section_1,frame_000133,,,unassigned,good,/home/sb/Harting_Inspection/data/raw/harting_Baseline-10E-M-s-allsides-2/harting_Baseline-10E-M-s-CrossSection-1
0793467f7e6e473c,/home/sb/Harting_Inspection/data/raw/harting_Baseline-10E-M-s-allsides-2/harting_Baseline-10E-M-s-CrossSection-1/frame_000134.jpg,harting_baseline_10e_m_s_allsides_2,cross_section_1,frame_000134,,,unassigned,good,/home/sb/Harting_Inspection/data/raw/harting_Baseline-10E-M-s-allsides-2/harting_Baseline-10E-M-s-CrossSection-1
e26f6beab4d95d53,/home/sb/Harting_Inspection/data/raw/harting_Baseline-10E-M-s-allsides-2/harting_Baseline-10E-M-s-CrossSection-1/frame_000135.jpg,harting_baseline_10e_m_s_allsides_2,cross_section_1,frame_000135,,,unassigned,good,/home/sb/Harting_Inspection/data/raw/harting_Baseline-10E-M-s-allsides-2/harting_Baseline-10E-M-s-CrossSection-1
84bb2eff7c6b79b9,/home/sb/Harting_Inspection/data/raw/harting_Baseline-10E-M-s-allsides-2/harting_Baseline-10E-M-s-CrossSection-1/frame_000136.jpg,harting_baseline_10e_m_s_allsides_2,cross_section_1,frame_000136,,,unassigned,good,/home/sb/Harting_Inspection/data/raw/harting_Baseline-10E-M-s-allsides-2/harting_Baseline-10E-M-s-CrossSection-1
fed566459b5f275d,/home/sb/Harting_Inspection/data/raw/harting_Baseline-10E-M-s-allsides-2/harting_Baseline-10E-M-s-CrossSection-1/frame_000137.jpg,harting_baseline_10e_m_s_allsides_2,cross_section_1,frame_000137,,,unassigned,good,/home/sb/Harting_Inspection/data/raw/harting_Baseline-10E-M-s-allsides-2/harting_Baseline-10E-M-s-CrossSection-1
7f465da3b26b156d,/home/sb/Harting_Inspection/data/raw/harting_Baseline-10E-M-s-allsides-2/harting_Baseline-10E-M-s-CrossSection-1/frame_000138.jpg,harting_baseline_10e_m_s_allsides_2,cross_section_1,frame_000138,,,unassigned,good,/home/sb/Harting_Inspection/data/raw/harting_Baseline-10E-M-s-allsides-2/harting_Baseline-10E-M-s-CrossSection-1
58369eb1c3149cd9,/home/sb/Harting_Inspection/data/raw/harting_Baseline-10E-M-s-allsides-2/harting_Baseline-10E-M-s-CrossSection-1/frame_000139.jpg,harting_baseline_10e_m_s_allsides_2,cross_section_1,frame_000139,,,unassigned,good,/home/sb/Harting_Inspection/data/raw/harting_Baseline-10E-M-s-allsides-2/harting_Baseline-10E-M-s-CrossSection-1
834c87577f988796,/home/sb/Harting_Inspection/data/raw/harting_Baseline-10E-M-s-allsides-2/harting_Baseline-10E-M-s-CrossSection-1/frame_000140.jpg,harting_baseline_10e_m_s_allsides_2,cross_section_1,frame_000140,,,unassigned,good,/home/sb/Harting_Inspection/data/raw/harting_Baseline-10E-M-s-allsides-2/harting_Baseline-10E-M-s-CrossSection-1
91a00dd4f7246fff,/home/sb/Harting_Inspection/data/raw/harting_Baseline-10E-M-s-allsides-2/harting_Baseline-10E-M-s-CrossSection-1/frame_000141.jpg,harting_baseline_10e_m_s_allsides_2,cross_section_1,frame_000141,,,unassigned,good,/home/sb/Harting_Inspection/data/raw/harting_Baseline-10E-M-s-allsides-2/harting_Baseline-10E-M-s-CrossSection-1
b0c46c46c24a4b47,/home/sb/Harting_Inspection/data/raw/harting_Baseline-10E-M-s-allsides-2/harting_Baseline-10E-M-s-CrossSection-1/frame_000142.jpg,harting_baseline_10e_m_s_allsides_2,cross_section_1,frame_000142,,,unassigned,good,/home/sb/Harting_Inspection/data/raw/harting_Baseline-10E-M-s-allsides-2/harting_Baseline-10E-M-s-CrossSection-1
80f5d00c89a82503,/home/sb/Harting_Inspection/data/raw/harting_Baseline-10E-M-s-allsides-2/harting_Baseline-10E-M-s-CrossSection-1/frame_000143.jpg,harting_baseline_10e_m_s_allsides_2,cross_section_1,frame_000143,,,unassigned,good,/home/sb/Harting_Inspection/data/raw/harting_Baseline-10E-M-s-allsides-2/harting_Baseline-10E-M-s-CrossSection-1
37f4f447fdc3aa9c,/home/sb/Harting_Inspection/data/raw/harting_Baseline-10E-M-s-allsides-2/harting_Baseline-10E-M-s-CrossSection-1/frame_000144.jpg,harting_baseline_10e_m_s_allsides_2,cross_section_1,frame_000144,,,unassigned,good,/home/sb/Harting_Inspection/data/raw/harting_Baseline-10E-M-s-allsides-2/harting_Baseline-10E-M-s-CrossSection-1
ed80af344b58285d,/home/sb/Harting_Inspection/data/raw/harting_Baseline-10E-M-s-allsides-2/harting_Baseline-10E-M-s-CrossSection-1/frame_000145.jpg,harting_baseline_10e_m_s_allsides_2,cross_section_1,frame_000145,,,unassigned,good,/home/sb/Harting_Inspection/data/raw/harting_Baseline-10E-M-s-allsides-2/harting_Baseline-10E-M-s-CrossSection-1
8c565de0c912299f,/home/sb/Harting_Inspection/data/raw/harting_Baseline-10E-M-s-allsides-2/harting_Baseline-10E-M-s-CrossSection-1/frame_000146.jpg,harting_baseline_10e_m_s_allsides_2,cross_section_1,frame_000146,,,unassigned,good,/home/sb/Harting_Inspection/data/raw/harting_Baseline-10E-M-s-allsides-2/harting_Baseline-10E-M-s-CrossSection-1
ade11fe1261ec659,/home/sb/Harting_Inspection/data/raw/harting_Baseline-10E-M-s-allsides-2/harting_Baseline-10E-M-s-CrossSection-1/frame_000147.jpg,harting_baseline_10e_m_s_allsides_2,cross_section_1,frame_000147,,,unassigned,good,/home/sb/Harting_Inspection/data/raw/harting_Baseline-10E-M-s-allsides-2/harting_Baseline-10E-M-s-CrossSection-1
b354ab92262056bf,/home/sb/Harting_Inspection/data/raw/harting_Baseline-10E-M-s-allsides-2/harting_Baseline-10E-M-s-CrossSection-1/frame_000148.jpg,harting_baseline_10e_m_s_allsides_2,cross_section_1,frame_000148,,,unassigned,good,/home/sb/Harting_Inspection/data/raw/harting_Baseline-10E-M-s-allsides-2/harting_Baseline-10E-M-s-CrossSection-1
629036b46f9d803e,/home/sb/Harting_Inspection/data/raw/harting_Baseline-10E-M-s-allsides-2/harting_Baseline-10E-M-s-CrossSection-1/frame_000149.jpg,harting_baseline_10e_m_s_allsides_2,cross_section_1,frame_000149,,,unassigned,good,/home/sb/Harting_Inspection/data/raw/harting_Baseline-10E-M-s-allsides-2/harting_Baseline-10E-M-s-CrossSection-1
13302d1129b904dd,/home/sb/Harting_Inspection/data/raw/harting_Baseline-10E-M-s-allsides-2/harting_Baseline-10E-M-s-CrossSection-1/frame_000150.jpg,harting_baseline_10e_m_s_allsides_2,cross_section_1,frame_000150,,,unassigned,good,/home/sb/Harting_Inspection/data/raw/harting_Baseline-10E-M-s-allsides-2/harting_Baseline-10E-M-s-CrossSection-1
981d20fd353d7f94,/home/sb/Harting_Inspection/data/raw/harting_Baseline-10E-M-s-allsides-2/harting_Baseline-10E-M-s-CrossSection-1/frame_000151.jpg,harting_baseline_10e_m_s_allsides_2,cross_section_1,frame_000151,,,unassigned,good,/home/sb/Harting_Inspection/data/raw/harting_Baseline-10E-M-s-allsides-2/harting_Baseline-10E-M-s-CrossSection-1
bf3e764a627f0c5c,/home/sb/Harting_Inspection/data/raw/harting_Baseline-10E-M-s-allsides-2/harting_Baseline-10E-M-s-CrossSection-1/frame_000152.jpg,harting_baseline_10e_m_s_allsides_2,cross_section_1,frame_000152,,,unassigned,good,/home/sb/Harting_Inspection/data/raw/harting_Baseline-10E-M-s-allsides-2/harting_Baseline-10E-M-s-CrossSection-1
b58620ccb4dcfe18,/home/sb/Harting_Inspection/data/raw/harting_Baseline-10E-M-s-allsides-2/harting_Baseline-10E-M-s-CrossSection-1/frame_000153.jpg,harting_baseline_10e_m_s_allsides_2,cross_section_1,frame_000153,,,unassigned,good,/home/sb/Harting_Inspection/data/raw/harting_Baseline-10E-M-s-allsides-2/harting_Baseline-10E-M-s-CrossSection-1
2a9f3df25a7d2291,/home/sb/Harting_Inspection/data/raw/harting_Baseline-10E-M-s-allsides-2/harting_Baseline-10E-M-s-CrossSection-1/frame_000154.jpg,harting_baseline_10e_m_s_allsides_2,cross_section_1,frame_000154,,,unassigned,good,/home/sb/Harting_Inspection/data/raw/harting_Baseline-10E-M-s-allsides-2/harting_Baseline-10E-M-s-CrossSection-1
44860d81c4c5c52e,/home/sb/Harting_Inspection/data/raw/harting_Baseline-10E-M-s-allsides-2/harting_Baseline-10E-M-s-CrossSection-1/frame_000155.jpg,harting_baseline_10e_m_s_allsides_2,cross_section_1,frame_000155,,,unassigned,good,/home/sb/Harting_Inspection/data/raw/harting_Baseline-10E-M-s-allsides-2/harting_Baseline-10E-M-s-CrossSection-1
b48d71ca85570f1b,/home/sb/Harting_Inspection/data/raw/harting_Baseline-10E-M-s-allsides-2/harting_Baseline-10E-M-s-CrossSection-1/frame_000156.jpg,harting_baseline_10e_m_s_allsides_2,cross_section_1,frame_000156,,,unassigned,good,/home/sb/Harting_Inspection/data/raw/harting_Baseline-10E-M-s-allsides-2/harting_Baseline-10E-M-s-CrossSection-1
6877cea6d0ade475,/home/sb/Harting_Inspection/data/raw/harting_Baseline-10E-M-s-allsides-2/harting_Baseline-10E-M-s-CrossSection-1/frame_000157.jpg,harting_baseline_10e_m_s_allsides_2,cross_section_1,frame_000157,,,unassigned,good,/home/sb/Harting_Inspection/data/raw/harting_Baseline-10E-M-s-allsides-2/harting_Baseline-10E-M-s-CrossSection-1
32cb5aa4a796eac5,/home/sb/Harting_Inspection/data/raw/harting_Baseline-10E-M-s-allsides-2/harting_Baseline-10E-M-s-CrossSection-1/frame_000158.jpg,harting_baseline_10e_m_s_allsides_2,cross_section_1,frame_000158,,,unassigned,good,/home/sb/Harting_Inspection/data/raw/harting_Baseline-10E-M-s-allsides-2/harting_Baseline-10E-M-s-CrossSection-1
2270a41e255d5c97,/home/sb/Harting_Inspection/data/raw/harting_Baseline-10E-M-s-allsides-2/harting_Baseline-10E-M-s-CrossSection-1/frame_000159.jpg,harting_baseline_10e_m_s_allsides_2,cross_section_1,frame_000159,,,unassigned,good,/home/sb/Harting_Inspection/data/raw/harting_Baseline-10E-M-s-allsides-2/harting_Baseline-10E-M-s-CrossSection-1
716358857a034605,/home/sb/Harting_Inspection/data/raw/harting_Baseline-10E-M-s-allsides-2/harting_Baseline-10E-M-s-CrossSection-1/frame_000160.jpg,harting_baseline_10e_m_s_allsides_2,cross_section_1,frame_000160,,,unassigned,good,/home/sb/Harting_Inspection/data/raw/harting_Baseline-10E-M-s-allsides-2/harting_Baseline-10E-M-s-CrossSection-1
8790d923acdbad3d,/home/sb/Harting_Inspection/data/raw/harting_Baseline-10E-M-s-allsides-2/harting_Baseline-10E-M-s-CrossSection-1/frame_000161.jpg,harting_baseline_10e_m_s_allsides_2,cross_section_1,frame_000161,,,unassigned,good,/home/sb/Harting_Inspection/data/raw/harting_Baseline-10E-M-s-allsides-2/harting_Baseline-10E-M-s-CrossSection-1
efd17eecfa130c93,/home/sb/Harting_Inspection/data/raw/harting_Baseline-10E-M-s-allsides-2/harting_Baseline-10E-M-s-CrossSection-1/frame_000162.jpg,harting_baseline_10e_m_s_allsides_2,cross_section_1,frame_000162,,,unassigned,good,/home/sb/Harting_Inspection/data/raw/harting_Baseline-10E-M-s-allsides-2/harting_Baseline-10E-M-s-CrossSection-1
7dab411163939a52,/home/sb/Harting_Inspection/data/raw/harting_Baseline-10E-M-s-allsides-2/harting_Baseline-10E-M-s-CrossSection-1/frame_000163.jpg,harting_baseline_10e_m_s_allsides_2,cross_section_1,frame_000163,,,unassigned,good,/home/sb/Harting_Inspection/data/raw/harting_Baseline-10E-M-s-allsides-2/harting_Baseline-10E-M-s-CrossSection-1
c7936c4589e00d53,/home/sb/Harting_Inspection/data/raw/harting_Baseline-10E-M-s-allsides-2/harting_Baseline-10E-M-s-CrossSection-1/frame_000164.jpg,harting_baseline_10e_m_s_allsides_2,cross_section_1,frame_000164,,,unassigned,good,/home/sb/Harting_Inspection/data/raw/harting_Baseline-10E-M-s-allsides-2/harting_Baseline-10E-M-s-CrossSection-1
a357b5bb4b14f8ce,/home/sb/Harting_Inspection/data/raw/harting_Baseline-10E-M-s-allsides-2/harting_Baseline-10E-M-s-CrossSection-1/frame_000165.jpg,harting_baseline_10e_m_s_allsides_2,cross_section_1,frame_000165,,,unassigned,good,/home/sb/Harting_Inspection/data/raw/harting_Baseline-10E-M-s-allsides-2/harting_Baseline-10E-M-s-CrossSection-1
351eb69d631fd203,/home/sb/Harting_Inspection/data/raw/harting_Baseline-10E-M-s-allsides-2/harting_Baseline-10E-M-s-CrossSection-1/frame_000166.jpg,harting_baseline_10e_m_s_allsides_2,cross_section_1,frame_000166,,,unassigned,good,/home/sb/Harting_Inspection/data/raw/harting_Baseline-10E-M-s-allsides-2/harting_Baseline-10E-M-s-CrossSection-1
4285dbef6590f236,/home/sb/Harting_Inspection/data/raw/harting_Baseline-10E-M-s-allsides-2/harting_Baseline-10E-M-s-CrossSection-1/frame_000167.jpg,harting_baseline_10e_m_s_allsides_2,cross_section_1,frame_000167,,,unassigned,good,/home/sb/Harting_Inspection/data/raw/harting_Baseline-10E-M-s-allsides-2/harting_Baseline-10E-M-s-CrossSection-1
cbc522fd96e01c2a,/home/sb/Harting_Inspection/data/raw/harting_Baseline-10E-M-s-allsides-2/harting_Baseline-10E-M-s-CrossSection-1/frame_000168.jpg,harting_baseline_10e_m_s_allsides_2,cross_section_1,frame_000168,,,unassigned,good,/home/sb/Harting_Inspection/data/raw/harting_Baseline-10E-M-s-allsides-2/harting_Baseline-10E-M-s-CrossSection-1
39fce5d640599f9a,/home/sb/Harting_Inspection/data/raw/harting_Baseline-10E-M-s-allsides-2/harting_Baseline-10E-M-s-CrossSection-1/frame_000169.jpg,harting_baseline_10e_m_s_allsides_2,cross_section_1,frame_000169,,,unassigned,good,/home/sb/Harting_Inspection/data/raw/harting_Baseline-10E-M-s-allsides-2/harting_Baseline-10E-M-s-CrossSection-1
6a49db964ce078cd,/home/sb/Harting_Inspection/data/raw/harting_Baseline-10E-M-s-allsides-2/harting_Baseline-10E-M-s-CrossSection-1/frame_000170.jpg,harting_baseline_10e_m_s_allsides_2,cross_section_1,frame_000170,,,unassigned,good,/home/sb/Harting_Inspection/data/raw/harting_Baseline-10E-M-s-allsides-2/harting_Baseline-10E-M-s-CrossSection-1
16662f35f20d6908,/home/sb/Harting_Inspection/data/raw/harting_Baseline-10E-M-s-allsides-2/harting_Baseline-10E-M-s-CrossSection-1/frame_000171.jpg,harting_baseline_10e_m_s_allsides_2,cross_section_1,frame_000171,,,unassigned,good,/home/sb/Harting_Inspection/data/raw/harting_Baseline-10E-M-s-allsides-2/harting_Baseline-10E-M-s-CrossSection-1
178d88fcc11ac75d,/home/sb/Harting_Inspection/data/raw/harting_Baseline-10E-M-s-allsides-2/harting_Baseline-10E-M-s-CrossSection-1/frame_000172.jpg,harting_baseline_10e_m_s_allsides_2,cross_section_1,frame_000172,,,unassigned,good,/home/sb/Harting_Inspection/data/raw/harting_Baseline-10E-M-s-allsides-2/harting_Baseline-10E-M-s-CrossSection-1
5b4b308410408d81,/home/sb/Harting_Inspection/data/raw/harting_Baseline-10E-M-s-allsides-2/harting_Baseline-10E-M-s-CrossSection-1/frame_000173.jpg,harting_baseline_10e_m_s_allsides_2,cross_section_1,frame_000173,,,unassigned,good,/home/sb/Harting_Inspection/data/raw/harting_Baseline-10E-M-s-allsides-2/harting_Baseline-10E-M-s-CrossSection-1
35aca1db77d6dd59,/home/sb/Harting_Inspection/data/raw/harting_Baseline-10E-M-s-allsides-2/harting_Baseline-10E-M-s-CrossSection-1/frame_000174.jpg,harting_baseline_10e_m_s_allsides_2,cross_section_1,frame_000174,,,unassigned,good,/home/sb/Harting_Inspection/data/raw/harting_Baseline-10E-M-s-allsides-2/harting_Baseline-10E-M-s-CrossSection-1
0a87abe146a6b49b,/home/sb/Harting_Inspection/data/raw/harting_Baseline-10E-M-s-allsides-2/harting_Baseline-10E-M-s-CrossSection-1/frame_000175.jpg,harting_baseline_10e_m_s_allsides_2,cross_section_1,frame_000175,,,unassigned,good,/home/sb/Harting_Inspection/data/raw/harting_Baseline-10E-M-s-allsides-2/harting_Baseline-10E-M-s-CrossSection-1
6f79a0ec8ca4b84f,/home/sb/Harting_Inspection/data/raw/harting_Baseline-10E-M-s-allsides-2/harting_Baseline-10E-M-s-CrossSection-1/frame_000176.jpg,harting_baseline_10e_m_s_allsides_2,cross_section_1,frame_000176,,,unassigned,good,/home/sb/Harting_Inspection/data/raw/harting_Baseline-10E-M-s-allsides-2/harting_Baseline-10E-M-s-CrossSection-1
d614dbc631b1f268,/home/sb/Harting_Inspection/data/raw/harting_Baseline-10E-M-s-allsides-2/harting_Baseline-10E-M-s-CrossSection-1/frame_000177.jpg,harting_baseline_10e_m_s_allsides_2,cross_section_1,frame_000177,,,unassigned,good,/home/sb/Harting_Inspection/data/raw/harting_Baseline-10E-M-s-allsides-2/harting_Baseline-10E-M-s-CrossSection-1
98d162d531d668a1,/home/sb/Harting_Inspection/data/raw/harting_Baseline-10E-M-s-allsides-2/harting_Baseline-10E-M-s-CrossSection-1/frame_000178.jpg,harting_baseline_10e_m_s_allsides_2,cross_section_1,frame_000178,,,unassigned,good,/home/sb/Harting_Inspection/data/raw/harting_Baseline-10E-M-s-allsides-2/harting_Baseline-10E-M-s-CrossSection-1
b4bb593dfaa27dc5,/home/sb/Harting_Inspection/data/raw/harting_Baseline-10E-M-s-allsides-2/harting_Baseline-10E-M-s-CrossSection-1/frame_000179.jpg,harting_baseline_10e_m_s_allsides_2,cross_section_1,frame_000179,,,unassigned,good,/home/sb/Harting_Inspection/data/raw/harting_Baseline-10E-M-s-allsides-2/harting_Baseline-10E-M-s-CrossSection-1
c7f4b1730ebfd8a9,/home/sb/Harting_Inspection/data/raw/harting_Baseline-10E-M-s-allsides-2/harting_Baseline-10E-M-s-CrossSection-1/frame_000180.jpg,harting_baseline_10e_m_s_allsides_2,cross_section_1,frame_000180,,,unassigned,good,/home/sb/Harting_Inspection/data/raw/harting_Baseline-10E-M-s-allsides-2/harting_Baseline-10E-M-s-CrossSection-1
079af57cfe863b05,/home/sb/Harting_Inspection/data/raw/harting_Baseline-10E-M-s-allsides-2/harting_Baseline-10E-M-s-CrossSection-1/frame_000181.jpg,harting_baseline_10e_m_s_allsides_2,cross_section_1,frame_000181,,,unassigned,good,/home/sb/Harting_Inspection/data/raw/harting_Baseline-10E-M-s-allsides-2/harting_Baseline-10E-M-s-CrossSection-1
4ffc3087c94fc93e,/home/sb/Harting_Inspection/data/raw/harting_Baseline-10E-M-s-allsides-2/harting_Baseline-10E-M-s-CrossSection-1/frame_000182.jpg,harting_baseline_10e_m_s_allsides_2,cross_section_1,frame_000182,,,unassigned,good,/home/sb/Harting_Inspection/data/raw/harting_Baseline-10E-M-s-allsides-2/harting_Baseline-10E-M-s-CrossSection-1
4788e4c55e915a6f,/home/sb/Harting_Inspection/data/raw/harting_Baseline-10E-M-s-allsides-2/harting_Baseline-10E-M-s-CrossSection-1/frame_000183.jpg,harting_baseline_10e_m_s_allsides_2,cross_section_1,frame_000183,,,unassigned,good,/home/sb/Harting_Inspection/data/raw/harting_Baseline-10E-M-s-allsides-2/harting_Baseline-10E-M-s-CrossSection-1
4f1a18674ae623e3,/home/sb/Harting_Inspection/data/raw/harting_Baseline-10E-M-s-allsides-2/harting_Baseline-10E-M-s-CrossSection-1/frame_000184.jpg,harting_baseline_10e_m_s_allsides_2,cross_section_1,frame_000184,,,unassigned,good,/home/sb/Harting_Inspection/data/raw/harting_Baseline-10E-M-s-allsides-2/harting_Baseline-10E-M-s-CrossSection-1
0778a35f9df6f778,/home/sb/Harting_Inspection/data/raw/harting_Baseline-10E-M-s-allsides-2/harting_Baseline-10E-M-s-CrossSection-1/frame_000185.jpg,harting_baseline_10e_m_s_allsides_2,cross_section_1,frame_000185,,,unassigned,good,/home/sb/Harting_Inspection/data/raw/harting_Baseline-10E-M-s-allsides-2/harting_Baseline-10E-M-s-CrossSection-1
726e2a73ea3cbd20,/home/sb/Harting_Inspection/data/raw/harting_Baseline-10E-M-s-allsides-2/harting_Baseline-10E-M-s-CrossSection-1/frame_000186.jpg,harting_baseline_10e_m_s_allsides_2,cross_section_1,frame_000186,,,unassigned,good,/home/sb/Harting_Inspection/data/raw/harting_Baseline-10E-M-s-allsides-2/harting_Baseline-10E-M-s-CrossSection-1
775df14b6c804a66,/home/sb/Harting_Inspection/data/raw/harting_Baseline-10E-M-s-allsides-2/harting_Baseline-10E-M-s-CrossSection-1/frame_000187.jpg,harting_baseline_10e_m_s_allsides_2,cross_section_1,frame_000187,,,unassigned,good,/home/sb/Harting_Inspection/data/raw/harting_Baseline-10E-M-s-allsides-2/harting_Baseline-10E-M-s-CrossSection-1
dce0f5a9a1e0041e,/home/sb/Harting_Inspection/data/raw/harting_Baseline-10E-M-s-allsides-2/harting_Baseline-10E-M-s-CrossSection-1/frame_000188.jpg,harting_baseline_10e_m_s_allsides_2,cross_section_1,frame_000188,,,unassigned,good,/home/sb/Harting_Inspection/data/raw/harting_Baseline-10E-M-s-allsides-2/harting_Baseline-10E-M-s-CrossSection-1
0a3a9629cf8316e7,/home/sb/Harting_Inspection/data/raw/harting_Baseline-10E-M-s-allsides-2/harting_Baseline-10E-M-s-CrossSection-1/frame_000189.jpg,harting_baseline_10e_m_s_allsides_2,cross_section_1,frame_000189,,,unassigned,good,/home/sb/Harting_Inspection/data/raw/harting_Baseline-10E-M-s-allsides-2/harting_Baseline-10E-M-s-CrossSection-1
5f84a3d57f6832ef,/home/sb/Harting_Inspection/data/raw/harting_Baseline-10E-M-s-allsides-2/harting_Baseline-10E-M-s-CrossSection-1/frame_000190.jpg,harting_baseline_10e_m_s_allsides_2,cross_section_1,frame_000190,,,unassigned,good,/home/sb/Harting_Inspection/data/raw/harting_Baseline-10E-M-s-allsides-2/harting_Baseline-10E-M-s-CrossSection-1
32f028274c329e58,/home/sb/Harting_Inspection/data/raw/harting_Baseline-10E-M-s-allsides-2/harting_Baseline-10E-M-s-CrossSection-1/frame_000191.jpg,harting_baseline_10e_m_s_allsides_2,cross_section_1,frame_000191,,,unassigned,good,/home/sb/Harting_Inspection/data/raw/harting_Baseline-10E-M-s-allsides-2/harting_Baseline-10E-M-s-CrossSection-1
6c0371b45f5d2146,/home/sb/Harting_Inspection/data/raw/harting_Baseline-10E-M-s-allsides-2/harting_Baseline-10E-M-s-CrossSection-1/frame_000192.jpg,harting_baseline_10e_m_s_allsides_2,cross_section_1,frame_000192,,,unassigned,good,/home/sb/Harting_Inspection/data/raw/harting_Baseline-10E-M-s-allsides-2/harting_Baseline-10E-M-s-CrossSection-1
d8ae21d866b8f940,/home/sb/Harting_Inspection/data/raw/harting_Baseline-10E-M-s-allsides-2/harting_Baseline-10E-M-s-CrossSection-1/frame_000193.jpg,harting_baseline_10e_m_s_allsides_2,cross_section_1,frame_000193,,,unassigned,good,/home/sb/Harting_Inspection/data/raw/harting_Baseline-10E-M-s-allsides-2/harting_Baseline-10E-M-s-CrossSection-1
c004eee9125654bb,/home/sb/Harting_Inspection/data/raw/harting_Baseline-10E-M-s-allsides-2/harting_Baseline-10E-M-s-CrossSection-1/frame_000194.jpg,harting_baseline_10e_m_s_allsides_2,cross_section_1,frame_000194,,,unassigned,good,/home/sb/Harting_Inspection/data/raw/harting_Baseline-10E-M-s-allsides-2/harting_Baseline-10E-M-s-CrossSection-1
a51d125bf23b74e9,/home/sb/Harting_Inspection/data/raw/harting_Baseline-10E-M-s-allsides-2/harting_Baseline-10E-M-s-CrossSection-1/frame_000195.jpg,harting_baseline_10e_m_s_allsides_2,cross_section_1,frame_000195,,,unassigned,good,/home/sb/Harting_Inspection/data/raw/harting_Baseline-10E-M-s-allsides-2/harting_Baseline-10E-M-s-CrossSection-1
4cab904e43330bb0,/home/sb/Harting_Inspection/data/raw/harting_Baseline-10E-M-s-allsides-2/harting_Baseline-10E-M-s-CrossSection-1/frame_000196.jpg,harting_baseline_10e_m_s_allsides_2,cross_section_1,frame_000196,,,unassigned,good,/home/sb/Harting_Inspection/data/raw/harting_Baseline-10E-M-s-allsides-2/harting_Baseline-10E-M-s-CrossSection-1
3fc777d43322fbd0,/home/sb/Harting_Inspection/data/raw/harting_Baseline-10E-M-s-allsides-2/harting_Baseline-10E-M-s-CrossSection-1/frame_000197.jpg,harting_baseline_10e_m_s_allsides_2,cross_section_1,frame_000197,,,unassigned,good,/home/sb/Harting_Inspection/data/raw/harting_Baseline-10E-M-s-allsides-2/harting_Baseline-10E-M-s-CrossSection-1
b884c67d8780af71,/home/sb/Harting_Inspection/data/raw/harting_Baseline-10E-M-s-allsides-2/harting_Baseline-10E-M-s-CrossSection-1/frame_000198.jpg,harting_baseline_10e_m_s_allsides_2,cross_section_1,frame_000198,,,unassigned,good,/home/sb/Harting_Inspection/data/raw/harting_Baseline-10E-M-s-allsides-2/harting_Baseline-10E-M-s-CrossSection-1
b059b16572e4f38a,/home/sb/Harting_Inspection/data/raw/harting_Baseline-10E-M-s-allsides-2/harting_Baseline-10E-M-s-CrossSection-1/frame_000199.jpg,harting_baseline_10e_m_s_allsides_2,cross_section_1,frame_000199,,,unassigned,good,/home/sb/Harting_Inspection/data/raw/harting_Baseline-10E-M-s-allsides-2/harting_Baseline-10E-M-s-CrossSection-1
1f5e898f2ad647d7,/home/sb/Harting_Inspection/data/raw/harting_Baseline-10E-M-s-allsides-2/harting_Baseline-10E-M-s-CrossSection-1/frame_000200.jpg,harting_baseline_10e_m_s_allsides_2,cross_section_1,frame_000200,,,unassigned,good,/home/sb/Harting_Inspection/data/raw/harting_Baseline-10E-M-s-allsides-2/harting_Baseline-10E-M-s-CrossSection-1
77f50ddaec8386bb,/home/sb/Harting_Inspection/data/raw/harting_Baseline-10E-M-s-allsides-2/harting_Baseline-10E-M-s-CrossSection-1/frame_000201.jpg,harting_baseline_10e_m_s_allsides_2,cross_section_1,frame_000201,,,unassigned,good,/home/sb/Harting_Inspection/data/raw/harting_Baseline-10E-M-s-allsides-2/harting_Baseline-10E-M-s-CrossSection-1
622d1506845eabb4,/home/sb/Harting_Inspection/data/raw/harting_Baseline-10E-M-s-allsides-2/harting_Baseline-10E-M-s-CrossSection-1/frame_000202.jpg,harting_baseline_10e_m_s_allsides_2,cross_section_1,frame_000202,,,unassigned,good,/home/sb/Harting_Inspection/data/raw/harting_Baseline-10E-M-s-allsides-2/harting_Baseline-10E-M-s-CrossSection-1
005d41108c9daddf,/home/sb/Harting_Inspection/data/raw/harting_Baseline-10E-M-s-allsides-2/harting_Baseline-10E-M-s-CrossSection-1/frame_000203.jpg,harting_baseline_10e_m_s_allsides_2,cross_section_1,frame_000203,,,unassigned,good,/home/sb/Harting_Inspection/data/raw/harting_Baseline-10E-M-s-allsides-2/harting_Baseline-10E-M-s-CrossSection-1
ec0a650f577b9dc2,/home/sb/Harting_Inspection/data/raw/harting_Baseline-10E-M-s-allsides-2/harting_Baseline-10E-M-s-CrossSection-1/frame_000204.jpg,harting_baseline_10e_m_s_allsides_2,cross_section_1,frame_000204,,,unassigned,good,/home/sb/Harting_Inspection/data/raw/harting_Baseline-10E-M-s-allsides-2/harting_Baseline-10E-M-s-CrossSection-1
24b285fd7113323d,/home/sb/Harting_Inspection/data/raw/harting_Baseline-10E-M-s-allsides-2/harting_Baseline-10E-M-s-CrossSection-1/frame_000205.jpg,harting_baseline_10e_m_s_allsides_2,cross_section_1,frame_000205,,,unassigned,good,/home/sb/Harting_Inspection/data/raw/harting_Baseline-10E-M-s-allsides-2/harting_Baseline-10E-M-s-CrossSection-1
544cf8a55199d800,/home/sb/Harting_Inspection/data/raw/harting_Baseline-10E-M-s-allsides-2/harting_Baseline-10E-M-s-CrossSection-1/frame_000206.jpg,harting_baseline_10e_m_s_allsides_2,cross_section_1,frame_000206,,,unassigned,good,/home/sb/Harting_Inspection/data/raw/harting_Baseline-10E-M-s-allsides-2/harting_Baseline-10E-M-s-CrossSection-1
fb292adb3de411d1,/home/sb/Harting_Inspection/data/raw/harting_Baseline-10E-M-s-allsides-2/harting_Baseline-10E-M-s-CrossSection-1/frame_000207.jpg,harting_baseline_10e_m_s_allsides_2,cross_section_1,frame_000207,,,unassigned,good,/home/sb/Harting_Inspection/data/raw/harting_Baseline-10E-M-s-allsides-2/harting_Baseline-10E-M-s-CrossSection-1
c93584d1c191ff98,/home/sb/Harting_Inspection/data/raw/harting_Baseline-10E-M-s-allsides-2/harting_Baseline-10E-M-s-CrossSection-1/frame_000208.jpg,harting_baseline_10e_m_s_allsides_2,cross_section_1,frame_000208,,,unassigned,good,/home/sb/Harting_Inspection/data/raw/harting_Baseline-10E-M-s-allsides-2/harting_Baseline-10E-M-s-CrossSection-1
58c723ccefb42222,/home/sb/Harting_Inspection/data/raw/harting_Baseline-10E-M-s-allsides-2/harting_Baseline-10E-M-s-CrossSection-1/frame_000209.jpg,harting_baseline_10e_m_s_allsides_2,cross_section_1,frame_000209,,,unassigned,good,/home/sb/Harting_Inspection/data/raw/harting_Baseline-10E-M-s-allsides-2/harting_Baseline-10E-M-s-CrossSection-1
e6f50c82d617e203,/home/sb/Harting_Inspection/data/raw/harting_Baseline-10E-M-s-allsides-2/harting_Baseline-10E-M-s-CrossSection-1/frame_000210.jpg,harting_baseline_10e_m_s_allsides_2,cross_section_1,frame_000210,,,unassigned,good,/home/sb/Harting_Inspection/data/raw/harting_Baseline-10E-M-s-allsides-2/harting_Baseline-10E-M-s-CrossSection-1
bfccfea7f3b97701,/home/sb/Harting_Inspection/data/raw/harting_Baseline-10E-M-s-allsides-2/harting_Baseline-10E-M-s-CrossSection-1/frame_000211.jpg,harting_baseline_10e_m_s_allsides_2,cross_section_1,frame_000211,,,unassigned,good,/home/sb/Harting_Inspection/data/raw/harting_Baseline-10E-M-s-allsides-2/harting_Baseline-10E-M-s-CrossSection-1
0218722beb647506,/home/sb/Harting_Inspection/data/raw/harting_Baseline-10E-M-s-allsides-2/harting_Baseline-10E-M-s-CrossSection-1/frame_000212.jpg,harting_baseline_10e_m_s_allsides_2,cross_section_1,frame_000212,,,unassigned,good,/home/sb/Harting_Inspection/data/raw/harting_Baseline-10E-M-s-allsides-2/harting_Baseline-10E-M-s-CrossSection-1
417bcf9c3d93cd79,/home/sb/Harting_Inspection/data/raw/harting_Baseline-10E-M-s-allsides-2/harting_Baseline-10E-M-s-CrossSection-1/frame_000213.jpg,harting_baseline_10e_m_s_allsides_2,cross_section_1,frame_000213,,,unassigned,good,/home/sb/Harting_Inspection/data/raw/harting_Baseline-10E-M-s-allsides-2/harting_Baseline-10E-M-s-CrossSection-1
f3b7cfbccf219d70,/home/sb/Harting_Inspection/data/raw/harting_Baseline-10E-M-s-allsides-2/harting_Baseline-10E-M-s-CrossSection-1/frame_000214.jpg,harting_baseline_10e_m_s_allsides_2,cross_section_1,frame_000214,,,unassigned,good,/home/sb/Harting_Inspection/data/raw/harting_Baseline-10E-M-s-allsides-2/harting_Baseline-10E-M-s-CrossSection-1
f8ee5b68cb091aed,/home/sb/Harting_Inspection/data/raw/harting_Baseline-10E-M-s-allsides-2/harting_Baseline-10E-M-s-CrossSection-1/frame_000215.jpg,harting_baseline_10e_m_s_allsides_2,cross_section_1,frame_000215,,,unassigned,good,/home/sb/Harting_Inspection/data/raw/harting_Baseline-10E-M-s-allsides-2/harting_Baseline-10E-M-s-CrossSection-1
978bb74414eeef08,/home/sb/Harting_Inspection/data/raw/harting_Baseline-10E-M-s-allsides-2/harting_Baseline-10E-M-s-CrossSection-1/frame_000216.jpg,harting_baseline_10e_m_s_allsides_2,cross_section_1,frame_000216,,,unassigned,good,/home/sb/Harting_Inspection/data/raw/harting_Baseline-10E-M-s-allsides-2/harting_Baseline-10E-M-s-CrossSection-1
fed9e0bd592d9917,/home/sb/Harting_Inspection/data/raw/harting_Baseline-10E-M-s-allsides-2/harting_Baseline-10E-M-s-CrossSection-1/frame_000217.jpg,harting_baseline_10e_m_s_allsides_2,cross_section_1,frame_000217,,,unassigned,good,/home/sb/Harting_Inspection/data/raw/harting_Baseline-10E-M-s-allsides-2/harting_Baseline-10E-M-s-CrossSection-1
ed2b5f1d360280c1,/home/sb/Harting_Inspection/data/raw/harting_Baseline-10E-M-s-allsides-2/harting_Baseline-10E-M-s-CrossSection-1/frame_000218.jpg,harting_baseline_10e_m_s_allsides_2,cross_section_1,frame_000218,,,unassigned,good,/home/sb/Harting_Inspection/data/raw/harting_Baseline-10E-M-s-allsides-2/harting_Baseline-10E-M-s-CrossSection-1
29172c981f2e2696,/home/sb/Harting_Inspection/data/raw/harting_Baseline-10E-M-s-allsides-2/harting_Baseline-10E-M-s-CrossSection-1/frame_000219.jpg,harting_baseline_10e_m_s_allsides_2,cross_section_1,frame_000219,,,unassigned,good,/home/sb/Harting_Inspection/data/raw/harting_Baseline-10E-M-s-allsides-2/harting_Baseline-10E-M-s-CrossSection-1
516c49955d23291d,/home/sb/Harting_Inspection/data/raw/harting_Baseline-10E-M-s-allsides-2/harting_Baseline-10E-M-s-CrossSection-1/frame_000220.jpg,harting_baseline_10e_m_s_allsides_2,cross_section_1,frame_000220,,,unassigned,good,/home/sb/Harting_Inspection/data/raw/harting_Baseline-10E-M-s-allsides-2/harting_Baseline-10E-M-s-CrossSection-1
a4012f0dc56c5b3c,/home/sb/Harting_Inspection/data/raw/harting_Baseline-10E-M-s-allsides-2/harting_Baseline-10E-M-s-CrossSection-1/frame_000221.jpg,harting_baseline_10e_m_s_allsides_2,cross_section_1,frame_000221,,,unassigned,good,/home/sb/Harting_Inspection/data/raw/harting_Baseline-10E-M-s-allsides-2/harting_Baseline-10E-M-s-CrossSection-1
0c4db15f49549809,/home/sb/Harting_Inspection/data/raw/harting_Baseline-10E-M-s-allsides-2/harting_Baseline-10E-M-s-CrossSection-1/frame_000222.jpg,harting_baseline_10e_m_s_allsides_2,cross_section_1,frame_000222,,,unassigned,good,/home/sb/Harting_Inspection/data/raw/harting_Baseline-10E-M-s-allsides-2/harting_Baseline-10E-M-s-CrossSection-1
fdd5e6c6314e05ba,/home/sb/Harting_Inspection/data/raw/harting_Baseline-10E-M-s-allsides-2/harting_Baseline-10E-M-s-CrossSection-1/frame_000223.jpg,harting_baseline_10e_m_s_allsides_2,cross_section_1,frame_000223,,,unassigned,good,/home/sb/Harting_Inspection/data/raw/harting_Baseline-10E-M-s-allsides-2/harting_Baseline-10E-M-s-CrossSection-1
44dc92a460083e88,/home/sb/Harting_Inspection/data/raw/harting_Baseline-10E-M-s-allsides-2/harting_Baseline-10E-M-s-CrossSection-1/frame_000224.jpg,harting_baseline_10e_m_s_allsides_2,cross_section_1,frame_000224,,,unassigned,good,/home/sb/Harting_Inspection/data/raw/harting_Baseline-10E-M-s-allsides-2/harting_Baseline-10E-M-s-CrossSection-1
cc403aacdfcfc644,/home/sb/Harting_Inspection/data/raw/harting_Baseline-10E-M-s-allsides-2/harting_Baseline-10E-M-s-CrossSection-1/frame_000225.jpg,harting_baseline_10e_m_s_allsides_2,cross_section_1,frame_000225,,,unassigned,good,/home/sb/Harting_Inspection/data/raw/harting_Baseline-10E-M-s-allsides-2/harting_Baseline-10E-M-s-CrossSection-1
073d16c02ab1f73e,/home/sb/Harting_Inspection/data/raw/harting_Baseline-10E-M-s-allsides-2/harting_Baseline-10E-M-s-CrossSection-1/frame_000226.jpg,harting_baseline_10e_m_s_allsides_2,cross_section_1,frame_000226,,,unassigned,good,/home/sb/Harting_Inspection/data/raw/harting_Baseline-10E-M-s-allsides-2/harting_Baseline-10E-M-s-CrossSection-1
ca69c793f8e9f3f9,/home/sb/Harting_Inspection/data/raw/harting_Baseline-10E-M-s-allsides-2/harting_Baseline-10E-M-s-CrossSection-1/frame_000227.jpg,harting_baseline_10e_m_s_allsides_2,cross_section_1,frame_000227,,,unassigned,good,/home/sb/Harting_Inspection/data/raw/harting_Baseline-10E-M-s-allsides-2/harting_Baseline-10E-M-s-CrossSection-1
85a4f6a671aaccf7,/home/sb/Harting_Inspection/data/raw/harting_Baseline-10E-M-s-allsides-2/harting_Baseline-10E-M-s-CrossSection-1/frame_000228.jpg,harting_baseline_10e_m_s_allsides_2,cross_section_1,frame_000228,,,unassigned,good,/home/sb/Harting_Inspection/data/raw/harting_Baseline-10E-M-s-allsides-2/harting_Baseline-10E-M-s-CrossSection-1
ba0c1fd0e5cd497f,/home/sb/Harting_Inspection/data/raw/harting_Baseline-10E-M-s-allsides-2/harting_Baseline-10E-M-s-CrossSection-1/frame_000229.jpg,harting_baseline_10e_m_s_allsides_2,cross_section_1,frame_000229,,,unassigned,good,/home/sb/Harting_Inspection/data/raw/harting_Baseline-10E-M-s-allsides-2/harting_Baseline-10E-M-s-CrossSection-1
1022f79744f21fe4,/home/sb/Harting_Inspection/data/raw/harting_Baseline-10E-M-s-allsides-2/harting_Baseline-10E-M-s-CrossSection-1/frame_000230.jpg,harting_baseline_10e_m_s_allsides_2,cross_section_1,frame_000230,,,unassigned,good,/home/sb/Harting_Inspection/data/raw/harting_Baseline-10E-M-s-allsides-2/harting_Baseline-10E-M-s-CrossSection-1
b76108087d9b2529,/home/sb/Harting_Inspection/data/raw/harting_Baseline-10E-M-s-allsides-2/harting_Baseline-10E-M-s-CrossSection-1/frame_000231.jpg,harting_baseline_10e_m_s_allsides_2,cross_section_1,frame_000231,,,unassigned,good,/home/sb/Harting_Inspection/data/raw/harting_Baseline-10E-M-s-allsides-2/harting_Baseline-10E-M-s-CrossSection-1
e0a4e4901ddd50e3,/home/sb/Harting_Inspection/data/raw/harting_Baseline-10E-M-s-allsides-2/harting_Baseline-10E-M-s-CrossSection-1/frame_000232.jpg,harting_baseline_10e_m_s_allsides_2,cross_section_1,frame_000232,,,unassigned,good,/home/sb/Harting_Inspection/data/raw/harting_Baseline-10E-M-s-allsides-2/harting_Baseline-10E-M-s-CrossSection-1
a1d31661e42e5ccf,/home/sb/Harting_Inspection/data/raw/harting_Baseline-10E-M-s-allsides-2/harting_Baseline-10E-M-s-CrossSection-1/frame_000233.jpg,harting_baseline_10e_m_s_allsides_2,cross_section_1,frame_000233,,,unassigned,good,/home/sb/Harting_Inspection/data/raw/harting_Baseline-10E-M-s-allsides-2/harting_Baseline-10E-M-s-CrossSection-1
0e2766a0d8c1cd4a,/home/sb/Harting_Inspection/data/raw/harting_Baseline-10E-M-s-allsides-2/harting_Baseline-10E-M-s-CrossSection-1/frame_000234.jpg,harting_baseline_10e_m_s_allsides_2,cross_section_1,frame_000234,,,unassigned,good,/home/sb/Harting_Inspection/data/raw/harting_Baseline-10E-M-s-allsides-2/harting_Baseline-10E-M-s-CrossSection-1
00fd1e1ec98bb73b,/home/sb/Harting_Inspection/data/raw/harting_Baseline-10E-M-s-allsides-2/harting_Baseline-10E-M-s-CrossSection-1/frame_000235.jpg,harting_baseline_10e_m_s_allsides_2,cross_section_1,frame_000235,,,unassigned,good,/home/sb/Harting_Inspection/data/raw/harting_Baseline-10E-M-s-allsides-2/harting_Baseline-10E-M-s-CrossSection-1
33f47f0c00ed1205,/home/sb/Harting_Inspection/data/raw/harting_Baseline-10E-M-s-allsides-2/harting_Baseline-10E-M-s-CrossSection-1/frame_000236.jpg,harting_baseline_10e_m_s_allsides_2,cross_section_1,frame_000236,,,unassigned,good,/home/sb/Harting_Inspection/data/raw/harting_Baseline-10E-M-s-allsides-2/harting_Baseline-10E-M-s-CrossSection-1
274a1987c0e9e8de,/home/sb/Harting_Inspection/data/raw/harting_Baseline-10E-M-s-allsides-2/harting_Baseline-10E-M-s-CrossSection-1/frame_000237.jpg,harting_baseline_10e_m_s_allsides_2,cross_section_1,frame_000237,,,unassigned,good,/home/sb/Harting_Inspection/data/raw/harting_Baseline-10E-M-s-allsides-2/harting_Baseline-10E-M-s-CrossSection-1
b85f3de7ac7a31a3,/home/sb/Harting_Inspection/data/raw/harting_Baseline-10E-M-s-allsides-2/harting_Baseline-10E-M-s-CrossSection-1/frame_000238.jpg,harting_baseline_10e_m_s_allsides_2,cross_section_1,frame_000238,,,unassigned,good,/home/sb/Harting_Inspection/data/raw/harting_Baseline-10E-M-s-allsides-2/harting_Baseline-10E-M-s-CrossSection-1
3b0f9b735e5e4051,/home/sb/Harting_Inspection/data/raw/harting_Baseline-10E-M-s-allsides-2/harting_Baseline-10E-M-s-CrossSection-1/frame_000239.jpg,harting_baseline_10e_m_s_allsides_2,cross_section_1,frame_000239,,,unassigned,good,/home/sb/Harting_Inspection/data/raw/harting_Baseline-10E-M-s-allsides-2/harting_Baseline-10E-M-s-CrossSection-1
15760b55fb13481d,/home/sb/Harting_Inspection/data/raw/harting_Baseline-10E-M-s-allsides-2/harting_Baseline-10E-M-s-CrossSection-1/frame_000240.jpg,harting_baseline_10e_m_s_allsides_2,cross_section_1,frame_000240,,,unassigned,good,/home/sb/Harting_Inspection/data/raw/harting_Baseline-10E-M-s-allsides-2/harting_Baseline-10E-M-s-CrossSection-1
b3ba928655d9ef3f,/home/sb/Harting_Inspection/data/raw/harting_Baseline-10E-M-s-allsides-2/harting_Baseline-10E-M-s-CrossSection-1/frame_000241.jpg,harting_baseline_10e_m_s_allsides_2,cross_section_1,frame_000241,,,unassigned,good,/home/sb/Harting_Inspection/data/raw/harting_Baseline-10E-M-s-allsides-2/harting_Baseline-10E-M-s-CrossSection-1
911b91c125b69f72,/home/sb/Harting_Inspection/data/raw/harting_Baseline-10E-M-s-allsides-2/harting_Baseline-10E-M-s-CrossSection-1/frame_000242.jpg,harting_baseline_10e_m_s_allsides_2,cross_section_1,frame_000242,,,unassigned,good,/home/sb/Harting_Inspection/data/raw/harting_Baseline-10E-M-s-allsides-2/harting_Baseline-10E-M-s-CrossSection-1
e7e63f34605dc1f5,/home/sb/Harting_Inspection/data/raw/harting_Baseline-10E-M-s-allsides-2/harting_Baseline-10E-M-s-CrossSection-1/frame_000243.jpg,harting_baseline_10e_m_s_allsides_2,cross_section_1,frame_000243,,,unassigned,good,/home/sb/Harting_Inspection/data/raw/harting_Baseline-10E-M-s-allsides-2/harting_Baseline-10E-M-s-CrossSection-1
e7bd50352ad95599,/home/sb/Harting_Inspection/data/raw/harting_Baseline-10E-M-s-allsides-2/harting_Baseline-10E-M-s-CrossSection-1/frame_000244.jpg,harting_baseline_10e_m_s_allsides_2,cross_section_1,frame_000244,,,unassigned,good,/home/sb/Harting_Inspection/data/raw/harting_Baseline-10E-M-s-allsides-2/harting_Baseline-10E-M-s-CrossSection-1
d112babaa240f0b8,/home/sb/Harting_Inspection/data/raw/harting_Baseline-10E-M-s-allsides-2/harting_Baseline-10E-M-s-CrossSection-1/frame_000245.jpg,harting_baseline_10e_m_s_allsides_2,cross_section_1,frame_000245,,,unassigned,good,/home/sb/Harting_Inspection/data/raw/harting_Baseline-10E-M-s-allsides-2/harting_Baseline-10E-M-s-CrossSection-1
b85fc14ed36f387b,/home/sb/Harting_Inspection/data/raw/harting_Baseline-10E-M-s-allsides-2/harting_Baseline-10E-M-s-CrossSection-1/frame_000246.jpg,harting_baseline_10e_m_s_allsides_2,cross_section_1,frame_000246,,,unassigned,good,/home/sb/Harting_Inspection/data/raw/harting_Baseline-10E-M-s-allsides-2/harting_Baseline-10E-M-s-CrossSection-1
c0c16afd1924a53e,/home/sb/Harting_Inspection/data/raw/harting_Baseline-10E-M-s-allsides-2/harting_Baseline-10E-M-s-CrossSection-1/frame_000247.jpg,harting_baseline_10e_m_s_allsides_2,cross_section_1,frame_000247,,,unassigned,good,/home/sb/Harting_Inspection/data/raw/harting_Baseline-10E-M-s-allsides-2/harting_Baseline-10E-M-s-CrossSection-1
73eac59ed392f267,/home/sb/Harting_Inspection/data/raw/harting_Baseline-10E-M-s-allsides-2/harting_Baseline-10E-M-s-CrossSection-1/frame_000248.jpg,harting_baseline_10e_m_s_allsides_2,cross_section_1,frame_000248,,,unassigned,good,/home/sb/Harting_Inspection/data/raw/harting_Baseline-10E-M-s-allsides-2/harting_Baseline-10E-M-s-CrossSection-1
6b11b8629ddcd62e,/home/sb/Harting_Inspection/data/raw/harting_Baseline-10E-M-s-allsides-2/harting_Baseline-10E-M-s-CrossSection-1/frame_000249.jpg,harting_baseline_10e_m_s_allsides_2,cross_section_1,frame_000249,,,unassigned,good,/home/sb/Harting_Inspection/data/raw/harting_Baseline-10E-M-s-allsides-2/harting_Baseline-10E-M-s-CrossSection-1
a1749aa5cb2bd313,/home/sb/Harting_Inspection/data/raw/harting_Baseline-10E-M-s-allsides-2/harting_Baseline-10E-M-s-CrossSection-2/frame_000000.jpg,harting_baseline_10e_m_s_allsides_2,cross_section_2,frame_000000,,,unassigned,good,/home/sb/Harting_Inspection/data/raw/harting_Baseline-10E-M-s-allsides-2/harting_Baseline-10E-M-s-CrossSection-2
cabcaf642098a465,/home/sb/Harting_Inspection/data/raw/harting_Baseline-10E-M-s-allsides-2/harting_Baseline-10E-M-s-CrossSection-2/frame_000001.jpg,harting_baseline_10e_m_s_allsides_2,cross_section_2,frame_000001,,,unassigned,good,/home/sb/Harting_Inspection/data/raw/harting_Baseline-10E-M-s-allsides-2/harting_Baseline-10E-M-s-CrossSection-2
e3e74b87fcb8f954,/home/sb/Harting_Inspection/data/raw/harting_Baseline-10E-M-s-allsides-2/harting_Baseline-10E-M-s-CrossSection-2/frame_000002.jpg,harting_baseline_10e_m_s_allsides_2,cross_section_2,frame_000002,,,unassigned,good,/home/sb/Harting_Inspection/data/raw/harting_Baseline-10E-M-s-allsides-2/harting_Baseline-10E-M-s-CrossSection-2
b148911da315ad11,/home/sb/Harting_Inspection/data/raw/harting_Baseline-10E-M-s-allsides-2/harting_Baseline-10E-M-s-CrossSection-2/frame_000003.jpg,harting_baseline_10e_m_s_allsides_2,cross_section_2,frame_000003,,,unassigned,good,/home/sb/Harting_Inspection/data/raw/harting_Baseline-10E-M-s-allsides-2/harting_Baseline-10E-M-s-CrossSection-2
e4059452967fa366,/home/sb/Harting_Inspection/data/raw/harting_Baseline-10E-M-s-allsides-2/harting_Baseline-10E-M-s-CrossSection-2/frame_000004.jpg,harting_baseline_10e_m_s_allsides_2,cross_section_2,frame_000004,,,unassigned,good,/home/sb/Harting_Inspection/data/raw/harting_Baseline-10E-M-s-allsides-2/harting_Baseline-10E-M-s-CrossSection-2
43e5fac2e072507e,/home/sb/Harting_Inspection/data/raw/harting_Baseline-10E-M-s-allsides-2/harting_Baseline-10E-M-s-CrossSection-2/frame_000005.jpg,harting_baseline_10e_m_s_allsides_2,cross_section_2,frame_000005,,,unassigned,good,/home/sb/Harting_Inspection/data/raw/harting_Baseline-10E-M-s-allsides-2/harting_Baseline-10E-M-s-CrossSection-2
03ddc5aa2b9874ce,/home/sb/Harting_Inspection/data/raw/harting_Baseline-10E-M-s-allsides-2/harting_Baseline-10E-M-s-CrossSection-2/frame_000006.jpg,harting_baseline_10e_m_s_allsides_2,cross_section_2,frame_000006,,,unassigned,good,/home/sb/Harting_Inspection/data/raw/harting_Baseline-10E-M-s-allsides-2/harting_Baseline-10E-M-s-CrossSection-2
f21cedb63267528f,/home/sb/Harting_Inspection/data/raw/harting_Baseline-10E-M-s-allsides-2/harting_Baseline-10E-M-s-CrossSection-2/frame_000007.jpg,harting_baseline_10e_m_s_allsides_2,cross_section_2,frame_000007,,,unassigned,good,/home/sb/Harting_Inspection/data/raw/harting_Baseline-10E-M-s-allsides-2/harting_Baseline-10E-M-s-CrossSection-2
5521e4a18e653576,/home/sb/Harting_Inspection/data/raw/harting_Baseline-10E-M-s-allsides-2/harting_Baseline-10E-M-s-CrossSection-2/frame_000008.jpg,harting_baseline_10e_m_s_allsides_2,cross_section_2,frame_000008,,,unassigned,good,/home/sb/Harting_Inspection/data/raw/harting_Baseline-10E-M-s-allsides-2/harting_Baseline-10E-M-s-CrossSection-2
4003d193eebbf820,/home/sb/Harting_Inspection/data/raw/harting_Baseline-10E-M-s-allsides-2/harting_Baseline-10E-M-s-CrossSection-2/frame_000009.jpg,harting_baseline_10e_m_s_allsides_2,cross_section_2,frame_000009,,,unassigned,good,/home/sb/Harting_Inspection/data/raw/harting_Baseline-10E-M-s-allsides-2/harting_Baseline-10E-M-s-CrossSection-2
8841d1f642b9d0e4,/home/sb/Harting_Inspection/data/raw/harting_Baseline-10E-M-s-allsides-2/harting_Baseline-10E-M-s-CrossSection-2/frame_000010.jpg,harting_baseline_10e_m_s_allsides_2,cross_section_2,frame_000010,,,unassigned,good,/home/sb/Harting_Inspection/data/raw/harting_Baseline-10E-M-s-allsides-2/harting_Baseline-10E-M-s-CrossSection-2
d554c9ad4526f058,/home/sb/Harting_Inspection/data/raw/harting_Baseline-10E-M-s-allsides-2/harting_Baseline-10E-M-s-CrossSection-2/frame_000011.jpg,harting_baseline_10e_m_s_allsides_2,cross_section_2,frame_000011,,,unassigned,good,/home/sb/Harting_Inspection/data/raw/harting_Baseline-10E-M-s-allsides-2/harting_Baseline-10E-M-s-CrossSection-2
928e29403b00f928,/home/sb/Harting_Inspection/data/raw/harting_Baseline-10E-M-s-allsides-2/harting_Baseline-10E-M-s-CrossSection-2/frame_000012.jpg,harting_baseline_10e_m_s_allsides_2,cross_section_2,frame_000012,,,unassigned,good,/home/sb/Harting_Inspection/data/raw/harting_Baseline-10E-M-s-allsides-2/harting_Baseline-10E-M-s-CrossSection-2
266dd911de606133,/home/sb/Harting_Inspection/data/raw/harting_Baseline-10E-M-s-allsides-2/harting_Baseline-10E-M-s-CrossSection-2/frame_000013.jpg,harting_baseline_10e_m_s_allsides_2,cross_section_2,frame_000013,,,unassigned,good,/home/sb/Harting_Inspection/data/raw/harting_Baseline-10E-M-s-allsides-2/harting_Baseline-10E-M-s-CrossSection-2
5670a88324bdb15f,/home/sb/Harting_Inspection/data/raw/harting_Baseline-10E-M-s-allsides-2/harting_Baseline-10E-M-s-CrossSection-2/frame_000014.jpg,harting_baseline_10e_m_s_allsides_2,cross_section_2,frame_000014,,,unassigned,good,/home/sb/Harting_Inspection/data/raw/harting_Baseline-10E-M-s-allsides-2/harting_Baseline-10E-M-s-CrossSection-2
ffb2735e0585733d,/home/sb/Harting_Inspection/data/raw/harting_Baseline-10E-M-s-allsides-2/harting_Baseline-10E-M-s-CrossSection-2/frame_000015.jpg,harting_baseline_10e_m_s_allsides_2,cross_section_2,frame_000015,,,unassigned,good,/home/sb/Harting_Inspection/data/raw/harting_Baseline-10E-M-s-allsides-2/harting_Baseline-10E-M-s-CrossSection-2
e29dbf7a939a1204,/home/sb/Harting_Inspection/data/raw/harting_Baseline-10E-M-s-allsides-2/harting_Baseline-10E-M-s-CrossSection-2/frame_000016.jpg,harting_baseline_10e_m_s_allsides_2,cross_section_2,frame_000016,,,unassigned,good,/home/sb/Harting_Inspection/data/raw/harting_Baseline-10E-M-s-allsides-2/harting_Baseline-10E-M-s-CrossSection-2
0ee3519c76a9f7ca,/home/sb/Harting_Inspection/data/raw/harting_Baseline-10E-M-s-allsides-2/harting_Baseline-10E-M-s-CrossSection-2/frame_000017.jpg,harting_baseline_10e_m_s_allsides_2,cross_section_2,frame_000017,,,unassigned,good,/home/sb/Harting_Inspection/data/raw/harting_Baseline-10E-M-s-allsides-2/harting_Baseline-10E-M-s-CrossSection-2
933d68944e5e8927,/home/sb/Harting_Inspection/data/raw/harting_Baseline-10E-M-s-allsides-2/harting_Baseline-10E-M-s-CrossSection-2/frame_000018.jpg,harting_baseline_10e_m_s_allsides_2,cross_section_2,frame_000018,,,unassigned,good,/home/sb/Harting_Inspection/data/raw/harting_Baseline-10E-M-s-allsides-2/harting_Baseline-10E-M-s-CrossSection-2
27612239d9c1269c,/home/sb/Harting_Inspection/data/raw/harting_Baseline-10E-M-s-allsides-2/harting_Baseline-10E-M-s-CrossSection-2/frame_000019.jpg,harting_baseline_10e_m_s_allsides_2,cross_section_2,frame_000019,,,unassigned,good,/home/sb/Harting_Inspection/data/raw/harting_Baseline-10E-M-s-allsides-2/harting_Baseline-10E-M-s-CrossSection-2
b6514308c105b255,/home/sb/Harting_Inspection/data/raw/harting_Baseline-10E-M-s-allsides-2/harting_Baseline-10E-M-s-CrossSection-2/frame_000020.jpg,harting_baseline_10e_m_s_allsides_2,cross_section_2,frame_000020,,,unassigned,good,/home/sb/Harting_Inspection/data/raw/harting_Baseline-10E-M-s-allsides-2/harting_Baseline-10E-M-s-CrossSection-2
002dbd8047e0c24a,/home/sb/Harting_Inspection/data/raw/harting_Baseline-10E-M-s-allsides-2/harting_Baseline-10E-M-s-CrossSection-2/frame_000021.jpg,harting_baseline_10e_m_s_allsides_2,cross_section_2,frame_000021,,,unassigned,good,/home/sb/Harting_Inspection/data/raw/harting_Baseline-10E-M-s-allsides-2/harting_Baseline-10E-M-s-CrossSection-2
663fa96cef3a56fa,/home/sb/Harting_Inspection/data/raw/harting_Baseline-10E-M-s-allsides-2/harting_Baseline-10E-M-s-CrossSection-2/frame_000022.jpg,harting_baseline_10e_m_s_allsides_2,cross_section_2,frame_000022,,,unassigned,good,/home/sb/Harting_Inspection/data/raw/harting_Baseline-10E-M-s-allsides-2/harting_Baseline-10E-M-s-CrossSection-2
1be3419a96d1ec21,/home/sb/Harting_Inspection/data/raw/harting_Baseline-10E-M-s-allsides-2/harting_Baseline-10E-M-s-CrossSection-2/frame_000023.jpg,harting_baseline_10e_m_s_allsides_2,cross_section_2,frame_000023,,,unassigned,good,/home/sb/Harting_Inspection/data/raw/harting_Baseline-10E-M-s-allsides-2/harting_Baseline-10E-M-s-CrossSection-2
5117f3c3c3614207,/home/sb/Harting_Inspection/data/raw/harting_Baseline-10E-M-s-allsides-2/harting_Baseline-10E-M-s-CrossSection-2/frame_000024.jpg,harting_baseline_10e_m_s_allsides_2,cross_section_2,frame_000024,,,unassigned,good,/home/sb/Harting_Inspection/data/raw/harting_Baseline-10E-M-s-allsides-2/harting_Baseline-10E-M-s-CrossSection-2
df205e63197ed747,/home/sb/Harting_Inspection/data/raw/harting_Baseline-10E-M-s-allsides-2/harting_Baseline-10E-M-s-CrossSection-2/frame_000025.jpg,harting_baseline_10e_m_s_allsides_2,cross_section_2,frame_000025,,,unassigned,good,/home/sb/Harting_Inspection/data/raw/harting_Baseline-10E-M-s-allsides-2/harting_Baseline-10E-M-s-CrossSection-2
efeed9752cda1bbe,/home/sb/Harting_Inspection/data/raw/harting_Baseline-10E-M-s-allsides-2/harting_Baseline-10E-M-s-CrossSection-2/frame_000026.jpg,harting_baseline_10e_m_s_allsides_2,cross_section_2,frame_000026,,,unassigned,good,/home/sb/Harting_Inspection/data/raw/harting_Baseline-10E-M-s-allsides-2/harting_Baseline-10E-M-s-CrossSection-2
47c9bc2879e301b6,/home/sb/Harting_Inspection/data/raw/harting_Baseline-10E-M-s-allsides-2/harting_Baseline-10E-M-s-CrossSection-2/frame_000027.jpg,harting_baseline_10e_m_s_allsides_2,cross_section_2,frame_000027,,,unassigned,good,/home/sb/Harting_Inspection/data/raw/harting_Baseline-10E-M-s-allsides-2/harting_Baseline-10E-M-s-CrossSection-2
aebec0ad142b5e6e,/home/sb/Harting_Inspection/data/raw/harting_Baseline-10E-M-s-allsides-2/harting_Baseline-10E-M-s-CrossSection-2/frame_000028.jpg,harting_baseline_10e_m_s_allsides_2,cross_section_2,frame_000028,,,unassigned,good,/home/sb/Harting_Inspection/data/raw/harting_Baseline-10E-M-s-allsides-2/harting_Baseline-10E-M-s-CrossSection-2
6d8c25d45eef49f0,/home/sb/Harting_Inspection/data/raw/harting_Baseline-10E-M-s-allsides-2/harting_Baseline-10E-M-s-CrossSection-2/frame_000029.jpg,harting_baseline_10e_m_s_allsides_2,cross_section_2,frame_000029,,,unassigned,good,/home/sb/Harting_Inspection/data/raw/harting_Baseline-10E-M-s-allsides-2/harting_Baseline-10E-M-s-CrossSection-2
4be9b5dc03dfc44e,/home/sb/Harting_Inspection/data/raw/harting_Baseline-10E-M-s-allsides-2/harting_Baseline-10E-M-s-CrossSection-2/frame_000030.jpg,harting_baseline_10e_m_s_allsides_2,cross_section_2,frame_000030,,,unassigned,good,/home/sb/Harting_Inspection/data/raw/harting_Baseline-10E-M-s-allsides-2/harting_Baseline-10E-M-s-CrossSection-2
22ef1c893ac15a72,/home/sb/Harting_Inspection/data/raw/harting_Baseline-10E-M-s-allsides-2/harting_Baseline-10E-M-s-CrossSection-2/frame_000031.jpg,harting_baseline_10e_m_s_allsides_2,cross_section_2,frame_000031,,,unassigned,good,/home/sb/Harting_Inspection/data/raw/harting_Baseline-10E-M-s-allsides-2/harting_Baseline-10E-M-s-CrossSection-2
02c8e65d46a26534,/home/sb/Harting_Inspection/data/raw/harting_Baseline-10E-M-s-allsides-2/harting_Baseline-10E-M-s-CrossSection-2/frame_000032.jpg,harting_baseline_10e_m_s_allsides_2,cross_section_2,frame_000032,,,unassigned,good,/home/sb/Harting_Inspection/data/raw/harting_Baseline-10E-M-s-allsides-2/harting_Baseline-10E-M-s-CrossSection-2
3a3a058cc6d6c42d,/home/sb/Harting_Inspection/data/raw/harting_Baseline-10E-M-s-allsides-2/harting_Baseline-10E-M-s-CrossSection-2/frame_000033.jpg,harting_baseline_10e_m_s_allsides_2,cross_section_2,frame_000033,,,unassigned,good,/home/sb/Harting_Inspection/data/raw/harting_Baseline-10E-M-s-allsides-2/harting_Baseline-10E-M-s-CrossSection-2
2393f995170a1d5c,/home/sb/Harting_Inspection/data/raw/harting_Baseline-10E-M-s-allsides-2/harting_Baseline-10E-M-s-CrossSection-2/frame_000034.jpg,harting_baseline_10e_m_s_allsides_2,cross_section_2,frame_000034,,,unassigned,good,/home/sb/Harting_Inspection/data/raw/harting_Baseline-10E-M-s-allsides-2/harting_Baseline-10E-M-s-CrossSection-2
6a7c5a5ea7d02828,/home/sb/Harting_Inspection/data/raw/harting_Baseline-10E-M-s-allsides-2/harting_Baseline-10E-M-s-CrossSection-2/frame_000035.jpg,harting_baseline_10e_m_s_allsides_2,cross_section_2,frame_000035,,,unassigned,good,/home/sb/Harting_Inspection/data/raw/harting_Baseline-10E-M-s-allsides-2/harting_Baseline-10E-M-s-CrossSection-2
01666721013cd540,/home/sb/Harting_Inspection/data/raw/harting_Baseline-10E-M-s-allsides-2/harting_Baseline-10E-M-s-CrossSection-2/frame_000036.jpg,harting_baseline_10e_m_s_allsides_2,cross_section_2,frame_000036,,,unassigned,good,/home/sb/Harting_Inspection/data/raw/harting_Baseline-10E-M-s-allsides-2/harting_Baseline-10E-M-s-CrossSection-2
05f4be5e5f894369,/home/sb/Harting_Inspection/data/raw/harting_Baseline-10E-M-s-allsides-2/harting_Baseline-10E-M-s-CrossSection-2/frame_000037.jpg,harting_baseline_10e_m_s_allsides_2,cross_section_2,frame_000037,,,unassigned,good,/home/sb/Harting_Inspection/data/raw/harting_Baseline-10E-M-s-allsides-2/harting_Baseline-10E-M-s-CrossSection-2
c798107767e46c18,/home/sb/Harting_Inspection/data/raw/harting_Baseline-10E-M-s-allsides-2/harting_Baseline-10E-M-s-CrossSection-2/frame_000038.jpg,harting_baseline_10e_m_s_allsides_2,cross_section_2,frame_000038,,,unassigned,good,/home/sb/Harting_Inspection/data/raw/harting_Baseline-10E-M-s-allsides-2/harting_Baseline-10E-M-s-CrossSection-2
13c094c03d440edd,/home/sb/Harting_Inspection/data/raw/harting_Baseline-10E-M-s-allsides-2/harting_Baseline-10E-M-s-CrossSection-2/frame_000039.jpg,harting_baseline_10e_m_s_allsides_2,cross_section_2,frame_000039,,,unassigned,good,/home/sb/Harting_Inspection/data/raw/harting_Baseline-10E-M-s-allsides-2/harting_Baseline-10E-M-s-CrossSection-2
c929fb9d3f5b9b45,/home/sb/Harting_Inspection/data/raw/harting_Baseline-10E-M-s-allsides-2/harting_Baseline-10E-M-s-CrossSection-2/frame_000040.jpg,harting_baseline_10e_m_s_allsides_2,cross_section_2,frame_000040,,,unassigned,good,/home/sb/Harting_Inspection/data/raw/harting_Baseline-10E-M-s-allsides-2/harting_Baseline-10E-M-s-CrossSection-2
1191b9c8ca7ea653,/home/sb/Harting_Inspection/data/raw/harting_Baseline-10E-M-s-allsides-2/harting_Baseline-10E-M-s-CrossSection-2/frame_000041.jpg,harting_baseline_10e_m_s_allsides_2,cross_section_2,frame_000041,,,unassigned,good,/home/sb/Harting_Inspection/data/raw/harting_Baseline-10E-M-s-allsides-2/harting_Baseline-10E-M-s-CrossSection-2
802076c04cfc468c,/home/sb/Harting_Inspection/data/raw/harting_Baseline-10E-M-s-allsides-2/harting_Baseline-10E-M-s-CrossSection-2/frame_000042.jpg,harting_baseline_10e_m_s_allsides_2,cross_section_2,frame_000042,,,unassigned,good,/home/sb/Harting_Inspection/data/raw/harting_Baseline-10E-M-s-allsides-2/harting_Baseline-10E-M-s-CrossSection-2
9ac3b822334553ba,/home/sb/Harting_Inspection/data/raw/harting_Baseline-10E-M-s-allsides-2/harting_Baseline-10E-M-s-CrossSection-2/frame_000043.jpg,harting_baseline_10e_m_s_allsides_2,cross_section_2,frame_000043,,,unassigned,good,/home/sb/Harting_Inspection/data/raw/harting_Baseline-10E-M-s-allsides-2/harting_Baseline-10E-M-s-CrossSection-2
2bea0ec690bd94fc,/home/sb/Harting_Inspection/data/raw/harting_Baseline-10E-M-s-allsides-2/harting_Baseline-10E-M-s-CrossSection-2/frame_000044.jpg,harting_baseline_10e_m_s_allsides_2,cross_section_2,frame_000044,,,unassigned,good,/home/sb/Harting_Inspection/data/raw/harting_Baseline-10E-M-s-allsides-2/harting_Baseline-10E-M-s-CrossSection-2
9031f57e8679647f,/home/sb/Harting_Inspection/data/raw/harting_Baseline-10E-M-s-allsides-2/harting_Baseline-10E-M-s-CrossSection-2/frame_000045.jpg,harting_baseline_10e_m_s_allsides_2,cross_section_2,frame_000045,,,unassigned,good,/home/sb/Harting_Inspection/data/raw/harting_Baseline-10E-M-s-allsides-2/harting_Baseline-10E-M-s-CrossSection-2
83c6b46dd6e8d40b,/home/sb/Harting_Inspection/data/raw/harting_Baseline-10E-M-s-allsides-2/harting_Baseline-10E-M-s-CrossSection-2/frame_000046.jpg,harting_baseline_10e_m_s_allsides_2,cross_section_2,frame_000046,,,unassigned,good,/home/sb/Harting_Inspection/data/raw/harting_Baseline-10E-M-s-allsides-2/harting_Baseline-10E-M-s-CrossSection-2
33a7c635fc78c90d,/home/sb/Harting_Inspection/data/raw/harting_Baseline-10E-M-s-allsides-2/harting_Baseline-10E-M-s-CrossSection-2/frame_000047.jpg,harting_baseline_10e_m_s_allsides_2,cross_section_2,frame_000047,,,unassigned,good,/home/sb/Harting_Inspection/data/raw/harting_Baseline-10E-M-s-allsides-2/harting_Baseline-10E-M-s-CrossSection-2
13f0069e2ce1b346,/home/sb/Harting_Inspection/data/raw/harting_Baseline-10E-M-s-allsides-2/harting_Baseline-10E-M-s-CrossSection-2/frame_000048.jpg,harting_baseline_10e_m_s_allsides_2,cross_section_2,frame_000048,,,unassigned,good,/home/sb/Harting_Inspection/data/raw/harting_Baseline-10E-M-s-allsides-2/harting_Baseline-10E-M-s-CrossSection-2
c88fe45f144dd326,/home/sb/Harting_Inspection/data/raw/harting_Baseline-10E-M-s-allsides-2/harting_Baseline-10E-M-s-CrossSection-2/frame_000049.jpg,harting_baseline_10e_m_s_allsides_2,cross_section_2,frame_000049,,,unassigned,good,/home/sb/Harting_Inspection/data/raw/harting_Baseline-10E-M-s-allsides-2/harting_Baseline-10E-M-s-CrossSection-2
3e8bebbb8086470e,/home/sb/Harting_Inspection/data/raw/harting_Baseline-10E-M-s-allsides-2/harting_Baseline-10E-M-s-CrossSection-2/frame_000050.jpg,harting_baseline_10e_m_s_allsides_2,cross_section_2,frame_000050,,,unassigned,good,/home/sb/Harting_Inspection/data/raw/harting_Baseline-10E-M-s-allsides-2/harting_Baseline-10E-M-s-CrossSection-2
5eb9b1c55d0a15c9,/home/sb/Harting_Inspection/data/raw/harting_Baseline-10E-M-s-allsides-2/harting_Baseline-10E-M-s-CrossSection-2/frame_000051.jpg,harting_baseline_10e_m_s_allsides_2,cross_section_2,frame_000051,,,unassigned,good,/home/sb/Harting_Inspection/data/raw/harting_Baseline-10E-M-s-allsides-2/harting_Baseline-10E-M-s-CrossSection-2
c3cad2a68541a16a,/home/sb/Harting_Inspection/data/raw/harting_Baseline-10E-M-s-allsides-2/harting_Baseline-10E-M-s-CrossSection-2/frame_000052.jpg,harting_baseline_10e_m_s_allsides_2,cross_section_2,frame_000052,,,unassigned,good,/home/sb/Harting_Inspection/data/raw/harting_Baseline-10E-M-s-allsides-2/harting_Baseline-10E-M-s-CrossSection-2
02ea6e9ed6209bff,/home/sb/Harting_Inspection/data/raw/harting_Baseline-10E-M-s-allsides-2/harting_Baseline-10E-M-s-CrossSection-2/frame_000053.jpg,harting_baseline_10e_m_s_allsides_2,cross_section_2,frame_000053,,,unassigned,good,/home/sb/Harting_Inspection/data/raw/harting_Baseline-10E-M-s-allsides-2/harting_Baseline-10E-M-s-CrossSection-2
1628d787e84ae85c,/home/sb/Harting_Inspection/data/raw/harting_Baseline-10E-M-s-allsides-2/harting_Baseline-10E-M-s-CrossSection-2/frame_000054.jpg,harting_baseline_10e_m_s_allsides_2,cross_section_2,frame_000054,,,unassigned,good,/home/sb/Harting_Inspection/data/raw/harting_Baseline-10E-M-s-allsides-2/harting_Baseline-10E-M-s-CrossSection-2
85c1a524c8b6eb37,/home/sb/Harting_Inspection/data/raw/harting_Baseline-10E-M-s-allsides-2/harting_Baseline-10E-M-s-CrossSection-2/frame_000055.jpg,harting_baseline_10e_m_s_allsides_2,cross_section_2,frame_000055,,,unassigned,good,/home/sb/Harting_Inspection/data/raw/harting_Baseline-10E-M-s-allsides-2/harting_Baseline-10E-M-s-CrossSection-2
95889cdf3615cc70,/home/sb/Harting_Inspection/data/raw/harting_Baseline-10E-M-s-allsides-2/harting_Baseline-10E-M-s-CrossSection-2/frame_000056.jpg,harting_baseline_10e_m_s_allsides_2,cross_section_2,frame_000056,,,unassigned,good,/home/sb/Harting_Inspection/data/raw/harting_Baseline-10E-M-s-allsides-2/harting_Baseline-10E-M-s-CrossSection-2
1a2bedbf73b335cb,/home/sb/Harting_Inspection/data/raw/harting_Baseline-10E-M-s-allsides-2/harting_Baseline-10E-M-s-CrossSection-2/frame_000057.jpg,harting_baseline_10e_m_s_allsides_2,cross_section_2,frame_000057,,,unassigned,good,/home/sb/Harting_Inspection/data/raw/harting_Baseline-10E-M-s-allsides-2/harting_Baseline-10E-M-s-CrossSection-2
2aa968aec9052cd3,/home/sb/Harting_Inspection/data/raw/harting_Baseline-10E-M-s-allsides-2/harting_Baseline-10E-M-s-CrossSection-2/frame_000058.jpg,harting_baseline_10e_m_s_allsides_2,cross_section_2,frame_000058,,,unassigned,good,/home/sb/Harting_Inspection/data/raw/harting_Baseline-10E-M-s-allsides-2/harting_Baseline-10E-M-s-CrossSection-2
854d8fe99ef44cbe,/home/sb/Harting_Inspection/data/raw/harting_Baseline-10E-M-s-allsides-2/harting_Baseline-10E-M-s-CrossSection-2/frame_000059.jpg,harting_baseline_10e_m_s_allsides_2,cross_section_2,frame_000059,,,unassigned,good,/home/sb/Harting_Inspection/data/raw/harting_Baseline-10E-M-s-allsides-2/harting_Baseline-10E-M-s-CrossSection-2
ca5a067e890f8660,/home/sb/Harting_Inspection/data/raw/harting_Baseline-10E-M-s-allsides-2/harting_Baseline-10E-M-s-CrossSection-2/frame_000060.jpg,harting_baseline_10e_m_s_allsides_2,cross_section_2,frame_000060,,,unassigned,good,/home/sb/Harting_Inspection/data/raw/harting_Baseline-10E-M-s-allsides-2/harting_Baseline-10E-M-s-CrossSection-2
fc39038237546f60,/home/sb/Harting_Inspection/data/raw/harting_Baseline-10E-M-s-allsides-2/harting_Baseline-10E-M-s-CrossSection-2/frame_000061.jpg,harting_baseline_10e_m_s_allsides_2,cross_section_2,frame_000061,,,unassigned,good,/home/sb/Harting_Inspection/data/raw/harting_Baseline-10E-M-s-allsides-2/harting_Baseline-10E-M-s-CrossSection-2
4a02601763c066cb,/home/sb/Harting_Inspection/data/raw/harting_Baseline-10E-M-s-allsides-2/harting_Baseline-10E-M-s-CrossSection-2/frame_000062.jpg,harting_baseline_10e_m_s_allsides_2,cross_section_2,frame_000062,,,unassigned,good,/home/sb/Harting_Inspection/data/raw/harting_Baseline-10E-M-s-allsides-2/harting_Baseline-10E-M-s-CrossSection-2
ff00c8c8e32469d5,/home/sb/Harting_Inspection/data/raw/harting_Baseline-10E-M-s-allsides-2/harting_Baseline-10E-M-s-CrossSection-2/frame_000063.jpg,harting_baseline_10e_m_s_allsides_2,cross_section_2,frame_000063,,,unassigned,good,/home/sb/Harting_Inspection/data/raw/harting_Baseline-10E-M-s-allsides-2/harting_Baseline-10E-M-s-CrossSection-2
4520c2037032cb3f,/home/sb/Harting_Inspection/data/raw/harting_Baseline-10E-M-s-allsides-2/harting_Baseline-10E-M-s-CrossSection-2/frame_000064.jpg,harting_baseline_10e_m_s_allsides_2,cross_section_2,frame_000064,,,unassigned,good,/home/sb/Harting_Inspection/data/raw/harting_Baseline-10E-M-s-allsides-2/harting_Baseline-10E-M-s-CrossSection-2
2d6f124b22f66b8f,/home/sb/Harting_Inspection/data/raw/harting_Baseline-10E-M-s-allsides-2/harting_Baseline-10E-M-s-CrossSection-2/frame_000065.jpg,harting_baseline_10e_m_s_allsides_2,cross_section_2,frame_000065,,,unassigned,good,/home/sb/Harting_Inspection/data/raw/harting_Baseline-10E-M-s-allsides-2/harting_Baseline-10E-M-s-CrossSection-2
48b52518b727917e,/home/sb/Harting_Inspection/data/raw/harting_Baseline-10E-M-s-allsides-2/harting_Baseline-10E-M-s-CrossSection-2/frame_000066.jpg,harting_baseline_10e_m_s_allsides_2,cross_section_2,frame_000066,,,unassigned,good,/home/sb/Harting_Inspection/data/raw/harting_Baseline-10E-M-s-allsides-2/harting_Baseline-10E-M-s-CrossSection-2
795b0f04cd1d4a9d,/home/sb/Harting_Inspection/data/raw/harting_Baseline-10E-M-s-allsides-2/harting_Baseline-10E-M-s-CrossSection-2/frame_000067.jpg,harting_baseline_10e_m_s_allsides_2,cross_section_2,frame_000067,,,unassigned,good,/home/sb/Harting_Inspection/data/raw/harting_Baseline-10E-M-s-allsides-2/harting_Baseline-10E-M-s-CrossSection-2
db10768b2f522513,/home/sb/Harting_Inspection/data/raw/harting_Baseline-10E-M-s-allsides-2/harting_Baseline-10E-M-s-CrossSection-2/frame_000068.jpg,harting_baseline_10e_m_s_allsides_2,cross_section_2,frame_000068,,,unassigned,good,/home/sb/Harting_Inspection/data/raw/harting_Baseline-10E-M-s-allsides-2/harting_Baseline-10E-M-s-CrossSection-2
da7c2f51e9697301,/home/sb/Harting_Inspection/data/raw/harting_Baseline-10E-M-s-allsides-2/harting_Baseline-10E-M-s-CrossSection-2/frame_000069.jpg,harting_baseline_10e_m_s_allsides_2,cross_section_2,frame_000069,,,unassigned,good,/home/sb/Harting_Inspection/data/raw/harting_Baseline-10E-M-s-allsides-2/harting_Baseline-10E-M-s-CrossSection-2
7adae5153c4bb529,/home/sb/Harting_Inspection/data/raw/harting_Baseline-10E-M-s-allsides-2/harting_Baseline-10E-M-s-CrossSection-2/frame_000070.jpg,harting_baseline_10e_m_s_allsides_2,cross_section_2,frame_000070,,,unassigned,good,/home/sb/Harting_Inspection/data/raw/harting_Baseline-10E-M-s-allsides-2/harting_Baseline-10E-M-s-CrossSection-2
1e4ffec641fc4612,/home/sb/Harting_Inspection/data/raw/harting_Baseline-10E-M-s-allsides-2/harting_Baseline-10E-M-s-CrossSection-2/frame_000071.jpg,harting_baseline_10e_m_s_allsides_2,cross_section_2,frame_000071,,,unassigned,good,/home/sb/Harting_Inspection/data/raw/harting_Baseline-10E-M-s-allsides-2/harting_Baseline-10E-M-s-CrossSection-2
00274de3205df77b,/home/sb/Harting_Inspection/data/raw/harting_Baseline-10E-M-s-allsides-2/harting_Baseline-10E-M-s-CrossSection-2/frame_000072.jpg,harting_baseline_10e_m_s_allsides_2,cross_section_2,frame_000072,,,unassigned,good,/home/sb/Harting_Inspection/data/raw/harting_Baseline-10E-M-s-allsides-2/harting_Baseline-10E-M-s-CrossSection-2
809a8cda65ba4767,/home/sb/Harting_Inspection/data/raw/harting_Baseline-10E-M-s-allsides-2/harting_Baseline-10E-M-s-CrossSection-2/frame_000073.jpg,harting_baseline_10e_m_s_allsides_2,cross_section_2,frame_000073,,,unassigned,good,/home/sb/Harting_Inspection/data/raw/harting_Baseline-10E-M-s-allsides-2/harting_Baseline-10E-M-s-CrossSection-2
54ee19c5512cc8ac,/home/sb/Harting_Inspection/data/raw/harting_Baseline-10E-M-s-allsides-2/harting_Baseline-10E-M-s-CrossSection-2/frame_000074.jpg,harting_baseline_10e_m_s_allsides_2,cross_section_2,frame_000074,,,unassigned,good,/home/sb/Harting_Inspection/data/raw/harting_Baseline-10E-M-s-allsides-2/harting_Baseline-10E-M-s-CrossSection-2
4a777311ffcb2ef2,/home/sb/Harting_Inspection/data/raw/harting_Baseline-10E-M-s-allsides-2/harting_Baseline-10E-M-s-CrossSection-2/frame_000075.jpg,harting_baseline_10e_m_s_allsides_2,cross_section_2,frame_000075,,,unassigned,good,/home/sb/Harting_Inspection/data/raw/harting_Baseline-10E-M-s-allsides-2/harting_Baseline-10E-M-s-CrossSection-2
4e0c9664d4f5660d,/home/sb/Harting_Inspection/data/raw/harting_Baseline-10E-M-s-allsides-2/harting_Baseline-10E-M-s-CrossSection-2/frame_000076.jpg,harting_baseline_10e_m_s_allsides_2,cross_section_2,frame_000076,,,unassigned,good,/home/sb/Harting_Inspection/data/raw/harting_Baseline-10E-M-s-allsides-2/harting_Baseline-10E-M-s-CrossSection-2
c1a4a227a78c1e61,/home/sb/Harting_Inspection/data/raw/harting_Baseline-10E-M-s-allsides-2/harting_Baseline-10E-M-s-CrossSection-2/frame_000077.jpg,harting_baseline_10e_m_s_allsides_2,cross_section_2,frame_000077,,,unassigned,good,/home/sb/Harting_Inspection/data/raw/harting_Baseline-10E-M-s-allsides-2/harting_Baseline-10E-M-s-CrossSection-2
b738a092392cb05a,/home/sb/Harting_Inspection/data/raw/harting_Baseline-10E-M-s-allsides-2/harting_Baseline-10E-M-s-CrossSection-2/frame_000078.jpg,harting_baseline_10e_m_s_allsides_2,cross_section_2,frame_000078,,,unassigned,good,/home/sb/Harting_Inspection/data/raw/harting_Baseline-10E-M-s-allsides-2/harting_Baseline-10E-M-s-CrossSection-2
da2f5c6fb1d91f2d,/home/sb/Harting_Inspection/data/raw/harting_Baseline-10E-M-s-allsides-2/harting_Baseline-10E-M-s-CrossSection-2/frame_000079.jpg,harting_baseline_10e_m_s_allsides_2,cross_section_2,frame_000079,,,unassigned,good,/home/sb/Harting_Inspection/data/raw/harting_Baseline-10E-M-s-allsides-2/harting_Baseline-10E-M-s-CrossSection-2
ab71c368704afc7d,/home/sb/Harting_Inspection/data/raw/harting_Baseline-10E-M-s-allsides-2/harting_Baseline-10E-M-s-CrossSection-2/frame_000080.jpg,harting_baseline_10e_m_s_allsides_2,cross_section_2,frame_000080,,,unassigned,good,/home/sb/Harting_Inspection/data/raw/harting_Baseline-10E-M-s-allsides-2/harting_Baseline-10E-M-s-CrossSection-2
b7ea8c779d9693d3,/home/sb/Harting_Inspection/data/raw/harting_Baseline-10E-M-s-allsides-2/harting_Baseline-10E-M-s-CrossSection-2/frame_000081.jpg,harting_baseline_10e_m_s_allsides_2,cross_section_2,frame_000081,,,unassigned,good,/home/sb/Harting_Inspection/data/raw/harting_Baseline-10E-M-s-allsides-2/harting_Baseline-10E-M-s-CrossSection-2
1a93ecf109a5bc62,/home/sb/Harting_Inspection/data/raw/harting_Baseline-10E-M-s-allsides-2/harting_Baseline-10E-M-s-CrossSection-2/frame_000082.jpg,harting_baseline_10e_m_s_allsides_2,cross_section_2,frame_000082,,,unassigned,good,/home/sb/Harting_Inspection/data/raw/harting_Baseline-10E-M-s-allsides-2/harting_Baseline-10E-M-s-CrossSection-2
76388f591e9182f3,/home/sb/Harting_Inspection/data/raw/harting_Baseline-10E-M-s-allsides-2/harting_Baseline-10E-M-s-CrossSection-2/frame_000083.jpg,harting_baseline_10e_m_s_allsides_2,cross_section_2,frame_000083,,,unassigned,good,/home/sb/Harting_Inspection/data/raw/harting_Baseline-10E-M-s-allsides-2/harting_Baseline-10E-M-s-CrossSection-2
25dbf8144216e285,/home/sb/Harting_Inspection/data/raw/harting_Baseline-10E-M-s-allsides-2/harting_Baseline-10E-M-s-CrossSection-2/frame_000084.jpg,harting_baseline_10e_m_s_allsides_2,cross_section_2,frame_000084,,,unassigned,good,/home/sb/Harting_Inspection/data/raw/harting_Baseline-10E-M-s-allsides-2/harting_Baseline-10E-M-s-CrossSection-2
ce3ebed105faa688,/home/sb/Harting_Inspection/data/raw/harting_Baseline-10E-M-s-allsides-2/harting_Baseline-10E-M-s-CrossSection-2/frame_000085.jpg,harting_baseline_10e_m_s_allsides_2,cross_section_2,frame_000085,,,unassigned,good,/home/sb/Harting_Inspection/data/raw/harting_Baseline-10E-M-s-allsides-2/harting_Baseline-10E-M-s-CrossSection-2
67191fba62b3d99f,/home/sb/Harting_Inspection/data/raw/harting_Baseline-10E-M-s-allsides-2/harting_Baseline-10E-M-s-CrossSection-2/frame_000086.jpg,harting_baseline_10e_m_s_allsides_2,cross_section_2,frame_000086,,,unassigned,good,/home/sb/Harting_Inspection/data/raw/harting_Baseline-10E-M-s-allsides-2/harting_Baseline-10E-M-s-CrossSection-2
f26d5f2c659816ea,/home/sb/Harting_Inspection/data/raw/harting_Baseline-10E-M-s-allsides-2/harting_Baseline-10E-M-s-CrossSection-2/frame_000087.jpg,harting_baseline_10e_m_s_allsides_2,cross_section_2,frame_000087,,,unassigned,good,/home/sb/Harting_Inspection/data/raw/harting_Baseline-10E-M-s-allsides-2/harting_Baseline-10E-M-s-CrossSection-2
66085e6f34f37d26,/home/sb/Harting_Inspection/data/raw/harting_Baseline-10E-M-s-allsides-2/harting_Baseline-10E-M-s-CrossSection-2/frame_000088.jpg,harting_baseline_10e_m_s_allsides_2,cross_section_2,frame_000088,,,unassigned,good,/home/sb/Harting_Inspection/data/raw/harting_Baseline-10E-M-s-allsides-2/harting_Baseline-10E-M-s-CrossSection-2
4661ad7b835921f7,/home/sb/Harting_Inspection/data/raw/harting_Baseline-10E-M-s-allsides-2/harting_Baseline-10E-M-s-CrossSection-2/frame_000089.jpg,harting_baseline_10e_m_s_allsides_2,cross_section_2,frame_000089,,,unassigned,good,/home/sb/Harting_Inspection/data/raw/harting_Baseline-10E-M-s-allsides-2/harting_Baseline-10E-M-s-CrossSection-2
9d0e37c0ea6f1fa3,/home/sb/Harting_Inspection/data/raw/harting_Baseline-10E-M-s-allsides-2/harting_Baseline-10E-M-s-CrossSection-2/frame_000090.jpg,harting_baseline_10e_m_s_allsides_2,cross_section_2,frame_000090,,,unassigned,good,/home/sb/Harting_Inspection/data/raw/harting_Baseline-10E-M-s-allsides-2/harting_Baseline-10E-M-s-CrossSection-2
fa1dad5d97c352a0,/home/sb/Harting_Inspection/data/raw/harting_Baseline-10E-M-s-allsides-2/harting_Baseline-10E-M-s-CrossSection-2/frame_000091.jpg,harting_baseline_10e_m_s_allsides_2,cross_section_2,frame_000091,,,unassigned,good,/home/sb/Harting_Inspection/data/raw/harting_Baseline-10E-M-s-allsides-2/harting_Baseline-10E-M-s-CrossSection-2
ee4398a878af6817,/home/sb/Harting_Inspection/data/raw/harting_Baseline-10E-M-s-allsides-2/harting_Baseline-10E-M-s-CrossSection-2/frame_000092.jpg,harting_baseline_10e_m_s_allsides_2,cross_section_2,frame_000092,,,unassigned,good,/home/sb/Harting_Inspection/data/raw/harting_Baseline-10E-M-s-allsides-2/harting_Baseline-10E-M-s-CrossSection-2
e78686dc9cae4a3f,/home/sb/Harting_Inspection/data/raw/harting_Baseline-10E-M-s-allsides-2/harting_Baseline-10E-M-s-CrossSection-2/frame_000093.jpg,harting_baseline_10e_m_s_allsides_2,cross_section_2,frame_000093,,,unassigned,good,/home/sb/Harting_Inspection/data/raw/harting_Baseline-10E-M-s-allsides-2/harting_Baseline-10E-M-s-CrossSection-2
26bd8b44dc407093,/home/sb/Harting_Inspection/data/raw/harting_Baseline-10E-M-s-allsides-2/harting_Baseline-10E-M-s-CrossSection-2/frame_000094.jpg,harting_baseline_10e_m_s_allsides_2,cross_section_2,frame_000094,,,unassigned,good,/home/sb/Harting_Inspection/data/raw/harting_Baseline-10E-M-s-allsides-2/harting_Baseline-10E-M-s-CrossSection-2
bed80079c58878eb,/home/sb/Harting_Inspection/data/raw/harting_Baseline-10E-M-s-allsides-2/harting_Baseline-10E-M-s-CrossSection-2/frame_000095.jpg,harting_baseline_10e_m_s_allsides_2,cross_section_2,frame_000095,,,unassigned,good,/home/sb/Harting_Inspection/data/raw/harting_Baseline-10E-M-s-allsides-2/harting_Baseline-10E-M-s-CrossSection-2
2f8cfed10e3056e9,/home/sb/Harting_Inspection/data/raw/harting_Baseline-10E-M-s-allsides-2/harting_Baseline-10E-M-s-CrossSection-2/frame_000096.jpg,harting_baseline_10e_m_s_allsides_2,cross_section_2,frame_000096,,,unassigned,good,/home/sb/Harting_Inspection/data/raw/harting_Baseline-10E-M-s-allsides-2/harting_Baseline-10E-M-s-CrossSection-2
c3a23b5f1377cf2a,/home/sb/Harting_Inspection/data/raw/harting_Baseline-10E-M-s-allsides-2/harting_Baseline-10E-M-s-CrossSection-2/frame_000097.jpg,harting_baseline_10e_m_s_allsides_2,cross_section_2,frame_000097,,,unassigned,good,/home/sb/Harting_Inspection/data/raw/harting_Baseline-10E-M-s-allsides-2/harting_Baseline-10E-M-s-CrossSection-2
0330f04b1e2c4abb,/home/sb/Harting_Inspection/data/raw/harting_Baseline-10E-M-s-allsides-2/harting_Baseline-10E-M-s-CrossSection-2/frame_000098.jpg,harting_baseline_10e_m_s_allsides_2,cross_section_2,frame_000098,,,unassigned,good,/home/sb/Harting_Inspection/data/raw/harting_Baseline-10E-M-s-allsides-2/harting_Baseline-10E-M-s-CrossSection-2
20b5ede6b556490a,/home/sb/Harting_Inspection/data/raw/harting_Baseline-10E-M-s-allsides-2/harting_Baseline-10E-M-s-CrossSection-2/frame_000099.jpg,harting_baseline_10e_m_s_allsides_2,cross_section_2,frame_000099,,,unassigned,good,/home/sb/Harting_Inspection/data/raw/harting_Baseline-10E-M-s-allsides-2/harting_Baseline-10E-M-s-CrossSection-2
eaaac88fc71461ee,/home/sb/Harting_Inspection/data/raw/harting_Baseline-10E-M-s-allsides-2/harting_Baseline-10E-M-s-CrossSection-2/frame_000100.jpg,harting_baseline_10e_m_s_allsides_2,cross_section_2,frame_000100,,,unassigned,good,/home/sb/Harting_Inspection/data/raw/harting_Baseline-10E-M-s-allsides-2/harting_Baseline-10E-M-s-CrossSection-2
a183653dcdae7477,/home/sb/Harting_Inspection/data/raw/harting_Baseline-10E-M-s-allsides-2/harting_Baseline-10E-M-s-CrossSection-2/frame_000101.jpg,harting_baseline_10e_m_s_allsides_2,cross_section_2,frame_000101,,,unassigned,good,/home/sb/Harting_Inspection/data/raw/harting_Baseline-10E-M-s-allsides-2/harting_Baseline-10E-M-s-CrossSection-2
06f8fafcb5b689e2,/home/sb/Harting_Inspection/data/raw/harting_Baseline-10E-M-s-allsides-2/harting_Baseline-10E-M-s-CrossSection-2/frame_000102.jpg,harting_baseline_10e_m_s_allsides_2,cross_section_2,frame_000102,,,unassigned,good,/home/sb/Harting_Inspection/data/raw/harting_Baseline-10E-M-s-allsides-2/harting_Baseline-10E-M-s-CrossSection-2
dc6ee43376c68baf,/home/sb/Harting_Inspection/data/raw/harting_Baseline-10E-M-s-allsides-2/harting_Baseline-10E-M-s-CrossSection-2/frame_000103.jpg,harting_baseline_10e_m_s_allsides_2,cross_section_2,frame_000103,,,unassigned,good,/home/sb/Harting_Inspection/data/raw/harting_Baseline-10E-M-s-allsides-2/harting_Baseline-10E-M-s-CrossSection-2
bb4275b65e328e28,/home/sb/Harting_Inspection/data/raw/harting_Baseline-10E-M-s-allsides-2/harting_Baseline-10E-M-s-CrossSection-2/frame_000104.jpg,harting_baseline_10e_m_s_allsides_2,cross_section_2,frame_000104,,,unassigned,good,/home/sb/Harting_Inspection/data/raw/harting_Baseline-10E-M-s-allsides-2/harting_Baseline-10E-M-s-CrossSection-2
d8e6034bbaee6b2b,/home/sb/Harting_Inspection/data/raw/harting_Baseline-10E-M-s-allsides-2/harting_Baseline-10E-M-s-CrossSection-2/frame_000105.jpg,harting_baseline_10e_m_s_allsides_2,cross_section_2,frame_000105,,,unassigned,good,/home/sb/Harting_Inspection/data/raw/harting_Baseline-10E-M-s-allsides-2/harting_Baseline-10E-M-s-CrossSection-2
ffc7f25b24465b4d,/home/sb/Harting_Inspection/data/raw/harting_Baseline-10E-M-s-allsides-2/harting_Baseline-10E-M-s-CrossSection-2/frame_000106.jpg,harting_baseline_10e_m_s_allsides_2,cross_section_2,frame_000106,,,unassigned,good,/home/sb/Harting_Inspection/data/raw/harting_Baseline-10E-M-s-allsides-2/harting_Baseline-10E-M-s-CrossSection-2
1ce035b1c4460a59,/home/sb/Harting_Inspection/data/raw/harting_Baseline-10E-M-s-allsides-2/harting_Baseline-10E-M-s-CrossSection-2/frame_000107.jpg,harting_baseline_10e_m_s_allsides_2,cross_section_2,frame_000107,,,unassigned,good,/home/sb/Harting_Inspection/data/raw/harting_Baseline-10E-M-s-allsides-2/harting_Baseline-10E-M-s-CrossSection-2
42ce641759767d49,/home/sb/Harting_Inspection/data/raw/harting_Baseline-10E-M-s-allsides-2/harting_Baseline-10E-M-s-CrossSection-2/frame_000108.jpg,harting_baseline_10e_m_s_allsides_2,cross_section_2,frame_000108,,,unassigned,good,/home/sb/Harting_Inspection/data/raw/harting_Baseline-10E-M-s-allsides-2/harting_Baseline-10E-M-s-CrossSection-2
898038221338d4f0,/home/sb/Harting_Inspection/data/raw/harting_Baseline-10E-M-s-allsides-2/harting_Baseline-10E-M-s-CrossSection-2/frame_000109.jpg,harting_baseline_10e_m_s_allsides_2,cross_section_2,frame_000109,,,unassigned,good,/home/sb/Harting_Inspection/data/raw/harting_Baseline-10E-M-s-allsides-2/harting_Baseline-10E-M-s-CrossSection-2
4479d5b5ffb6478f,/home/sb/Harting_Inspection/data/raw/harting_Baseline-10E-M-s-allsides-2/harting_Baseline-10E-M-s-CrossSection-2/frame_000110.jpg,harting_baseline_10e_m_s_allsides_2,cross_section_2,frame_000110,,,unassigned,good,/home/sb/Harting_Inspection/data/raw/harting_Baseline-10E-M-s-allsides-2/harting_Baseline-10E-M-s-CrossSection-2
cdca493c099ee67b,/home/sb/Harting_Inspection/data/raw/harting_Baseline-10E-M-s-allsides-2/harting_Baseline-10E-M-s-CrossSection-2/frame_000111.jpg,harting_baseline_10e_m_s_allsides_2,cross_section_2,frame_000111,,,unassigned,good,/home/sb/Harting_Inspection/data/raw/harting_Baseline-10E-M-s-allsides-2/harting_Baseline-10E-M-s-CrossSection-2
a3ed8d11cf15a274,/home/sb/Harting_Inspection/data/raw/harting_Baseline-10E-M-s-allsides-2/harting_Baseline-10E-M-s-CrossSection-2/frame_000112.jpg,harting_baseline_10e_m_s_allsides_2,cross_section_2,frame_000112,,,unassigned,good,/home/sb/Harting_Inspection/data/raw/harting_Baseline-10E-M-s-allsides-2/harting_Baseline-10E-M-s-CrossSection-2
85b8785b344f2f3a,/home/sb/Harting_Inspection/data/raw/harting_Baseline-10E-M-s-allsides-2/harting_Baseline-10E-M-s-CrossSection-2/frame_000113.jpg,harting_baseline_10e_m_s_allsides_2,cross_section_2,frame_000113,,,unassigned,good,/home/sb/Harting_Inspection/data/raw/harting_Baseline-10E-M-s-allsides-2/harting_Baseline-10E-M-s-CrossSection-2
02efb51c7233e7f7,/home/sb/Harting_Inspection/data/raw/harting_Baseline-10E-M-s-allsides-2/harting_Baseline-10E-M-s-CrossSection-2/frame_000114.jpg,harting_baseline_10e_m_s_allsides_2,cross_section_2,frame_000114,,,unassigned,good,/home/sb/Harting_Inspection/data/raw/harting_Baseline-10E-M-s-allsides-2/harting_Baseline-10E-M-s-CrossSection-2
84d06933de33d85a,/home/sb/Harting_Inspection/data/raw/harting_Baseline-10E-M-s-allsides-2/harting_Baseline-10E-M-s-CrossSection-2/frame_000115.jpg,harting_baseline_10e_m_s_allsides_2,cross_section_2,frame_000115,,,unassigned,good,/home/sb/Harting_Inspection/data/raw/harting_Baseline-10E-M-s-allsides-2/harting_Baseline-10E-M-s-CrossSection-2
20df73a33d01d81b,/home/sb/Harting_Inspection/data/raw/harting_Baseline-10E-M-s-allsides-2/harting_Baseline-10E-M-s-CrossSection-2/frame_000116.jpg,harting_baseline_10e_m_s_allsides_2,cross_section_2,frame_000116,,,unassigned,good,/home/sb/Harting_Inspection/data/raw/harting_Baseline-10E-M-s-allsides-2/harting_Baseline-10E-M-s-CrossSection-2
12f065422a29f465,/home/sb/Harting_Inspection/data/raw/harting_Baseline-10E-M-s-allsides-2/harting_Baseline-10E-M-s-CrossSection-2/frame_000117.jpg,harting_baseline_10e_m_s_allsides_2,cross_section_2,frame_000117,,,unassigned,good,/home/sb/Harting_Inspection/data/raw/harting_Baseline-10E-M-s-allsides-2/harting_Baseline-10E-M-s-CrossSection-2
190a700d92669f5b,/home/sb/Harting_Inspection/data/raw/harting_Baseline-10E-M-s-allsides-2/harting_Baseline-10E-M-s-CrossSection-2/frame_000118.jpg,harting_baseline_10e_m_s_allsides_2,cross_section_2,frame_000118,,,unassigned,good,/home/sb/Harting_Inspection/data/raw/harting_Baseline-10E-M-s-allsides-2/harting_Baseline-10E-M-s-CrossSection-2
5ea4008de2bd622c,/home/sb/Harting_Inspection/data/raw/harting_Baseline-10E-M-s-allsides-2/harting_Baseline-10E-M-s-CrossSection-2/frame_000119.jpg,harting_baseline_10e_m_s_allsides_2,cross_section_2,frame_000119,,,unassigned,good,/home/sb/Harting_Inspection/data/raw/harting_Baseline-10E-M-s-allsides-2/harting_Baseline-10E-M-s-CrossSection-2
80160de3446030a3,/home/sb/Harting_Inspection/data/raw/harting_Baseline-10E-M-s-allsides-2/harting_Baseline-10E-M-s-CrossSection-2/frame_000120.jpg,harting_baseline_10e_m_s_allsides_2,cross_section_2,frame_000120,,,unassigned,good,/home/sb/Harting_Inspection/data/raw/harting_Baseline-10E-M-s-allsides-2/harting_Baseline-10E-M-s-CrossSection-2
6484dc21fbeb2d73,/home/sb/Harting_Inspection/data/raw/harting_Baseline-10E-M-s-allsides-2/harting_Baseline-10E-M-s-CrossSection-2/frame_000121.jpg,harting_baseline_10e_m_s_allsides_2,cross_section_2,frame_000121,,,unassigned,good,/home/sb/Harting_Inspection/data/raw/harting_Baseline-10E-M-s-allsides-2/harting_Baseline-10E-M-s-CrossSection-2
c3b2d8c4878a6c76,/home/sb/Harting_Inspection/data/raw/harting_Baseline-10E-M-s-allsides-2/harting_Baseline-10E-M-s-CrossSection-2/frame_000122.jpg,harting_baseline_10e_m_s_allsides_2,cross_section_2,frame_000122,,,unassigned,good,/home/sb/Harting_Inspection/data/raw/harting_Baseline-10E-M-s-allsides-2/harting_Baseline-10E-M-s-CrossSection-2
fd405a80fd651d7b,/home/sb/Harting_Inspection/data/raw/harting_Baseline-10E-M-s-allsides-2/harting_Baseline-10E-M-s-CrossSection-2/frame_000123.jpg,harting_baseline_10e_m_s_allsides_2,cross_section_2,frame_000123,,,unassigned,good,/home/sb/Harting_Inspection/data/raw/harting_Baseline-10E-M-s-allsides-2/harting_Baseline-10E-M-s-CrossSection-2
01cc9b2b4c55c608,/home/sb/Harting_Inspection/data/raw/harting_Baseline-10E-M-s-allsides-2/harting_Baseline-10E-M-s-CrossSection-2/frame_000124.jpg,harting_baseline_10e_m_s_allsides_2,cross_section_2,frame_000124,,,unassigned,good,/home/sb/Harting_Inspection/data/raw/harting_Baseline-10E-M-s-allsides-2/harting_Baseline-10E-M-s-CrossSection-2
87a5ca2b2dd04601,/home/sb/Harting_Inspection/data/raw/harting_Baseline-10E-M-s-allsides-2/harting_Baseline-10E-M-s-CrossSection-2/frame_000125.jpg,harting_baseline_10e_m_s_allsides_2,cross_section_2,frame_000125,,,unassigned,good,/home/sb/Harting_Inspection/data/raw/harting_Baseline-10E-M-s-allsides-2/harting_Baseline-10E-M-s-CrossSection-2
d00cef4c7dc4c182,/home/sb/Harting_Inspection/data/raw/harting_Baseline-10E-M-s-allsides-2/harting_Baseline-10E-M-s-CrossSection-2/frame_000126.jpg,harting_baseline_10e_m_s_allsides_2,cross_section_2,frame_000126,,,unassigned,good,/home/sb/Harting_Inspection/data/raw/harting_Baseline-10E-M-s-allsides-2/harting_Baseline-10E-M-s-CrossSection-2
b14979aa76243f71,/home/sb/Harting_Inspection/data/raw/harting_Baseline-10E-M-s-allsides-2/harting_Baseline-10E-M-s-CrossSection-2/frame_000127.jpg,harting_baseline_10e_m_s_allsides_2,cross_section_2,frame_000127,,,unassigned,good,/home/sb/Harting_Inspection/data/raw/harting_Baseline-10E-M-s-allsides-2/harting_Baseline-10E-M-s-CrossSection-2
54bfbad00f76148b,/home/sb/Harting_Inspection/data/raw/harting_Baseline-10E-M-s-allsides-2/harting_Baseline-10E-M-s-CrossSection-2/frame_000128.jpg,harting_baseline_10e_m_s_allsides_2,cross_section_2,frame_000128,,,unassigned,good,/home/sb/Harting_Inspection/data/raw/harting_Baseline-10E-M-s-allsides-2/harting_Baseline-10E-M-s-CrossSection-2
ea5895e9776ff819,/home/sb/Harting_Inspection/data/raw/harting_Baseline-10E-M-s-allsides-2/harting_Baseline-10E-M-s-CrossSection-2/frame_000129.jpg,harting_baseline_10e_m_s_allsides_2,cross_section_2,frame_000129,,,unassigned,good,/home/sb/Harting_Inspection/data/raw/harting_Baseline-10E-M-s-allsides-2/harting_Baseline-10E-M-s-CrossSection-2
2334e069169c7112,/home/sb/Harting_Inspection/data/raw/harting_Baseline-10E-M-s-allsides-2/harting_Baseline-10E-M-s-CrossSection-2/frame_000130.jpg,harting_baseline_10e_m_s_allsides_2,cross_section_2,frame_000130,,,unassigned,good,/home/sb/Harting_Inspection/data/raw/harting_Baseline-10E-M-s-allsides-2/harting_Baseline-10E-M-s-CrossSection-2
a4c19d0c324bc906,/home/sb/Harting_Inspection/data/raw/harting_Baseline-10E-M-s-allsides-2/harting_Baseline-10E-M-s-CrossSection-2/frame_000131.jpg,harting_baseline_10e_m_s_allsides_2,cross_section_2,frame_000131,,,unassigned,good,/home/sb/Harting_Inspection/data/raw/harting_Baseline-10E-M-s-allsides-2/harting_Baseline-10E-M-s-CrossSection-2
a8e01ea4bfca1dd9,/home/sb/Harting_Inspection/data/raw/harting_Baseline-10E-M-s-allsides-2/harting_Baseline-10E-M-s-CrossSection-2/frame_000132.jpg,harting_baseline_10e_m_s_allsides_2,cross_section_2,frame_000132,,,unassigned,good,/home/sb/Harting_Inspection/data/raw/harting_Baseline-10E-M-s-allsides-2/harting_Baseline-10E-M-s-CrossSection-2
e44e26a560a3b9ea,/home/sb/Harting_Inspection/data/raw/harting_Baseline-10E-M-s-allsides-2/harting_Baseline-10E-M-s-CrossSection-2/frame_000133.jpg,harting_baseline_10e_m_s_allsides_2,cross_section_2,frame_000133,,,unassigned,good,/home/sb/Harting_Inspection/data/raw/harting_Baseline-10E-M-s-allsides-2/harting_Baseline-10E-M-s-CrossSection-2
ae8732eaf603a9c8,/home/sb/Harting_Inspection/data/raw/harting_Baseline-10E-M-s-allsides-2/harting_Baseline-10E-M-s-CrossSection-2/frame_000134.jpg,harting_baseline_10e_m_s_allsides_2,cross_section_2,frame_000134,,,unassigned,good,/home/sb/Harting_Inspection/data/raw/harting_Baseline-10E-M-s-allsides-2/harting_Baseline-10E-M-s-CrossSection-2
91212f051b2397b8,/home/sb/Harting_Inspection/data/raw/harting_Baseline-10E-M-s-allsides-2/harting_Baseline-10E-M-s-CrossSection-2/frame_000135.jpg,harting_baseline_10e_m_s_allsides_2,cross_section_2,frame_000135,,,unassigned,good,/home/sb/Harting_Inspection/data/raw/harting_Baseline-10E-M-s-allsides-2/harting_Baseline-10E-M-s-CrossSection-2
fd5a5336d08d7ee0,/home/sb/Harting_Inspection/data/raw/harting_Baseline-10E-M-s-allsides-2/harting_Baseline-10E-M-s-CrossSection-2/frame_000136.jpg,harting_baseline_10e_m_s_allsides_2,cross_section_2,frame_000136,,,unassigned,good,/home/sb/Harting_Inspection/data/raw/harting_Baseline-10E-M-s-allsides-2/harting_Baseline-10E-M-s-CrossSection-2
dfd4a8f7c9081638,/home/sb/Harting_Inspection/data/raw/harting_Baseline-10E-M-s-allsides-2/harting_Baseline-10E-M-s-CrossSection-2/frame_000137.jpg,harting_baseline_10e_m_s_allsides_2,cross_section_2,frame_000137,,,unassigned,good,/home/sb/Harting_Inspection/data/raw/harting_Baseline-10E-M-s-allsides-2/harting_Baseline-10E-M-s-CrossSection-2
3610c4723c92e681,/home/sb/Harting_Inspection/data/raw/harting_Baseline-10E-M-s-allsides-2/harting_Baseline-10E-M-s-CrossSection-2/frame_000138.jpg,harting_baseline_10e_m_s_allsides_2,cross_section_2,frame_000138,,,unassigned,good,/home/sb/Harting_Inspection/data/raw/harting_Baseline-10E-M-s-allsides-2/harting_Baseline-10E-M-s-CrossSection-2
345f1ca40ec7aa8b,/home/sb/Harting_Inspection/data/raw/harting_Baseline-10E-M-s-allsides-2/harting_Baseline-10E-M-s-CrossSection-2/frame_000139.jpg,harting_baseline_10e_m_s_allsides_2,cross_section_2,frame_000139,,,unassigned,good,/home/sb/Harting_Inspection/data/raw/harting_Baseline-10E-M-s-allsides-2/harting_Baseline-10E-M-s-CrossSection-2
1b7fd0fe37246dc4,/home/sb/Harting_Inspection/data/raw/harting_Baseline-10E-M-s-allsides-2/harting_Baseline-10E-M-s-CrossSection-2/frame_000140.jpg,harting_baseline_10e_m_s_allsides_2,cross_section_2,frame_000140,,,unassigned,good,/home/sb/Harting_Inspection/data/raw/harting_Baseline-10E-M-s-allsides-2/harting_Baseline-10E-M-s-CrossSection-2
1eba0579f6036236,/home/sb/Harting_Inspection/data/raw/harting_Baseline-10E-M-s-allsides-2/harting_Baseline-10E-M-s-CrossSection-2/frame_000141.jpg,harting_baseline_10e_m_s_allsides_2,cross_section_2,frame_000141,,,unassigned,good,/home/sb/Harting_Inspection/data/raw/harting_Baseline-10E-M-s-allsides-2/harting_Baseline-10E-M-s-CrossSection-2
7ddb1ae3492f7379,/home/sb/Harting_Inspection/data/raw/harting_Baseline-10E-M-s-allsides-2/harting_Baseline-10E-M-s-CrossSection-2/frame_000142.jpg,harting_baseline_10e_m_s_allsides_2,cross_section_2,frame_000142,,,unassigned,good,/home/sb/Harting_Inspection/data/raw/harting_Baseline-10E-M-s-allsides-2/harting_Baseline-10E-M-s-CrossSection-2
9227639c5fb95d84,/home/sb/Harting_Inspection/data/raw/harting_Baseline-10E-M-s-allsides-2/harting_Baseline-10E-M-s-CrossSection-2/frame_000143.jpg,harting_baseline_10e_m_s_allsides_2,cross_section_2,frame_000143,,,unassigned,good,/home/sb/Harting_Inspection/data/raw/harting_Baseline-10E-M-s-allsides-2/harting_Baseline-10E-M-s-CrossSection-2
61f60a9175a4842c,/home/sb/Harting_Inspection/data/raw/harting_Baseline-10E-M-s-allsides-2/harting_Baseline-10E-M-s-CrossSection-2/frame_000144.jpg,harting_baseline_10e_m_s_allsides_2,cross_section_2,frame_000144,,,unassigned,good,/home/sb/Harting_Inspection/data/raw/harting_Baseline-10E-M-s-allsides-2/harting_Baseline-10E-M-s-CrossSection-2
e098fb84479013c4,/home/sb/Harting_Inspection/data/raw/harting_Baseline-10E-M-s-allsides-2/harting_Baseline-10E-M-s-CrossSection-2/frame_000145.jpg,harting_baseline_10e_m_s_allsides_2,cross_section_2,frame_000145,,,unassigned,good,/home/sb/Harting_Inspection/data/raw/harting_Baseline-10E-M-s-allsides-2/harting_Baseline-10E-M-s-CrossSection-2
ba7120e8c10a4e80,/home/sb/Harting_Inspection/data/raw/harting_Baseline-10E-M-s-allsides-2/harting_Baseline-10E-M-s-CrossSection-2/frame_000146.jpg,harting_baseline_10e_m_s_allsides_2,cross_section_2,frame_000146,,,unassigned,good,/home/sb/Harting_Inspection/data/raw/harting_Baseline-10E-M-s-allsides-2/harting_Baseline-10E-M-s-CrossSection-2
32ac9bb7be821e19,/home/sb/Harting_Inspection/data/raw/harting_Baseline-10E-M-s-allsides-2/harting_Baseline-10E-M-s-CrossSection-2/frame_000147.jpg,harting_baseline_10e_m_s_allsides_2,cross_section_2,frame_000147,,,unassigned,good,/home/sb/Harting_Inspection/data/raw/harting_Baseline-10E-M-s-allsides-2/harting_Baseline-10E-M-s-CrossSection-2
b3cb5310181780cf,/home/sb/Harting_Inspection/data/raw/harting_Baseline-10E-M-s-allsides-2/harting_Baseline-10E-M-s-CrossSection-2/frame_000148.jpg,harting_baseline_10e_m_s_allsides_2,cross_section_2,frame_000148,,,unassigned,good,/home/sb/Harting_Inspection/data/raw/harting_Baseline-10E-M-s-allsides-2/harting_Baseline-10E-M-s-CrossSection-2
d3b2ba6f4bf47428,/home/sb/Harting_Inspection/data/raw/harting_Baseline-10E-M-s-allsides-2/harting_Baseline-10E-M-s-CrossSection-2/frame_000149.jpg,harting_baseline_10e_m_s_allsides_2,cross_section_2,frame_000149,,,unassigned,good,/home/sb/Harting_Inspection/data/raw/harting_Baseline-10E-M-s-allsides-2/harting_Baseline-10E-M-s-CrossSection-2
102f2961f9e917d3,/home/sb/Harting_Inspection/data/raw/harting_Baseline-10E-M-s-allsides-2/harting_Baseline-10E-M-s-CrossSection-2/frame_000150.jpg,harting_baseline_10e_m_s_allsides_2,cross_section_2,frame_000150,,,unassigned,good,/home/sb/Harting_Inspection/data/raw/harting_Baseline-10E-M-s-allsides-2/harting_Baseline-10E-M-s-CrossSection-2
8a73fec4ed13b9b2,/home/sb/Harting_Inspection/data/raw/harting_Baseline-10E-M-s-allsides-2/harting_Baseline-10E-M-s-CrossSection-2/frame_000151.jpg,harting_baseline_10e_m_s_allsides_2,cross_section_2,frame_000151,,,unassigned,good,/home/sb/Harting_Inspection/data/raw/harting_Baseline-10E-M-s-allsides-2/harting_Baseline-10E-M-s-CrossSection-2
64f0e4d6818bb3b3,/home/sb/Harting_Inspection/data/raw/harting_Baseline-10E-M-s-allsides-2/harting_Baseline-10E-M-s-CrossSection-2/frame_000152.jpg,harting_baseline_10e_m_s_allsides_2,cross_section_2,frame_000152,,,unassigned,good,/home/sb/Harting_Inspection/data/raw/harting_Baseline-10E-M-s-allsides-2/harting_Baseline-10E-M-s-CrossSection-2
b94fabfb881b81c1,/home/sb/Harting_Inspection/data/raw/harting_Baseline-10E-M-s-allsides-2/harting_Baseline-10E-M-s-CrossSection-2/frame_000153.jpg,harting_baseline_10e_m_s_allsides_2,cross_section_2,frame_000153,,,unassigned,good,/home/sb/Harting_Inspection/data/raw/harting_Baseline-10E-M-s-allsides-2/harting_Baseline-10E-M-s-CrossSection-2
5646fee3521a1aaf,/home/sb/Harting_Inspection/data/raw/harting_Baseline-10E-M-s-allsides-2/harting_Baseline-10E-M-s-CrossSection-2/frame_000154.jpg,harting_baseline_10e_m_s_allsides_2,cross_section_2,frame_000154,,,unassigned,good,/home/sb/Harting_Inspection/data/raw/harting_Baseline-10E-M-s-allsides-2/harting_Baseline-10E-M-s-CrossSection-2
78f4bf4b8aad4955,/home/sb/Harting_Inspection/data/raw/harting_Baseline-10E-M-s-allsides-2/harting_Baseline-10E-M-s-CrossSection-2/frame_000155.jpg,harting_baseline_10e_m_s_allsides_2,cross_section_2,frame_000155,,,unassigned,good,/home/sb/Harting_Inspection/data/raw/harting_Baseline-10E-M-s-allsides-2/harting_Baseline-10E-M-s-CrossSection-2
ea7b8d86ff111fd8,/home/sb/Harting_Inspection/data/raw/harting_Baseline-10E-M-s-allsides-2/harting_Baseline-10E-M-s-CrossSection-2/frame_000156.jpg,harting_baseline_10e_m_s_allsides_2,cross_section_2,frame_000156,,,unassigned,good,/home/sb/Harting_Inspection/data/raw/harting_Baseline-10E-M-s-allsides-2/harting_Baseline-10E-M-s-CrossSection-2
0493eb955b7926e7,/home/sb/Harting_Inspection/data/raw/harting_Baseline-10E-M-s-allsides-2/harting_Baseline-10E-M-s-CrossSection-2/frame_000157.jpg,harting_baseline_10e_m_s_allsides_2,cross_section_2,frame_000157,,,unassigned,good,/home/sb/Harting_Inspection/data/raw/harting_Baseline-10E-M-s-allsides-2/harting_Baseline-10E-M-s-CrossSection-2
2b510cb64b3acac6,/home/sb/Harting_Inspection/data/raw/harting_Baseline-10E-M-s-allsides-2/harting_Baseline-10E-M-s-CrossSection-2/frame_000158.jpg,harting_baseline_10e_m_s_allsides_2,cross_section_2,frame_000158,,,unassigned,good,/home/sb/Harting_Inspection/data/raw/harting_Baseline-10E-M-s-allsides-2/harting_Baseline-10E-M-s-CrossSection-2
cbe33b42427af776,/home/sb/Harting_Inspection/data/raw/harting_Baseline-10E-M-s-allsides-2/harting_Baseline-10E-M-s-CrossSection-2/frame_000159.jpg,harting_baseline_10e_m_s_allsides_2,cross_section_2,frame_000159,,,unassigned,good,/home/sb/Harting_Inspection/data/raw/harting_Baseline-10E-M-s-allsides-2/harting_Baseline-10E-M-s-CrossSection-2
6f7a56af7295a99a,/home/sb/Harting_Inspection/data/raw/harting_Baseline-10E-M-s-allsides-2/harting_Baseline-10E-M-s-CrossSection-2/frame_000160.jpg,harting_baseline_10e_m_s_allsides_2,cross_section_2,frame_000160,,,unassigned,good,/home/sb/Harting_Inspection/data/raw/harting_Baseline-10E-M-s-allsides-2/harting_Baseline-10E-M-s-CrossSection-2
37461fce3e144326,/home/sb/Harting_Inspection/data/raw/harting_Baseline-10E-M-s-allsides-2/harting_Baseline-10E-M-s-CrossSection-2/frame_000161.jpg,harting_baseline_10e_m_s_allsides_2,cross_section_2,frame_000161,,,unassigned,good,/home/sb/Harting_Inspection/data/raw/harting_Baseline-10E-M-s-allsides-2/harting_Baseline-10E-M-s-CrossSection-2
1c1096fbd50c1e56,/home/sb/Harting_Inspection/data/raw/harting_Baseline-10E-M-s-allsides-2/harting_Baseline-10E-M-s-CrossSection-2/frame_000162.jpg,harting_baseline_10e_m_s_allsides_2,cross_section_2,frame_000162,,,unassigned,good,/home/sb/Harting_Inspection/data/raw/harting_Baseline-10E-M-s-allsides-2/harting_Baseline-10E-M-s-CrossSection-2
3c2536f448a7028e,/home/sb/Harting_Inspection/data/raw/harting_Baseline-10E-M-s-allsides-2/harting_Baseline-10E-M-s-CrossSection-2/frame_000163.jpg,harting_baseline_10e_m_s_allsides_2,cross_section_2,frame_000163,,,unassigned,good,/home/sb/Harting_Inspection/data/raw/harting_Baseline-10E-M-s-allsides-2/harting_Baseline-10E-M-s-CrossSection-2
b3956e79f998da4c,/home/sb/Harting_Inspection/data/raw/harting_Baseline-10E-M-s-allsides-2/harting_Baseline-10E-M-s-CrossSection-2/frame_000164.jpg,harting_baseline_10e_m_s_allsides_2,cross_section_2,frame_000164,,,unassigned,good,/home/sb/Harting_Inspection/data/raw/harting_Baseline-10E-M-s-allsides-2/harting_Baseline-10E-M-s-CrossSection-2
41ddf7c90fd27416,/home/sb/Harting_Inspection/data/raw/harting_Baseline-10E-M-s-allsides-2/harting_Baseline-10E-M-s-CrossSection-2/frame_000165.jpg,harting_baseline_10e_m_s_allsides_2,cross_section_2,frame_000165,,,unassigned,good,/home/sb/Harting_Inspection/data/raw/harting_Baseline-10E-M-s-allsides-2/harting_Baseline-10E-M-s-CrossSection-2
c131b56c0cdfd9ea,/home/sb/Harting_Inspection/data/raw/harting_Baseline-10E-M-s-allsides-2/harting_Baseline-10E-M-s-CrossSection-2/frame_000166.jpg,harting_baseline_10e_m_s_allsides_2,cross_section_2,frame_000166,,,unassigned,good,/home/sb/Harting_Inspection/data/raw/harting_Baseline-10E-M-s-allsides-2/harting_Baseline-10E-M-s-CrossSection-2
a3ce119b77ec65bc,/home/sb/Harting_Inspection/data/raw/harting_Baseline-10E-M-s-allsides-2/harting_Baseline-10E-M-s-CrossSection-2/frame_000167.jpg,harting_baseline_10e_m_s_allsides_2,cross_section_2,frame_000167,,,unassigned,good,/home/sb/Harting_Inspection/data/raw/harting_Baseline-10E-M-s-allsides-2/harting_Baseline-10E-M-s-CrossSection-2
f317c98b0a055c44,/home/sb/Harting_Inspection/data/raw/harting_Baseline-10E-M-s-allsides-2/harting_Baseline-10E-M-s-CrossSection-2/frame_000168.jpg,harting_baseline_10e_m_s_allsides_2,cross_section_2,frame_000168,,,unassigned,good,/home/sb/Harting_Inspection/data/raw/harting_Baseline-10E-M-s-allsides-2/harting_Baseline-10E-M-s-CrossSection-2
d063e1567e0eff1c,/home/sb/Harting_Inspection/data/raw/harting_Baseline-10E-M-s-allsides-2/harting_Baseline-10E-M-s-CrossSection-2/frame_000169.jpg,harting_baseline_10e_m_s_allsides_2,cross_section_2,frame_000169,,,unassigned,good,/home/sb/Harting_Inspection/data/raw/harting_Baseline-10E-M-s-allsides-2/harting_Baseline-10E-M-s-CrossSection-2
7563ff958fc7a863,/home/sb/Harting_Inspection/data/raw/harting_Baseline-10E-M-s-allsides-2/harting_Baseline-10E-M-s-CrossSection-2/frame_000170.jpg,harting_baseline_10e_m_s_allsides_2,cross_section_2,frame_000170,,,unassigned,good,/home/sb/Harting_Inspection/data/raw/harting_Baseline-10E-M-s-allsides-2/harting_Baseline-10E-M-s-CrossSection-2
05e978e228da796f,/home/sb/Harting_Inspection/data/raw/harting_Baseline-10E-M-s-allsides-2/harting_Baseline-10E-M-s-CrossSection-2/frame_000171.jpg,harting_baseline_10e_m_s_allsides_2,cross_section_2,frame_000171,,,unassigned,good,/home/sb/Harting_Inspection/data/raw/harting_Baseline-10E-M-s-allsides-2/harting_Baseline-10E-M-s-CrossSection-2
906adffad693ebfa,/home/sb/Harting_Inspection/data/raw/harting_Baseline-10E-M-s-allsides-2/harting_Baseline-10E-M-s-CrossSection-2/frame_000172.jpg,harting_baseline_10e_m_s_allsides_2,cross_section_2,frame_000172,,,unassigned,good,/home/sb/Harting_Inspection/data/raw/harting_Baseline-10E-M-s-allsides-2/harting_Baseline-10E-M-s-CrossSection-2
e4c568abcc7cf64d,/home/sb/Harting_Inspection/data/raw/harting_Baseline-10E-M-s-allsides-2/harting_Baseline-10E-M-s-CrossSection-2/frame_000173.jpg,harting_baseline_10e_m_s_allsides_2,cross_section_2,frame_000173,,,unassigned,good,/home/sb/Harting_Inspection/data/raw/harting_Baseline-10E-M-s-allsides-2/harting_Baseline-10E-M-s-CrossSection-2
b46919867f135a6f,/home/sb/Harting_Inspection/data/raw/harting_Baseline-10E-M-s-allsides-2/harting_Baseline-10E-M-s-CrossSection-2/frame_000174.jpg,harting_baseline_10e_m_s_allsides_2,cross_section_2,frame_000174,,,unassigned,good,/home/sb/Harting_Inspection/data/raw/harting_Baseline-10E-M-s-allsides-2/harting_Baseline-10E-M-s-CrossSection-2
3c2ebf1159e75d64,/home/sb/Harting_Inspection/data/raw/harting_Baseline-10E-M-s-allsides-2/harting_Baseline-10E-M-s-CrossSection-2/frame_000175.jpg,harting_baseline_10e_m_s_allsides_2,cross_section_2,frame_000175,,,unassigned,good,/home/sb/Harting_Inspection/data/raw/harting_Baseline-10E-M-s-allsides-2/harting_Baseline-10E-M-s-CrossSection-2
ffb4804984b0f4be,/home/sb/Harting_Inspection/data/raw/harting_Baseline-10E-M-s-allsides-2/harting_Baseline-10E-M-s-CrossSection-2/frame_000176.jpg,harting_baseline_10e_m_s_allsides_2,cross_section_2,frame_000176,,,unassigned,good,/home/sb/Harting_Inspection/data/raw/harting_Baseline-10E-M-s-allsides-2/harting_Baseline-10E-M-s-CrossSection-2
6a8137447b889575,/home/sb/Harting_Inspection/data/raw/harting_Baseline-10E-M-s-allsides-2/harting_Baseline-10E-M-s-CrossSection-2/frame_000177.jpg,harting_baseline_10e_m_s_allsides_2,cross_section_2,frame_000177,,,unassigned,good,/home/sb/Harting_Inspection/data/raw/harting_Baseline-10E-M-s-allsides-2/harting_Baseline-10E-M-s-CrossSection-2
a58caa166aaa31d0,/home/sb/Harting_Inspection/data/raw/harting_Baseline-10E-M-s-allsides-2/harting_Baseline-10E-M-s-CrossSection-2/frame_000178.jpg,harting_baseline_10e_m_s_allsides_2,cross_section_2,frame_000178,,,unassigned,good,/home/sb/Harting_Inspection/data/raw/harting_Baseline-10E-M-s-allsides-2/harting_Baseline-10E-M-s-CrossSection-2
659c1cb5631d7db2,/home/sb/Harting_Inspection/data/raw/harting_Baseline-10E-M-s-allsides-2/harting_Baseline-10E-M-s-CrossSection-2/frame_000179.jpg,harting_baseline_10e_m_s_allsides_2,cross_section_2,frame_000179,,,unassigned,good,/home/sb/Harting_Inspection/data/raw/harting_Baseline-10E-M-s-allsides-2/harting_Baseline-10E-M-s-CrossSection-2
a8dd70c013a7ce29,/home/sb/Harting_Inspection/data/raw/harting_Baseline-10E-M-s-allsides-2/harting_Baseline-10E-M-s-CrossSection-2/frame_000180.jpg,harting_baseline_10e_m_s_allsides_2,cross_section_2,frame_000180,,,unassigned,good,/home/sb/Harting_Inspection/data/raw/harting_Baseline-10E-M-s-allsides-2/harting_Baseline-10E-M-s-CrossSection-2
453620da0f482e37,/home/sb/Harting_Inspection/data/raw/harting_Baseline-10E-M-s-allsides-2/harting_Baseline-10E-M-s-CrossSection-2/frame_000181.jpg,harting_baseline_10e_m_s_allsides_2,cross_section_2,frame_000181,,,unassigned,good,/home/sb/Harting_Inspection/data/raw/harting_Baseline-10E-M-s-allsides-2/harting_Baseline-10E-M-s-CrossSection-2
77ca5a558efbab28,/home/sb/Harting_Inspection/data/raw/harting_Baseline-10E-M-s-allsides-2/harting_Baseline-10E-M-s-CrossSection-2/frame_000182.jpg,harting_baseline_10e_m_s_allsides_2,cross_section_2,frame_000182,,,unassigned,good,/home/sb/Harting_Inspection/data/raw/harting_Baseline-10E-M-s-allsides-2/harting_Baseline-10E-M-s-CrossSection-2
d9eb624003f89fad,/home/sb/Harting_Inspection/data/raw/harting_Baseline-10E-M-s-allsides-2/harting_Baseline-10E-M-s-CrossSection-2/frame_000183.jpg,harting_baseline_10e_m_s_allsides_2,cross_section_2,frame_000183,,,unassigned,good,/home/sb/Harting_Inspection/data/raw/harting_Baseline-10E-M-s-allsides-2/harting_Baseline-10E-M-s-CrossSection-2
52e69a27cc2fec6f,/home/sb/Harting_Inspection/data/raw/harting_Baseline-10E-M-s-allsides-2/harting_Baseline-10E-M-s-CrossSection-2/frame_000184.jpg,harting_baseline_10e_m_s_allsides_2,cross_section_2,frame_000184,,,unassigned,good,/home/sb/Harting_Inspection/data/raw/harting_Baseline-10E-M-s-allsides-2/harting_Baseline-10E-M-s-CrossSection-2
893566548f9f5b07,/home/sb/Harting_Inspection/data/raw/harting_Baseline-10E-M-s-allsides-2/harting_Baseline-10E-M-s-CrossSection-2/frame_000185.jpg,harting_baseline_10e_m_s_allsides_2,cross_section_2,frame_000185,,,unassigned,good,/home/sb/Harting_Inspection/data/raw/harting_Baseline-10E-M-s-allsides-2/harting_Baseline-10E-M-s-CrossSection-2
750f685a51fef741,/home/sb/Harting_Inspection/data/raw/harting_Baseline-10E-M-s-allsides-2/harting_Baseline-10E-M-s-CrossSection-2/frame_000186.jpg,harting_baseline_10e_m_s_allsides_2,cross_section_2,frame_000186,,,unassigned,good,/home/sb/Harting_Inspection/data/raw/harting_Baseline-10E-M-s-allsides-2/harting_Baseline-10E-M-s-CrossSection-2
16a2e04bd0e38d0c,/home/sb/Harting_Inspection/data/raw/harting_Baseline-10E-M-s-allsides-2/harting_Baseline-10E-M-s-CrossSection-2/frame_000187.jpg,harting_baseline_10e_m_s_allsides_2,cross_section_2,frame_000187,,,unassigned,good,/home/sb/Harting_Inspection/data/raw/harting_Baseline-10E-M-s-allsides-2/harting_Baseline-10E-M-s-CrossSection-2
9d37e332835b0871,/home/sb/Harting_Inspection/data/raw/harting_Baseline-10E-M-s-allsides-2/harting_Baseline-10E-M-s-CrossSection-2/frame_000188.jpg,harting_baseline_10e_m_s_allsides_2,cross_section_2,frame_000188,,,unassigned,good,/home/sb/Harting_Inspection/data/raw/harting_Baseline-10E-M-s-allsides-2/harting_Baseline-10E-M-s-CrossSection-2
2c78c2eb26326b41,/home/sb/Harting_Inspection/data/raw/harting_Baseline-10E-M-s-allsides-2/harting_Baseline-10E-M-s-CrossSection-2/frame_000189.jpg,harting_baseline_10e_m_s_allsides_2,cross_section_2,frame_000189,,,unassigned,good,/home/sb/Harting_Inspection/data/raw/harting_Baseline-10E-M-s-allsides-2/harting_Baseline-10E-M-s-CrossSection-2
e3e79813b6d151d8,/home/sb/Harting_Inspection/data/raw/harting_Baseline-10E-M-s-allsides-2/harting_Baseline-10E-M-s-CrossSection-2/frame_000190.jpg,harting_baseline_10e_m_s_allsides_2,cross_section_2,frame_000190,,,unassigned,good,/home/sb/Harting_Inspection/data/raw/harting_Baseline-10E-M-s-allsides-2/harting_Baseline-10E-M-s-CrossSection-2
b6e80bf885bfb288,/home/sb/Harting_Inspection/data/raw/harting_Baseline-10E-M-s-allsides-2/harting_Baseline-10E-M-s-CrossSection-2/frame_000191.jpg,harting_baseline_10e_m_s_allsides_2,cross_section_2,frame_000191,,,unassigned,good,/home/sb/Harting_Inspection/data/raw/harting_Baseline-10E-M-s-allsides-2/harting_Baseline-10E-M-s-CrossSection-2
4029fe52aeffe00a,/home/sb/Harting_Inspection/data/raw/harting_Baseline-10E-M-s-allsides-2/harting_Baseline-10E-M-s-CrossSection-2/frame_000192.jpg,harting_baseline_10e_m_s_allsides_2,cross_section_2,frame_000192,,,unassigned,good,/home/sb/Harting_Inspection/data/raw/harting_Baseline-10E-M-s-allsides-2/harting_Baseline-10E-M-s-CrossSection-2
af6a5cdb18e265b1,/home/sb/Harting_Inspection/data/raw/harting_Baseline-10E-M-s-allsides-2/harting_Baseline-10E-M-s-CrossSection-2/frame_000193.jpg,harting_baseline_10e_m_s_allsides_2,cross_section_2,frame_000193,,,unassigned,good,/home/sb/Harting_Inspection/data/raw/harting_Baseline-10E-M-s-allsides-2/harting_Baseline-10E-M-s-CrossSection-2
d14f023f39dda417,/home/sb/Harting_Inspection/data/raw/harting_Baseline-10E-M-s-allsides-2/harting_Baseline-10E-M-s-CrossSection-2/frame_000194.jpg,harting_baseline_10e_m_s_allsides_2,cross_section_2,frame_000194,,,unassigned,good,/home/sb/Harting_Inspection/data/raw/harting_Baseline-10E-M-s-allsides-2/harting_Baseline-10E-M-s-CrossSection-2
574024767190d846,/home/sb/Harting_Inspection/data/raw/harting_Baseline-10E-M-s-allsides-2/harting_Baseline-10E-M-s-CrossSection-2/frame_000195.jpg,harting_baseline_10e_m_s_allsides_2,cross_section_2,frame_000195,,,unassigned,good,/home/sb/Harting_Inspection/data/raw/harting_Baseline-10E-M-s-allsides-2/harting_Baseline-10E-M-s-CrossSection-2
0a92b1e57cd6e07d,/home/sb/Harting_Inspection/data/raw/harting_Baseline-10E-M-s-allsides-2/harting_Baseline-10E-M-s-CrossSection-2/frame_000196.jpg,harting_baseline_10e_m_s_allsides_2,cross_section_2,frame_000196,,,unassigned,good,/home/sb/Harting_Inspection/data/raw/harting_Baseline-10E-M-s-allsides-2/harting_Baseline-10E-M-s-CrossSection-2
75fcb9e897d9ad37,/home/sb/Harting_Inspection/data/raw/harting_Baseline-10E-M-s-allsides-2/harting_Baseline-10E-M-s-CrossSection-2/frame_000197.jpg,harting_baseline_10e_m_s_allsides_2,cross_section_2,frame_000197,,,unassigned,good,/home/sb/Harting_Inspection/data/raw/harting_Baseline-10E-M-s-allsides-2/harting_Baseline-10E-M-s-CrossSection-2
4d0d55c1b7e688ab,/home/sb/Harting_Inspection/data/raw/harting_Baseline-10E-M-s-allsides-2/harting_Baseline-10E-M-s-CrossSection-2/frame_000198.jpg,harting_baseline_10e_m_s_allsides_2,cross_section_2,frame_000198,,,unassigned,good,/home/sb/Harting_Inspection/data/raw/harting_Baseline-10E-M-s-allsides-2/harting_Baseline-10E-M-s-CrossSection-2
cfc6ffdaa66cef5c,/home/sb/Harting_Inspection/data/raw/harting_Baseline-10E-M-s-allsides-2/harting_Baseline-10E-M-s-CrossSection-2/frame_000199.jpg,harting_baseline_10e_m_s_allsides_2,cross_section_2,frame_000199,,,unassigned,good,/home/sb/Harting_Inspection/data/raw/harting_Baseline-10E-M-s-allsides-2/harting_Baseline-10E-M-s-CrossSection-2
6273b37af4771c09,/home/sb/Harting_Inspection/data/raw/harting_Baseline-10E-M-s-allsides-2/harting_Baseline-10E-M-s-CrossSection-2/frame_000200.jpg,harting_baseline_10e_m_s_allsides_2,cross_section_2,frame_000200,,,unassigned,good,/home/sb/Harting_Inspection/data/raw/harting_Baseline-10E-M-s-allsides-2/harting_Baseline-10E-M-s-CrossSection-2
ab3c2f03af671f09,/home/sb/Harting_Inspection/data/raw/harting_Baseline-10E-M-s-allsides-2/harting_Baseline-10E-M-s-CrossSection-2/frame_000201.jpg,harting_baseline_10e_m_s_allsides_2,cross_section_2,frame_000201,,,unassigned,good,/home/sb/Harting_Inspection/data/raw/harting_Baseline-10E-M-s-allsides-2/harting_Baseline-10E-M-s-CrossSection-2
360fc158fa6499bc,/home/sb/Harting_Inspection/data/raw/harting_Baseline-10E-M-s-allsides-2/harting_Baseline-10E-M-s-CrossSection-2/frame_000202.jpg,harting_baseline_10e_m_s_allsides_2,cross_section_2,frame_000202,,,unassigned,good,/home/sb/Harting_Inspection/data/raw/harting_Baseline-10E-M-s-allsides-2/harting_Baseline-10E-M-s-CrossSection-2
d9b62a505aebf29b,/home/sb/Harting_Inspection/data/raw/harting_Baseline-10E-M-s-allsides-2/harting_Baseline-10E-M-s-CrossSection-2/frame_000203.jpg,harting_baseline_10e_m_s_allsides_2,cross_section_2,frame_000203,,,unassigned,good,/home/sb/Harting_Inspection/data/raw/harting_Baseline-10E-M-s-allsides-2/harting_Baseline-10E-M-s-CrossSection-2
8302423e7a6db83d,/home/sb/Harting_Inspection/data/raw/harting_Baseline-10E-M-s-allsides-2/harting_Baseline-10E-M-s-CrossSection-2/frame_000204.jpg,harting_baseline_10e_m_s_allsides_2,cross_section_2,frame_000204,,,unassigned,good,/home/sb/Harting_Inspection/data/raw/harting_Baseline-10E-M-s-allsides-2/harting_Baseline-10E-M-s-CrossSection-2
48f5f92b56199fe1,/home/sb/Harting_Inspection/data/raw/harting_Baseline-10E-M-s-allsides-2/harting_Baseline-10E-M-s-CrossSection-2/frame_000205.jpg,harting_baseline_10e_m_s_allsides_2,cross_section_2,frame_000205,,,unassigned,good,/home/sb/Harting_Inspection/data/raw/harting_Baseline-10E-M-s-allsides-2/harting_Baseline-10E-M-s-CrossSection-2
a372d00a5456659d,/home/sb/Harting_Inspection/data/raw/harting_Baseline-10E-M-s-allsides-2/harting_Baseline-10E-M-s-CrossSection-2/frame_000206.jpg,harting_baseline_10e_m_s_allsides_2,cross_section_2,frame_000206,,,unassigned,good,/home/sb/Harting_Inspection/data/raw/harting_Baseline-10E-M-s-allsides-2/harting_Baseline-10E-M-s-CrossSection-2
47ec6972e9a87f03,/home/sb/Harting_Inspection/data/raw/harting_Baseline-10E-M-s-allsides-2/harting_Baseline-10E-M-s-CrossSection-2/frame_000207.jpg,harting_baseline_10e_m_s_allsides_2,cross_section_2,frame_000207,,,unassigned,good,/home/sb/Harting_Inspection/data/raw/harting_Baseline-10E-M-s-allsides-2/harting_Baseline-10E-M-s-CrossSection-2
275a52f9078dfe0e,/home/sb/Harting_Inspection/data/raw/harting_Baseline-10E-M-s-allsides-2/harting_Baseline-10E-M-s-CrossSection-2/frame_000208.jpg,harting_baseline_10e_m_s_allsides_2,cross_section_2,frame_000208,,,unassigned,good,/home/sb/Harting_Inspection/data/raw/harting_Baseline-10E-M-s-allsides-2/harting_Baseline-10E-M-s-CrossSection-2
9ed823967e8bbb59,/home/sb/Harting_Inspection/data/raw/harting_Baseline-10E-M-s-allsides-2/harting_Baseline-10E-M-s-CrossSection-2/frame_000209.jpg,harting_baseline_10e_m_s_allsides_2,cross_section_2,frame_000209,,,unassigned,good,/home/sb/Harting_Inspection/data/raw/harting_Baseline-10E-M-s-allsides-2/harting_Baseline-10E-M-s-CrossSection-2
596b05758374ac6e,/home/sb/Harting_Inspection/data/raw/harting_Baseline-10E-M-s-allsides-2/harting_Baseline-10E-M-s-CrossSection-2/frame_000210.jpg,harting_baseline_10e_m_s_allsides_2,cross_section_2,frame_000210,,,unassigned,good,/home/sb/Harting_Inspection/data/raw/harting_Baseline-10E-M-s-allsides-2/harting_Baseline-10E-M-s-CrossSection-2
69012696171916e7,/home/sb/Harting_Inspection/data/raw/harting_Baseline-10E-M-s-allsides-2/harting_Baseline-10E-M-s-CrossSection-2/frame_000211.jpg,harting_baseline_10e_m_s_allsides_2,cross_section_2,frame_000211,,,unassigned,good,/home/sb/Harting_Inspection/data/raw/harting_Baseline-10E-M-s-allsides-2/harting_Baseline-10E-M-s-CrossSection-2
27ea9605eec9d21a,/home/sb/Harting_Inspection/data/raw/harting_Baseline-10E-M-s-allsides-2/harting_Baseline-10E-M-s-CrossSection-2/frame_000212.jpg,harting_baseline_10e_m_s_allsides_2,cross_section_2,frame_000212,,,unassigned,good,/home/sb/Harting_Inspection/data/raw/harting_Baseline-10E-M-s-allsides-2/harting_Baseline-10E-M-s-CrossSection-2
692fc67d924647b1,/home/sb/Harting_Inspection/data/raw/harting_Baseline-10E-M-s-allsides-2/harting_Baseline-10E-M-s-CrossSection-2/frame_000213.jpg,harting_baseline_10e_m_s_allsides_2,cross_section_2,frame_000213,,,unassigned,good,/home/sb/Harting_Inspection/data/raw/harting_Baseline-10E-M-s-allsides-2/harting_Baseline-10E-M-s-CrossSection-2
58e60818c482aa30,/home/sb/Harting_Inspection/data/raw/harting_Baseline-10E-M-s-allsides-2/harting_Baseline-10E-M-s-CrossSection-2/frame_000214.jpg,harting_baseline_10e_m_s_allsides_2,cross_section_2,frame_000214,,,unassigned,good,/home/sb/Harting_Inspection/data/raw/harting_Baseline-10E-M-s-allsides-2/harting_Baseline-10E-M-s-CrossSection-2
7b62317f1342f80a,/home/sb/Harting_Inspection/data/raw/harting_Baseline-10E-M-s-allsides-2/harting_Baseline-10E-M-s-CrossSection-2/frame_000215.jpg,harting_baseline_10e_m_s_allsides_2,cross_section_2,frame_000215,,,unassigned,good,/home/sb/Harting_Inspection/data/raw/harting_Baseline-10E-M-s-allsides-2/harting_Baseline-10E-M-s-CrossSection-2
946ab5c253aef518,/home/sb/Harting_Inspection/data/raw/harting_Baseline-10E-M-s-allsides-2/harting_Baseline-10E-M-s-CrossSection-2/frame_000216.jpg,harting_baseline_10e_m_s_allsides_2,cross_section_2,frame_000216,,,unassigned,good,/home/sb/Harting_Inspection/data/raw/harting_Baseline-10E-M-s-allsides-2/harting_Baseline-10E-M-s-CrossSection-2
14fb586bcd7c3b87,/home/sb/Harting_Inspection/data/raw/harting_Baseline-10E-M-s-allsides-2/harting_Baseline-10E-M-s-CrossSection-2/frame_000217.jpg,harting_baseline_10e_m_s_allsides_2,cross_section_2,frame_000217,,,unassigned,good,/home/sb/Harting_Inspection/data/raw/harting_Baseline-10E-M-s-allsides-2/harting_Baseline-10E-M-s-CrossSection-2
0edd3ffe53cd5342,/home/sb/Harting_Inspection/data/raw/harting_Baseline-10E-M-s-allsides-2/harting_Baseline-10E-M-s-CrossSection-2/frame_000218.jpg,harting_baseline_10e_m_s_allsides_2,cross_section_2,frame_000218,,,unassigned,good,/home/sb/Harting_Inspection/data/raw/harting_Baseline-10E-M-s-allsides-2/harting_Baseline-10E-M-s-CrossSection-2
dcf12457a3fc4507,/home/sb/Harting_Inspection/data/raw/harting_Baseline-10E-M-s-allsides-2/harting_Baseline-10E-M-s-CrossSection-2/frame_000219.jpg,harting_baseline_10e_m_s_allsides_2,cross_section_2,frame_000219,,,unassigned,good,/home/sb/Harting_Inspection/data/raw/harting_Baseline-10E-M-s-allsides-2/harting_Baseline-10E-M-s-CrossSection-2
244c4ceee6932e3b,/home/sb/Harting_Inspection/data/raw/harting_Baseline-10E-M-s-allsides-2/harting_Baseline-10E-M-s-CrossSection-2/frame_000220.jpg,harting_baseline_10e_m_s_allsides_2,cross_section_2,frame_000220,,,unassigned,good,/home/sb/Harting_Inspection/data/raw/harting_Baseline-10E-M-s-allsides-2/harting_Baseline-10E-M-s-CrossSection-2
87d9ff4181431822,/home/sb/Harting_Inspection/data/raw/harting_Baseline-10E-M-s-allsides-2/harting_Baseline-10E-M-s-CrossSection-2/frame_000221.jpg,harting_baseline_10e_m_s_allsides_2,cross_section_2,frame_000221,,,unassigned,good,/home/sb/Harting_Inspection/data/raw/harting_Baseline-10E-M-s-allsides-2/harting_Baseline-10E-M-s-CrossSection-2
1f8a0d7be34014ad,/home/sb/Harting_Inspection/data/raw/harting_Baseline-10E-M-s-allsides-2/harting_Baseline-10E-M-s-CrossSection-2/frame_000222.jpg,harting_baseline_10e_m_s_allsides_2,cross_section_2,frame_000222,,,unassigned,good,/home/sb/Harting_Inspection/data/raw/harting_Baseline-10E-M-s-allsides-2/harting_Baseline-10E-M-s-CrossSection-2
216bb7c6509393b1,/home/sb/Harting_Inspection/data/raw/harting_Baseline-10E-M-s-allsides-2/harting_Baseline-10E-M-s-CrossSection-2/frame_000223.jpg,harting_baseline_10e_m_s_allsides_2,cross_section_2,frame_000223,,,unassigned,good,/home/sb/Harting_Inspection/data/raw/harting_Baseline-10E-M-s-allsides-2/harting_Baseline-10E-M-s-CrossSection-2
42203be450490961,/home/sb/Harting_Inspection/data/raw/harting_Baseline-10E-M-s-allsides-2/harting_Baseline-10E-M-s-CrossSection-2/frame_000224.jpg,harting_baseline_10e_m_s_allsides_2,cross_section_2,frame_000224,,,unassigned,good,/home/sb/Harting_Inspection/data/raw/harting_Baseline-10E-M-s-allsides-2/harting_Baseline-10E-M-s-CrossSection-2
7a0da1a8d4be691e,/home/sb/Harting_Inspection/data/raw/harting_Baseline-10E-M-s-allsides-2/harting_Baseline-10E-M-s-CrossSection-2/frame_000225.jpg,harting_baseline_10e_m_s_allsides_2,cross_section_2,frame_000225,,,unassigned,good,/home/sb/Harting_Inspection/data/raw/harting_Baseline-10E-M-s-allsides-2/harting_Baseline-10E-M-s-CrossSection-2
5a012f9a40df09dc,/home/sb/Harting_Inspection/data/raw/harting_Baseline-10E-M-s-allsides-2/harting_Baseline-10E-M-s-CrossSection-2/frame_000226.jpg,harting_baseline_10e_m_s_allsides_2,cross_section_2,frame_000226,,,unassigned,good,/home/sb/Harting_Inspection/data/raw/harting_Baseline-10E-M-s-allsides-2/harting_Baseline-10E-M-s-CrossSection-2
6ef82fee6c1e43b1,/home/sb/Harting_Inspection/data/raw/harting_Baseline-10E-M-s-allsides-2/harting_Baseline-10E-M-s-CrossSection-2/frame_000227.jpg,harting_baseline_10e_m_s_allsides_2,cross_section_2,frame_000227,,,unassigned,good,/home/sb/Harting_Inspection/data/raw/harting_Baseline-10E-M-s-allsides-2/harting_Baseline-10E-M-s-CrossSection-2
517137079b199dea,/home/sb/Harting_Inspection/data/raw/harting_Baseline-10E-M-s-allsides-2/harting_Baseline-10E-M-s-CrossSection-2/frame_000228.jpg,harting_baseline_10e_m_s_allsides_2,cross_section_2,frame_000228,,,unassigned,good,/home/sb/Harting_Inspection/data/raw/harting_Baseline-10E-M-s-allsides-2/harting_Baseline-10E-M-s-CrossSection-2
349690a0423a0ff9,/home/sb/Harting_Inspection/data/raw/harting_Baseline-10E-M-s-allsides-2/harting_Baseline-10E-M-s-CrossSection-2/frame_000229.jpg,harting_baseline_10e_m_s_allsides_2,cross_section_2,frame_000229,,,unassigned,good,/home/sb/Harting_Inspection/data/raw/harting_Baseline-10E-M-s-allsides-2/harting_Baseline-10E-M-s-CrossSection-2
ce764d0151c48cc5,/home/sb/Harting_Inspection/data/raw/harting_Baseline-10E-M-s-allsides-2/harting_Baseline-10E-M-s-CrossSection-2/frame_000230.jpg,harting_baseline_10e_m_s_allsides_2,cross_section_2,frame_000230,,,unassigned,good,/home/sb/Harting_Inspection/data/raw/harting_Baseline-10E-M-s-allsides-2/harting_Baseline-10E-M-s-CrossSection-2
fae4cc39e1cb4ebb,/home/sb/Harting_Inspection/data/raw/harting_Baseline-10E-M-s-allsides-2/harting_Baseline-10E-M-s-CrossSection-2/frame_000231.jpg,harting_baseline_10e_m_s_allsides_2,cross_section_2,frame_000231,,,unassigned,good,/home/sb/Harting_Inspection/data/raw/harting_Baseline-10E-M-s-allsides-2/harting_Baseline-10E-M-s-CrossSection-2
397b78d513925283,/home/sb/Harting_Inspection/data/raw/harting_Baseline-10E-M-s-allsides-2/harting_Baseline-10E-M-s-CrossSection-2/frame_000232.jpg,harting_baseline_10e_m_s_allsides_2,cross_section_2,frame_000232,,,unassigned,good,/home/sb/Harting_Inspection/data/raw/harting_Baseline-10E-M-s-allsides-2/harting_Baseline-10E-M-s-CrossSection-2
64ccb9db19594cbb,/home/sb/Harting_Inspection/data/raw/harting_Baseline-10E-M-s-allsides-2/harting_Baseline-10E-M-s-CrossSection-2/frame_000233.jpg,harting_baseline_10e_m_s_allsides_2,cross_section_2,frame_000233,,,unassigned,good,/home/sb/Harting_Inspection/data/raw/harting_Baseline-10E-M-s-allsides-2/harting_Baseline-10E-M-s-CrossSection-2
51945c8127af1671,/home/sb/Harting_Inspection/data/raw/harting_Baseline-10E-M-s-allsides-2/harting_Baseline-10E-M-s-CrossSection-2/frame_000234.jpg,harting_baseline_10e_m_s_allsides_2,cross_section_2,frame_000234,,,unassigned,good,/home/sb/Harting_Inspection/data/raw/harting_Baseline-10E-M-s-allsides-2/harting_Baseline-10E-M-s-CrossSection-2
413b9a7f3cea23f0,/home/sb/Harting_Inspection/data/raw/harting_Baseline-10E-M-s-allsides-2/harting_Baseline-10E-M-s-CrossSection-2/frame_000235.jpg,harting_baseline_10e_m_s_allsides_2,cross_section_2,frame_000235,,,unassigned,good,/home/sb/Harting_Inspection/data/raw/harting_Baseline-10E-M-s-allsides-2/harting_Baseline-10E-M-s-CrossSection-2
d72f1c4a428e475c,/home/sb/Harting_Inspection/data/raw/harting_Baseline-10E-M-s-allsides-2/harting_Baseline-10E-M-s-CrossSection-2/frame_000236.jpg,harting_baseline_10e_m_s_allsides_2,cross_section_2,frame_000236,,,unassigned,good,/home/sb/Harting_Inspection/data/raw/harting_Baseline-10E-M-s-allsides-2/harting_Baseline-10E-M-s-CrossSection-2
a6173c13005e6344,/home/sb/Harting_Inspection/data/raw/harting_Baseline-10E-M-s-allsides-2/harting_Baseline-10E-M-s-CrossSection-2/frame_000237.jpg,harting_baseline_10e_m_s_allsides_2,cross_section_2,frame_000237,,,unassigned,good,/home/sb/Harting_Inspection/data/raw/harting_Baseline-10E-M-s-allsides-2/harting_Baseline-10E-M-s-CrossSection-2
4158714d548ec4cd,/home/sb/Harting_Inspection/data/raw/harting_Baseline-10E-M-s-allsides-2/harting_Baseline-10E-M-s-CrossSection-2/frame_000238.jpg,harting_baseline_10e_m_s_allsides_2,cross_section_2,frame_000238,,,unassigned,good,/home/sb/Harting_Inspection/data/raw/harting_Baseline-10E-M-s-allsides-2/harting_Baseline-10E-M-s-CrossSection-2
cf9c809b5e62b74c,/home/sb/Harting_Inspection/data/raw/harting_Baseline-10E-M-s-allsides-2/harting_Baseline-10E-M-s-CrossSection-2/frame_000239.jpg,harting_baseline_10e_m_s_allsides_2,cross_section_2,frame_000239,,,unassigned,good,/home/sb/Harting_Inspection/data/raw/harting_Baseline-10E-M-s-allsides-2/harting_Baseline-10E-M-s-CrossSection-2
400004672388aa53,/home/sb/Harting_Inspection/data/raw/harting_Baseline-10E-M-s-allsides-2/harting_Baseline-10E-M-s-CrossSection-2/frame_000240.jpg,harting_baseline_10e_m_s_allsides_2,cross_section_2,frame_000240,,,unassigned,good,/home/sb/Harting_Inspection/data/raw/harting_Baseline-10E-M-s-allsides-2/harting_Baseline-10E-M-s-CrossSection-2
d46ef5852a3c2ec4,/home/sb/Harting_Inspection/data/raw/harting_Baseline-10E-M-s-allsides-2/harting_Baseline-10E-M-s-CrossSection-2/frame_000241.jpg,harting_baseline_10e_m_s_allsides_2,cross_section_2,frame_000241,,,unassigned,good,/home/sb/Harting_Inspection/data/raw/harting_Baseline-10E-M-s-allsides-2/harting_Baseline-10E-M-s-CrossSection-2
73ee376c44ebea14,/home/sb/Harting_Inspection/data/raw/harting_Baseline-10E-M-s-allsides-2/harting_Baseline-10E-M-s-CrossSection-2/frame_000242.jpg,harting_baseline_10e_m_s_allsides_2,cross_section_2,frame_000242,,,unassigned,good,/home/sb/Harting_Inspection/data/raw/harting_Baseline-10E-M-s-allsides-2/harting_Baseline-10E-M-s-CrossSection-2
1b5c08a899e87be3,/home/sb/Harting_Inspection/data/raw/harting_Baseline-10E-M-s-allsides-2/harting_Baseline-10E-M-s-CrossSection-2/frame_000243.jpg,harting_baseline_10e_m_s_allsides_2,cross_section_2,frame_000243,,,unassigned,good,/home/sb/Harting_Inspection/data/raw/harting_Baseline-10E-M-s-allsides-2/harting_Baseline-10E-M-s-CrossSection-2
2eab64f8cf9d588c,/home/sb/Harting_Inspection/data/raw/harting_Baseline-10E-M-s-allsides-2/harting_Baseline-10E-M-s-CrossSection-2/frame_000244.jpg,harting_baseline_10e_m_s_allsides_2,cross_section_2,frame_000244,,,unassigned,good,/home/sb/Harting_Inspection/data/raw/harting_Baseline-10E-M-s-allsides-2/harting_Baseline-10E-M-s-CrossSection-2
e661662ec957b9b5,/home/sb/Harting_Inspection/data/raw/harting_Baseline-10E-M-s-allsides-2/harting_Baseline-10E-M-s-CrossSection-2/frame_000245.jpg,harting_baseline_10e_m_s_allsides_2,cross_section_2,frame_000245,,,unassigned,good,/home/sb/Harting_Inspection/data/raw/harting_Baseline-10E-M-s-allsides-2/harting_Baseline-10E-M-s-CrossSection-2
ab4afeb766276a9d,/home/sb/Harting_Inspection/data/raw/harting_Baseline-10E-M-s-allsides-2/harting_Baseline-10E-M-s-CrossSection-2/frame_000246.jpg,harting_baseline_10e_m_s_allsides_2,cross_section_2,frame_000246,,,unassigned,good,/home/sb/Harting_Inspection/data/raw/harting_Baseline-10E-M-s-allsides-2/harting_Baseline-10E-M-s-CrossSection-2
bfd9cb52b7939168,/home/sb/Harting_Inspection/data/raw/harting_Baseline-10E-M-s-allsides-2/harting_Baseline-10E-M-s-CrossSection-2/frame_000247.jpg,harting_baseline_10e_m_s_allsides_2,cross_section_2,frame_000247,,,unassigned,good,/home/sb/Harting_Inspection/data/raw/harting_Baseline-10E-M-s-allsides-2/harting_Baseline-10E-M-s-CrossSection-2
e926c3d1850c84c1,/home/sb/Harting_Inspection/data/raw/harting_Baseline-10E-M-s-allsides-2/harting_Baseline-10E-M-s-CrossSection-2/frame_000248.jpg,harting_baseline_10e_m_s_allsides_2,cross_section_2,frame_000248,,,unassigned,good,/home/sb/Harting_Inspection/data/raw/harting_Baseline-10E-M-s-allsides-2/harting_Baseline-10E-M-s-CrossSection-2
03fa0a9e46e43447,/home/sb/Harting_Inspection/data/raw/harting_Baseline-10E-M-s-allsides-2/harting_Baseline-10E-M-s-CrossSection-2/frame_000249.jpg,harting_baseline_10e_m_s_allsides_2,cross_section_2,frame_000249,,,unassigned,good,/home/sb/Harting_Inspection/data/raw/harting_Baseline-10E-M-s-allsides-2/harting_Baseline-10E-M-s-CrossSection-2
ebb28b5df3745caa,/home/sb/Harting_Inspection/data/raw/harting_Baseline-10E-M-s-allsides-2/harting_Baseline-10E-M-s-CrossSection-2/frame_000250.jpg,harting_baseline_10e_m_s_allsides_2,cross_section_2,frame_000250,,,unassigned,good,/home/sb/Harting_Inspection/data/raw/harting_Baseline-10E-M-s-allsides-2/harting_Baseline-10E-M-s-CrossSection-2
3ceab1cfb6e1eab8,/home/sb/Harting_Inspection/data/raw/harting_Baseline-10E-M-s-allsides-2/harting_Baseline-10E-M-s-CrossSection-2/frame_000251.jpg,harting_baseline_10e_m_s_allsides_2,cross_section_2,frame_000251,,,unassigned,good,/home/sb/Harting_Inspection/data/raw/harting_Baseline-10E-M-s-allsides-2/harting_Baseline-10E-M-s-CrossSection-2
6bb3592771bf3649,/home/sb/Harting_Inspection/data/raw/harting_Baseline-10E-M-s-allsides-2/harting_Baseline-10E-M-s-CrossSection-2/frame_000252.jpg,harting_baseline_10e_m_s_allsides_2,cross_section_2,frame_000252,,,unassigned,good,/home/sb/Harting_Inspection/data/raw/harting_Baseline-10E-M-s-allsides-2/harting_Baseline-10E-M-s-CrossSection-2
d7a077fa2aa5d618,/home/sb/Harting_Inspection/data/raw/harting_Baseline-10E-M-s-allsides-2/harting_Baseline-10E-M-s-CrossSection-2/frame_000253.jpg,harting_baseline_10e_m_s_allsides_2,cross_section_2,frame_000253,,,unassigned,good,/home/sb/Harting_Inspection/data/raw/harting_Baseline-10E-M-s-allsides-2/harting_Baseline-10E-M-s-CrossSection-2
4da90f885d6fc22f,/home/sb/Harting_Inspection/data/raw/harting_Baseline-10E-M-s-allsides-2/harting_Baseline-10E-M-s-CrossSection-2/frame_000254.jpg,harting_baseline_10e_m_s_allsides_2,cross_section_2,frame_000254,,,unassigned,good,/home/sb/Harting_Inspection/data/raw/harting_Baseline-10E-M-s-allsides-2/harting_Baseline-10E-M-s-CrossSection-2
95a749087ac57f03,/home/sb/Harting_Inspection/data/raw/harting_Baseline-10E-M-s-allsides-2/harting_Baseline-10E-M-s-CrossSection-2/frame_000255.jpg,harting_baseline_10e_m_s_allsides_2,cross_section_2,frame_000255,,,unassigned,good,/home/sb/Harting_Inspection/data/raw/harting_Baseline-10E-M-s-allsides-2/harting_Baseline-10E-M-s-CrossSection-2
b8a217aefeb4dd1a,/home/sb/Harting_Inspection/data/raw/harting_Baseline-10E-M-s-allsides-2/harting_Baseline-10E-M-s-CrossSection-2/frame_000256.jpg,harting_baseline_10e_m_s_allsides_2,cross_section_2,frame_000256,,,unassigned,good,/home/sb/Harting_Inspection/data/raw/harting_Baseline-10E-M-s-allsides-2/harting_Baseline-10E-M-s-CrossSection-2
eb55c5a354ad5584,/home/sb/Harting_Inspection/data/raw/harting_Baseline-10E-M-s-allsides-2/harting_Baseline-10E-M-s-CrossSection-2/frame_000257.jpg,harting_baseline_10e_m_s_allsides_2,cross_section_2,frame_000257,,,unassigned,good,/home/sb/Harting_Inspection/data/raw/harting_Baseline-10E-M-s-allsides-2/harting_Baseline-10E-M-s-CrossSection-2
575027c40eda9e17,/home/sb/Harting_Inspection/data/raw/harting_Baseline-10E-M-s-allsides-2/harting_Baseline-10E-M-s-CrossSection-2/frame_000258.jpg,harting_baseline_10e_m_s_allsides_2,cross_section_2,frame_000258,,,unassigned,good,/home/sb/Harting_Inspection/data/raw/harting_Baseline-10E-M-s-allsides-2/harting_Baseline-10E-M-s-CrossSection-2
e1d8e13c6eeb7359,/home/sb/Harting_Inspection/data/raw/harting_Baseline-10E-M-s-allsides-2/harting_Baseline-10E-M-s-CrossSection-2/frame_000259.jpg,harting_baseline_10e_m_s_allsides_2,cross_section_2,frame_000259,,,unassigned,good,/home/sb/Harting_Inspection/data/raw/harting_Baseline-10E-M-s-allsides-2/harting_Baseline-10E-M-s-CrossSection-2
55a885a9259c6455,/home/sb/Harting_Inspection/data/raw/harting_Baseline-10E-M-s-allsides-2/harting_Baseline-10E-M-s-CrossSection-2/frame_000260.jpg,harting_baseline_10e_m_s_allsides_2,cross_section_2,frame_000260,,,unassigned,good,/home/sb/Harting_Inspection/data/raw/harting_Baseline-10E-M-s-allsides-2/harting_Baseline-10E-M-s-CrossSection-2
1aa6b68d736d8f84,/home/sb/Harting_Inspection/data/raw/harting_Baseline-10E-M-s-allsides-2/harting_Baseline-10E-M-s-CrossSection-2/frame_000261.jpg,harting_baseline_10e_m_s_allsides_2,cross_section_2,frame_000261,,,unassigned,good,/home/sb/Harting_Inspection/data/raw/harting_Baseline-10E-M-s-allsides-2/harting_Baseline-10E-M-s-CrossSection-2
cb463708f23914a5,/home/sb/Harting_Inspection/data/raw/harting_Baseline-10E-M-s-allsides-2/harting_Baseline-10E-M-s-Top/frame_000000.jpg,harting_baseline_10e_m_s_allsides_2,top,frame_000000,,,unassigned,good,/home/sb/Harting_Inspection/data/raw/harting_Baseline-10E-M-s-allsides-2/harting_Baseline-10E-M-s-Top
ec1b0f9d74517ae7,/home/sb/Harting_Inspection/data/raw/harting_Baseline-10E-M-s-allsides-2/harting_Baseline-10E-M-s-Top/frame_000001.jpg,harting_baseline_10e_m_s_allsides_2,top,frame_000001,,,unassigned,good,/home/sb/Harting_Inspection/data/raw/harting_Baseline-10E-M-s-allsides-2/harting_Baseline-10E-M-s-Top
4fbfc544a49e0c9a,/home/sb/Harting_Inspection/data/raw/harting_Baseline-10E-M-s-allsides-2/harting_Baseline-10E-M-s-Top/frame_000002.jpg,harting_baseline_10e_m_s_allsides_2,top,frame_000002,,,unassigned,good,/home/sb/Harting_Inspection/data/raw/harting_Baseline-10E-M-s-allsides-2/harting_Baseline-10E-M-s-Top
ba13826c407ddd27,/home/sb/Harting_Inspection/data/raw/harting_Baseline-10E-M-s-allsides-2/harting_Baseline-10E-M-s-Top/frame_000003.jpg,harting_baseline_10e_m_s_allsides_2,top,frame_000003,,,unassigned,good,/home/sb/Harting_Inspection/data/raw/harting_Baseline-10E-M-s-allsides-2/harting_Baseline-10E-M-s-Top
7fbbd08570eefce3,/home/sb/Harting_Inspection/data/raw/harting_Baseline-10E-M-s-allsides-2/harting_Baseline-10E-M-s-Top/frame_000004.jpg,harting_baseline_10e_m_s_allsides_2,top,frame_000004,,,unassigned,good,/home/sb/Harting_Inspection/data/raw/harting_Baseline-10E-M-s-allsides-2/harting_Baseline-10E-M-s-Top
1b48a085da5ab7f1,/home/sb/Harting_Inspection/data/raw/harting_Baseline-10E-M-s-allsides-2/harting_Baseline-10E-M-s-Top/frame_000005.jpg,harting_baseline_10e_m_s_allsides_2,top,frame_000005,,,unassigned,good,/home/sb/Harting_Inspection/data/raw/harting_Baseline-10E-M-s-allsides-2/harting_Baseline-10E-M-s-Top
ef9ef9a677d1b866,/home/sb/Harting_Inspection/data/raw/harting_Baseline-10E-M-s-allsides-2/harting_Baseline-10E-M-s-Top/frame_000006.jpg,harting_baseline_10e_m_s_allsides_2,top,frame_000006,,,unassigned,good,/home/sb/Harting_Inspection/data/raw/harting_Baseline-10E-M-s-allsides-2/harting_Baseline-10E-M-s-Top
08b84ba56bbf8867,/home/sb/Harting_Inspection/data/raw/harting_Baseline-10E-M-s-allsides-2/harting_Baseline-10E-M-s-Top/frame_000007.jpg,harting_baseline_10e_m_s_allsides_2,top,frame_000007,,,unassigned,good,/home/sb/Harting_Inspection/data/raw/harting_Baseline-10E-M-s-allsides-2/harting_Baseline-10E-M-s-Top
5129b5526f350f02,/home/sb/Harting_Inspection/data/raw/harting_Baseline-10E-M-s-allsides-2/harting_Baseline-10E-M-s-Top/frame_000008.jpg,harting_baseline_10e_m_s_allsides_2,top,frame_000008,,,unassigned,good,/home/sb/Harting_Inspection/data/raw/harting_Baseline-10E-M-s-allsides-2/harting_Baseline-10E-M-s-Top
d66f6ac4af929e8e,/home/sb/Harting_Inspection/data/raw/harting_Baseline-10E-M-s-allsides-2/harting_Baseline-10E-M-s-Top/frame_000009.jpg,harting_baseline_10e_m_s_allsides_2,top,frame_000009,,,unassigned,good,/home/sb/Harting_Inspection/data/raw/harting_Baseline-10E-M-s-allsides-2/harting_Baseline-10E-M-s-Top
d8a5d7f70aae48ec,/home/sb/Harting_Inspection/data/raw/harting_Baseline-10E-M-s-allsides-2/harting_Baseline-10E-M-s-Top/frame_000010.jpg,harting_baseline_10e_m_s_allsides_2,top,frame_000010,,,unassigned,good,/home/sb/Harting_Inspection/data/raw/harting_Baseline-10E-M-s-allsides-2/harting_Baseline-10E-M-s-Top
45c07dfa3af3d986,/home/sb/Harting_Inspection/data/raw/harting_Baseline-10E-M-s-allsides-2/harting_Baseline-10E-M-s-Top/frame_000011.jpg,harting_baseline_10e_m_s_allsides_2,top,frame_000011,,,unassigned,good,/home/sb/Harting_Inspection/data/raw/harting_Baseline-10E-M-s-allsides-2/harting_Baseline-10E-M-s-Top
03e78a243d97c310,/home/sb/Harting_Inspection/data/raw/harting_Baseline-10E-M-s-allsides-2/harting_Baseline-10E-M-s-Top/frame_000012.jpg,harting_baseline_10e_m_s_allsides_2,top,frame_000012,,,unassigned,good,/home/sb/Harting_Inspection/data/raw/harting_Baseline-10E-M-s-allsides-2/harting_Baseline-10E-M-s-Top
9c81f380f83c8bac,/home/sb/Harting_Inspection/data/raw/harting_Baseline-10E-M-s-allsides-2/harting_Baseline-10E-M-s-Top/frame_000013.jpg,harting_baseline_10e_m_s_allsides_2,top,frame_000013,,,unassigned,good,/home/sb/Harting_Inspection/data/raw/harting_Baseline-10E-M-s-allsides-2/harting_Baseline-10E-M-s-Top
b80a847294ea070f,/home/sb/Harting_Inspection/data/raw/harting_Baseline-10E-M-s-allsides-2/harting_Baseline-10E-M-s-Top/frame_000014.jpg,harting_baseline_10e_m_s_allsides_2,top,frame_000014,,,unassigned,good,/home/sb/Harting_Inspection/data/raw/harting_Baseline-10E-M-s-allsides-2/harting_Baseline-10E-M-s-Top
98589b6ac1aadcc1,/home/sb/Harting_Inspection/data/raw/harting_Baseline-10E-M-s-allsides-2/harting_Baseline-10E-M-s-Top/frame_000015.jpg,harting_baseline_10e_m_s_allsides_2,top,frame_000015,,,unassigned,good,/home/sb/Harting_Inspection/data/raw/harting_Baseline-10E-M-s-allsides-2/harting_Baseline-10E-M-s-Top
f7e5929b30472a5c,/home/sb/Harting_Inspection/data/raw/harting_Baseline-10E-M-s-allsides-2/harting_Baseline-10E-M-s-Top/frame_000016.jpg,harting_baseline_10e_m_s_allsides_2,top,frame_000016,,,unassigned,good,/home/sb/Harting_Inspection/data/raw/harting_Baseline-10E-M-s-allsides-2/harting_Baseline-10E-M-s-Top
4511abc237c7f311,/home/sb/Harting_Inspection/data/raw/harting_Baseline-10E-M-s-allsides-2/harting_Baseline-10E-M-s-Top/frame_000017.jpg,harting_baseline_10e_m_s_allsides_2,top,frame_000017,,,unassigned,good,/home/sb/Harting_Inspection/data/raw/harting_Baseline-10E-M-s-allsides-2/harting_Baseline-10E-M-s-Top
62566d1237161e1a,/home/sb/Harting_Inspection/data/raw/harting_Baseline-10E-M-s-allsides-2/harting_Baseline-10E-M-s-Top/frame_000018.jpg,harting_baseline_10e_m_s_allsides_2,top,frame_000018,,,unassigned,good,/home/sb/Harting_Inspection/data/raw/harting_Baseline-10E-M-s-allsides-2/harting_Baseline-10E-M-s-Top
0dda13f93af2c978,/home/sb/Harting_Inspection/data/raw/harting_Baseline-10E-M-s-allsides-2/harting_Baseline-10E-M-s-Top/frame_000019.jpg,harting_baseline_10e_m_s_allsides_2,top,frame_000019,,,unassigned,good,/home/sb/Harting_Inspection/data/raw/harting_Baseline-10E-M-s-allsides-2/harting_Baseline-10E-M-s-Top
9cf4042c57e86d8c,/home/sb/Harting_Inspection/data/raw/harting_Baseline-10E-M-s-allsides-2/harting_Baseline-10E-M-s-Top/frame_000020.jpg,harting_baseline_10e_m_s_allsides_2,top,frame_000020,,,unassigned,good,/home/sb/Harting_Inspection/data/raw/harting_Baseline-10E-M-s-allsides-2/harting_Baseline-10E-M-s-Top
eb6baa2f72efc639,/home/sb/Harting_Inspection/data/raw/harting_Baseline-10E-M-s-allsides-2/harting_Baseline-10E-M-s-Top/frame_000021.jpg,harting_baseline_10e_m_s_allsides_2,top,frame_000021,,,unassigned,good,/home/sb/Harting_Inspection/data/raw/harting_Baseline-10E-M-s-allsides-2/harting_Baseline-10E-M-s-Top
4dd6b9b2a44600e5,/home/sb/Harting_Inspection/data/raw/harting_Baseline-10E-M-s-allsides-2/harting_Baseline-10E-M-s-Top/frame_000022.jpg,harting_baseline_10e_m_s_allsides_2,top,frame_000022,,,unassigned,good,/home/sb/Harting_Inspection/data/raw/harting_Baseline-10E-M-s-allsides-2/harting_Baseline-10E-M-s-Top
5a262007045a46c5,/home/sb/Harting_Inspection/data/raw/harting_Baseline-10E-M-s-allsides-2/harting_Baseline-10E-M-s-Top/frame_000023.jpg,harting_baseline_10e_m_s_allsides_2,top,frame_000023,,,unassigned,good,/home/sb/Harting_Inspection/data/raw/harting_Baseline-10E-M-s-allsides-2/harting_Baseline-10E-M-s-Top
07c57e41bc04a62c,/home/sb/Harting_Inspection/data/raw/harting_Baseline-10E-M-s-allsides-2/harting_Baseline-10E-M-s-Top/frame_000024.jpg,harting_baseline_10e_m_s_allsides_2,top,frame_000024,,,unassigned,good,/home/sb/Harting_Inspection/data/raw/harting_Baseline-10E-M-s-allsides-2/harting_Baseline-10E-M-s-Top
fef482e13a281f83,/home/sb/Harting_Inspection/data/raw/harting_Baseline-10E-M-s-allsides-2/harting_Baseline-10E-M-s-Top/frame_000025.jpg,harting_baseline_10e_m_s_allsides_2,top,frame_000025,,,unassigned,good,/home/sb/Harting_Inspection/data/raw/harting_Baseline-10E-M-s-allsides-2/harting_Baseline-10E-M-s-Top
a7a9fb29c016d719,/home/sb/Harting_Inspection/data/raw/harting_Baseline-10E-M-s-allsides-2/harting_Baseline-10E-M-s-Top/frame_000026.jpg,harting_baseline_10e_m_s_allsides_2,top,frame_000026,,,unassigned,good,/home/sb/Harting_Inspection/data/raw/harting_Baseline-10E-M-s-allsides-2/harting_Baseline-10E-M-s-Top
6cca11df3ce9087c,/home/sb/Harting_Inspection/data/raw/harting_Baseline-10E-M-s-allsides-2/harting_Baseline-10E-M-s-Top/frame_000027.jpg,harting_baseline_10e_m_s_allsides_2,top,frame_000027,,,unassigned,good,/home/sb/Harting_Inspection/data/raw/harting_Baseline-10E-M-s-allsides-2/harting_Baseline-10E-M-s-Top
c01c447e8f22a224,/home/sb/Harting_Inspection/data/raw/harting_Baseline-10E-M-s-allsides-2/harting_Baseline-10E-M-s-Top/frame_000028.jpg,harting_baseline_10e_m_s_allsides_2,top,frame_000028,,,unassigned,good,/home/sb/Harting_Inspection/data/raw/harting_Baseline-10E-M-s-allsides-2/harting_Baseline-10E-M-s-Top
62292e9febfea9f2,/home/sb/Harting_Inspection/data/raw/harting_Baseline-10E-M-s-allsides-2/harting_Baseline-10E-M-s-Top/frame_000029.jpg,harting_baseline_10e_m_s_allsides_2,top,frame_000029,,,unassigned,good,/home/sb/Harting_Inspection/data/raw/harting_Baseline-10E-M-s-allsides-2/harting_Baseline-10E-M-s-Top
15b47d7ddebbcac7,/home/sb/Harting_Inspection/data/raw/harting_Baseline-10E-M-s-allsides-2/harting_Baseline-10E-M-s-Top/frame_000030.jpg,harting_baseline_10e_m_s_allsides_2,top,frame_000030,,,unassigned,good,/home/sb/Harting_Inspection/data/raw/harting_Baseline-10E-M-s-allsides-2/harting_Baseline-10E-M-s-Top
7211c85cd35bd7a7,/home/sb/Harting_Inspection/data/raw/harting_Baseline-10E-M-s-allsides-2/harting_Baseline-10E-M-s-Top/frame_000031.jpg,harting_baseline_10e_m_s_allsides_2,top,frame_000031,,,unassigned,good,/home/sb/Harting_Inspection/data/raw/harting_Baseline-10E-M-s-allsides-2/harting_Baseline-10E-M-s-Top
d66d0d780d7e00b4,/home/sb/Harting_Inspection/data/raw/harting_Baseline-10E-M-s-allsides-2/harting_Baseline-10E-M-s-Top/frame_000032.jpg,harting_baseline_10e_m_s_allsides_2,top,frame_000032,,,unassigned,good,/home/sb/Harting_Inspection/data/raw/harting_Baseline-10E-M-s-allsides-2/harting_Baseline-10E-M-s-Top
d0d3e019e5710881,/home/sb/Harting_Inspection/data/raw/harting_Baseline-10E-M-s-allsides-2/harting_Baseline-10E-M-s-Top/frame_000033.jpg,harting_baseline_10e_m_s_allsides_2,top,frame_000033,,,unassigned,good,/home/sb/Harting_Inspection/data/raw/harting_Baseline-10E-M-s-allsides-2/harting_Baseline-10E-M-s-Top
b9b30b233672ab04,/home/sb/Harting_Inspection/data/raw/harting_Baseline-10E-M-s-allsides-2/harting_Baseline-10E-M-s-Top/frame_000034.jpg,harting_baseline_10e_m_s_allsides_2,top,frame_000034,,,unassigned,good,/home/sb/Harting_Inspection/data/raw/harting_Baseline-10E-M-s-allsides-2/harting_Baseline-10E-M-s-Top
072cb8349e9a6e06,/home/sb/Harting_Inspection/data/raw/harting_Baseline-10E-M-s-allsides-2/harting_Baseline-10E-M-s-Top/frame_000035.jpg,harting_baseline_10e_m_s_allsides_2,top,frame_000035,,,unassigned,good,/home/sb/Harting_Inspection/data/raw/harting_Baseline-10E-M-s-allsides-2/harting_Baseline-10E-M-s-Top
5d24daf362723e24,/home/sb/Harting_Inspection/data/raw/harting_Baseline-10E-M-s-allsides-2/harting_Baseline-10E-M-s-Top/frame_000036.jpg,harting_baseline_10e_m_s_allsides_2,top,frame_000036,,,unassigned,good,/home/sb/Harting_Inspection/data/raw/harting_Baseline-10E-M-s-allsides-2/harting_Baseline-10E-M-s-Top
5677b92a2e7373ff,/home/sb/Harting_Inspection/data/raw/harting_Baseline-10E-M-s-allsides-2/harting_Baseline-10E-M-s-Top/frame_000037.jpg,harting_baseline_10e_m_s_allsides_2,top,frame_000037,,,unassigned,good,/home/sb/Harting_Inspection/data/raw/harting_Baseline-10E-M-s-allsides-2/harting_Baseline-10E-M-s-Top
04c92f580db84167,/home/sb/Harting_Inspection/data/raw/harting_Baseline-10E-M-s-allsides-2/harting_Baseline-10E-M-s-Top/frame_000038.jpg,harting_baseline_10e_m_s_allsides_2,top,frame_000038,,,unassigned,good,/home/sb/Harting_Inspection/data/raw/harting_Baseline-10E-M-s-allsides-2/harting_Baseline-10E-M-s-Top
27ea91c82923bb25,/home/sb/Harting_Inspection/data/raw/harting_Baseline-10E-M-s-allsides-2/harting_Baseline-10E-M-s-Top/frame_000039.jpg,harting_baseline_10e_m_s_allsides_2,top,frame_000039,,,unassigned,good,/home/sb/Harting_Inspection/data/raw/harting_Baseline-10E-M-s-allsides-2/harting_Baseline-10E-M-s-Top
62991b8aa6670ef4,/home/sb/Harting_Inspection/data/raw/harting_Baseline-10E-M-s-allsides-2/harting_Baseline-10E-M-s-Top/frame_000040.jpg,harting_baseline_10e_m_s_allsides_2,top,frame_000040,,,unassigned,good,/home/sb/Harting_Inspection/data/raw/harting_Baseline-10E-M-s-allsides-2/harting_Baseline-10E-M-s-Top
d1259a8d7298fe2a,/home/sb/Harting_Inspection/data/raw/harting_Baseline-10E-M-s-allsides-2/harting_Baseline-10E-M-s-Top/frame_000041.jpg,harting_baseline_10e_m_s_allsides_2,top,frame_000041,,,unassigned,good,/home/sb/Harting_Inspection/data/raw/harting_Baseline-10E-M-s-allsides-2/harting_Baseline-10E-M-s-Top
ff050b333f5fc50d,/home/sb/Harting_Inspection/data/raw/harting_Baseline-10E-M-s-allsides-2/harting_Baseline-10E-M-s-Top/frame_000042.jpg,harting_baseline_10e_m_s_allsides_2,top,frame_000042,,,unassigned,good,/home/sb/Harting_Inspection/data/raw/harting_Baseline-10E-M-s-allsides-2/harting_Baseline-10E-M-s-Top
455d0696a353787c,/home/sb/Harting_Inspection/data/raw/harting_Baseline-10E-M-s-allsides-2/harting_Baseline-10E-M-s-Top/frame_000043.jpg,harting_baseline_10e_m_s_allsides_2,top,frame_000043,,,unassigned,good,/home/sb/Harting_Inspection/data/raw/harting_Baseline-10E-M-s-allsides-2/harting_Baseline-10E-M-s-Top
3e5011de32d69041,/home/sb/Harting_Inspection/data/raw/harting_Baseline-10E-M-s-allsides-2/harting_Baseline-10E-M-s-Top/frame_000044.jpg,harting_baseline_10e_m_s_allsides_2,top,frame_000044,,,unassigned,good,/home/sb/Harting_Inspection/data/raw/harting_Baseline-10E-M-s-allsides-2/harting_Baseline-10E-M-s-Top
7bdab608fd4ddf1c,/home/sb/Harting_Inspection/data/raw/harting_Baseline-10E-M-s-allsides-2/harting_Baseline-10E-M-s-Top/frame_000045.jpg,harting_baseline_10e_m_s_allsides_2,top,frame_000045,,,unassigned,good,/home/sb/Harting_Inspection/data/raw/harting_Baseline-10E-M-s-allsides-2/harting_Baseline-10E-M-s-Top
82f2cc7b4531e02f,/home/sb/Harting_Inspection/data/raw/harting_Baseline-10E-M-s-allsides-2/harting_Baseline-10E-M-s-Top/frame_000046.jpg,harting_baseline_10e_m_s_allsides_2,top,frame_000046,,,unassigned,good,/home/sb/Harting_Inspection/data/raw/harting_Baseline-10E-M-s-allsides-2/harting_Baseline-10E-M-s-Top
8b913a74d264690a,/home/sb/Harting_Inspection/data/raw/harting_Baseline-10E-M-s-allsides-2/harting_Baseline-10E-M-s-Top/frame_000047.jpg,harting_baseline_10e_m_s_allsides_2,top,frame_000047,,,unassigned,good,/home/sb/Harting_Inspection/data/raw/harting_Baseline-10E-M-s-allsides-2/harting_Baseline-10E-M-s-Top
3bcaa38ebec631bf,/home/sb/Harting_Inspection/data/raw/harting_Baseline-10E-M-s-allsides-2/harting_Baseline-10E-M-s-Top/frame_000048.jpg,harting_baseline_10e_m_s_allsides_2,top,frame_000048,,,unassigned,good,/home/sb/Harting_Inspection/data/raw/harting_Baseline-10E-M-s-allsides-2/harting_Baseline-10E-M-s-Top
8beac7e8bc1a573e,/home/sb/Harting_Inspection/data/raw/harting_Baseline-10E-M-s-allsides-2/harting_Baseline-10E-M-s-Top/frame_000049.jpg,harting_baseline_10e_m_s_allsides_2,top,frame_000049,,,unassigned,good,/home/sb/Harting_Inspection/data/raw/harting_Baseline-10E-M-s-allsides-2/harting_Baseline-10E-M-s-Top
28fc6005ad17dda0,/home/sb/Harting_Inspection/data/raw/harting_Baseline-10E-M-s-allsides-2/harting_Baseline-10E-M-s-Top/frame_000050.jpg,harting_baseline_10e_m_s_allsides_2,top,frame_000050,,,unassigned,good,/home/sb/Harting_Inspection/data/raw/harting_Baseline-10E-M-s-allsides-2/harting_Baseline-10E-M-s-Top
763c4b7e8b968a5e,/home/sb/Harting_Inspection/data/raw/harting_Baseline-10E-M-s-allsides-2/harting_Baseline-10E-M-s-Top/frame_000051.jpg,harting_baseline_10e_m_s_allsides_2,top,frame_000051,,,unassigned,good,/home/sb/Harting_Inspection/data/raw/harting_Baseline-10E-M-s-allsides-2/harting_Baseline-10E-M-s-Top
ae5440c04ed406ce,/home/sb/Harting_Inspection/data/raw/harting_Baseline-10E-M-s-allsides-2/harting_Baseline-10E-M-s-Top/frame_000052.jpg,harting_baseline_10e_m_s_allsides_2,top,frame_000052,,,unassigned,good,/home/sb/Harting_Inspection/data/raw/harting_Baseline-10E-M-s-allsides-2/harting_Baseline-10E-M-s-Top
1432ff233577b387,/home/sb/Harting_Inspection/data/raw/harting_Baseline-10E-M-s-allsides-2/harting_Baseline-10E-M-s-Top/frame_000053.jpg,harting_baseline_10e_m_s_allsides_2,top,frame_000053,,,unassigned,good,/home/sb/Harting_Inspection/data/raw/harting_Baseline-10E-M-s-allsides-2/harting_Baseline-10E-M-s-Top
5d5c8226d30925e2,/home/sb/Harting_Inspection/data/raw/harting_Baseline-10E-M-s-allsides-2/harting_Baseline-10E-M-s-Top/frame_000054.jpg,harting_baseline_10e_m_s_allsides_2,top,frame_000054,,,unassigned,good,/home/sb/Harting_Inspection/data/raw/harting_Baseline-10E-M-s-allsides-2/harting_Baseline-10E-M-s-Top
4039b83515883376,/home/sb/Harting_Inspection/data/raw/harting_Baseline-10E-M-s-allsides-2/harting_Baseline-10E-M-s-Top/frame_000055.jpg,harting_baseline_10e_m_s_allsides_2,top,frame_000055,,,unassigned,good,/home/sb/Harting_Inspection/data/raw/harting_Baseline-10E-M-s-allsides-2/harting_Baseline-10E-M-s-Top
7873a7da94accf8a,/home/sb/Harting_Inspection/data/raw/harting_Baseline-10E-M-s-allsides-2/harting_Baseline-10E-M-s-Top/frame_000056.jpg,harting_baseline_10e_m_s_allsides_2,top,frame_000056,,,unassigned,good,/home/sb/Harting_Inspection/data/raw/harting_Baseline-10E-M-s-allsides-2/harting_Baseline-10E-M-s-Top
34b961bdbb19af75,/home/sb/Harting_Inspection/data/raw/harting_Baseline-10E-M-s-allsides-2/harting_Baseline-10E-M-s-Top/frame_000057.jpg,harting_baseline_10e_m_s_allsides_2,top,frame_000057,,,unassigned,good,/home/sb/Harting_Inspection/data/raw/harting_Baseline-10E-M-s-allsides-2/harting_Baseline-10E-M-s-Top
fb846f7560cd9bca,/home/sb/Harting_Inspection/data/raw/harting_Baseline-10E-M-s-allsides-2/harting_Baseline-10E-M-s-Top/frame_000058.jpg,harting_baseline_10e_m_s_allsides_2,top,frame_000058,,,unassigned,good,/home/sb/Harting_Inspection/data/raw/harting_Baseline-10E-M-s-allsides-2/harting_Baseline-10E-M-s-Top
63978a4992a5ec1c,/home/sb/Harting_Inspection/data/raw/harting_Baseline-10E-M-s-allsides-2/harting_Baseline-10E-M-s-Top/frame_000059.jpg,harting_baseline_10e_m_s_allsides_2,top,frame_000059,,,unassigned,good,/home/sb/Harting_Inspection/data/raw/harting_Baseline-10E-M-s-allsides-2/harting_Baseline-10E-M-s-Top
5a15e1fb775d8cac,/home/sb/Harting_Inspection/data/raw/harting_Baseline-10E-M-s-allsides-2/harting_Baseline-10E-M-s-Top/frame_000060.jpg,harting_baseline_10e_m_s_allsides_2,top,frame_000060,,,unassigned,good,/home/sb/Harting_Inspection/data/raw/harting_Baseline-10E-M-s-allsides-2/harting_Baseline-10E-M-s-Top
110cb79470564fb4,/home/sb/Harting_Inspection/data/raw/harting_Baseline-10E-M-s-allsides-2/harting_Baseline-10E-M-s-Top/frame_000061.jpg,harting_baseline_10e_m_s_allsides_2,top,frame_000061,,,unassigned,good,/home/sb/Harting_Inspection/data/raw/harting_Baseline-10E-M-s-allsides-2/harting_Baseline-10E-M-s-Top
817b6a0ec9de65b8,/home/sb/Harting_Inspection/data/raw/harting_Baseline-10E-M-s-allsides-2/harting_Baseline-10E-M-s-Top/frame_000062.jpg,harting_baseline_10e_m_s_allsides_2,top,frame_000062,,,unassigned,good,/home/sb/Harting_Inspection/data/raw/harting_Baseline-10E-M-s-allsides-2/harting_Baseline-10E-M-s-Top
ca0f30af84291328,/home/sb/Harting_Inspection/data/raw/harting_Baseline-10E-M-s-allsides-2/harting_Baseline-10E-M-s-Top/frame_000063.jpg,harting_baseline_10e_m_s_allsides_2,top,frame_000063,,,unassigned,good,/home/sb/Harting_Inspection/data/raw/harting_Baseline-10E-M-s-allsides-2/harting_Baseline-10E-M-s-Top
100e54327505e5c3,/home/sb/Harting_Inspection/data/raw/harting_Baseline-10E-M-s-allsides-2/harting_Baseline-10E-M-s-Top/frame_000064.jpg,harting_baseline_10e_m_s_allsides_2,top,frame_000064,,,unassigned,good,/home/sb/Harting_Inspection/data/raw/harting_Baseline-10E-M-s-allsides-2/harting_Baseline-10E-M-s-Top
0d162fcdbbe4f8c3,/home/sb/Harting_Inspection/data/raw/harting_Baseline-10E-M-s-allsides-2/harting_Baseline-10E-M-s-Top/frame_000065.jpg,harting_baseline_10e_m_s_allsides_2,top,frame_000065,,,unassigned,good,/home/sb/Harting_Inspection/data/raw/harting_Baseline-10E-M-s-allsides-2/harting_Baseline-10E-M-s-Top
958bd0c362011a39,/home/sb/Harting_Inspection/data/raw/harting_Baseline-10E-M-s-allsides-2/harting_Baseline-10E-M-s-Top/frame_000066.jpg,harting_baseline_10e_m_s_allsides_2,top,frame_000066,,,unassigned,good,/home/sb/Harting_Inspection/data/raw/harting_Baseline-10E-M-s-allsides-2/harting_Baseline-10E-M-s-Top
1eb9645d6c9f1ca8,/home/sb/Harting_Inspection/data/raw/harting_Baseline-10E-M-s-allsides-2/harting_Baseline-10E-M-s-Top/frame_000067.jpg,harting_baseline_10e_m_s_allsides_2,top,frame_000067,,,unassigned,good,/home/sb/Harting_Inspection/data/raw/harting_Baseline-10E-M-s-allsides-2/harting_Baseline-10E-M-s-Top
8a7dd8d2de5177fd,/home/sb/Harting_Inspection/data/raw/harting_Baseline-10E-M-s-allsides-2/harting_Baseline-10E-M-s-Top/frame_000068.jpg,harting_baseline_10e_m_s_allsides_2,top,frame_000068,,,unassigned,good,/home/sb/Harting_Inspection/data/raw/harting_Baseline-10E-M-s-allsides-2/harting_Baseline-10E-M-s-Top
6695843db0e71183,/home/sb/Harting_Inspection/data/raw/harting_Baseline-10E-M-s-allsides-2/harting_Baseline-10E-M-s-Top/frame_000069.jpg,harting_baseline_10e_m_s_allsides_2,top,frame_000069,,,unassigned,good,/home/sb/Harting_Inspection/data/raw/harting_Baseline-10E-M-s-allsides-2/harting_Baseline-10E-M-s-Top
6e649769872a45c1,/home/sb/Harting_Inspection/data/raw/harting_Baseline-10E-M-s-allsides-2/harting_Baseline-10E-M-s-Top/frame_000070.jpg,harting_baseline_10e_m_s_allsides_2,top,frame_000070,,,unassigned,good,/home/sb/Harting_Inspection/data/raw/harting_Baseline-10E-M-s-allsides-2/harting_Baseline-10E-M-s-Top
5472cbc794fc41ab,/home/sb/Harting_Inspection/data/raw/harting_Baseline-10E-M-s-allsides-2/harting_Baseline-10E-M-s-Top/frame_000071.jpg,harting_baseline_10e_m_s_allsides_2,top,frame_000071,,,unassigned,good,/home/sb/Harting_Inspection/data/raw/harting_Baseline-10E-M-s-allsides-2/harting_Baseline-10E-M-s-Top
703a54565d420b6a,/home/sb/Harting_Inspection/data/raw/harting_Baseline-10E-M-s-allsides-2/harting_Baseline-10E-M-s-Top/frame_000072.jpg,harting_baseline_10e_m_s_allsides_2,top,frame_000072,,,unassigned,good,/home/sb/Harting_Inspection/data/raw/harting_Baseline-10E-M-s-allsides-2/harting_Baseline-10E-M-s-Top
343aac345fd282b1,/home/sb/Harting_Inspection/data/raw/harting_Baseline-10E-M-s-allsides-2/harting_Baseline-10E-M-s-Top/frame_000073.jpg,harting_baseline_10e_m_s_allsides_2,top,frame_000073,,,unassigned,good,/home/sb/Harting_Inspection/data/raw/harting_Baseline-10E-M-s-allsides-2/harting_Baseline-10E-M-s-Top
0370ad2d9e27e2e1,/home/sb/Harting_Inspection/data/raw/harting_Baseline-10E-M-s-allsides-2/harting_Baseline-10E-M-s-Top/frame_000074.jpg,harting_baseline_10e_m_s_allsides_2,top,frame_000074,,,unassigned,good,/home/sb/Harting_Inspection/data/raw/harting_Baseline-10E-M-s-allsides-2/harting_Baseline-10E-M-s-Top
9f8bbdd485dbe545,/home/sb/Harting_Inspection/data/raw/harting_Baseline-10E-M-s-allsides-2/harting_Baseline-10E-M-s-Top/frame_000075.jpg,harting_baseline_10e_m_s_allsides_2,top,frame_000075,,,unassigned,good,/home/sb/Harting_Inspection/data/raw/harting_Baseline-10E-M-s-allsides-2/harting_Baseline-10E-M-s-Top
94300282a9121d0d,/home/sb/Harting_Inspection/data/raw/harting_Baseline-10E-M-s-allsides-2/harting_Baseline-10E-M-s-Top/frame_000076.jpg,harting_baseline_10e_m_s_allsides_2,top,frame_000076,,,unassigned,good,/home/sb/Harting_Inspection/data/raw/harting_Baseline-10E-M-s-allsides-2/harting_Baseline-10E-M-s-Top
5fbcbb6d2ab6b8ae,/home/sb/Harting_Inspection/data/raw/harting_Baseline-10E-M-s-allsides-2/harting_Baseline-10E-M-s-Top/frame_000077.jpg,harting_baseline_10e_m_s_allsides_2,top,frame_000077,,,unassigned,good,/home/sb/Harting_Inspection/data/raw/harting_Baseline-10E-M-s-allsides-2/harting_Baseline-10E-M-s-Top
6745295acca05e03,/home/sb/Harting_Inspection/data/raw/harting_Baseline-10E-M-s-allsides-2/harting_Baseline-10E-M-s-Top/frame_000078.jpg,harting_baseline_10e_m_s_allsides_2,top,frame_000078,,,unassigned,good,/home/sb/Harting_Inspection/data/raw/harting_Baseline-10E-M-s-allsides-2/harting_Baseline-10E-M-s-Top
1aacb0e4b78af12e,/home/sb/Harting_Inspection/data/raw/harting_Baseline-10E-M-s-allsides-2/harting_Baseline-10E-M-s-Top/frame_000079.jpg,harting_baseline_10e_m_s_allsides_2,top,frame_000079,,,unassigned,good,/home/sb/Harting_Inspection/data/raw/harting_Baseline-10E-M-s-allsides-2/harting_Baseline-10E-M-s-Top
b7857464124a44e4,/home/sb/Harting_Inspection/data/raw/harting_Baseline-10E-M-s-allsides-2/harting_Baseline-10E-M-s-Top/frame_000080.jpg,harting_baseline_10e_m_s_allsides_2,top,frame_000080,,,unassigned,good,/home/sb/Harting_Inspection/data/raw/harting_Baseline-10E-M-s-allsides-2/harting_Baseline-10E-M-s-Top
0ab7de58cb1dc1eb,/home/sb/Harting_Inspection/data/raw/harting_Baseline-10E-M-s-allsides-2/harting_Baseline-10E-M-s-Top/frame_000081.jpg,harting_baseline_10e_m_s_allsides_2,top,frame_000081,,,unassigned,good,/home/sb/Harting_Inspection/data/raw/harting_Baseline-10E-M-s-allsides-2/harting_Baseline-10E-M-s-Top
9dbabd2d934aa5ad,/home/sb/Harting_Inspection/data/raw/harting_Baseline-10E-M-s-allsides-2/harting_Baseline-10E-M-s-Top/frame_000082.jpg,harting_baseline_10e_m_s_allsides_2,top,frame_000082,,,unassigned,good,/home/sb/Harting_Inspection/data/raw/harting_Baseline-10E-M-s-allsides-2/harting_Baseline-10E-M-s-Top
ffc547849bd8b15d,/home/sb/Harting_Inspection/data/raw/harting_Baseline-10E-M-s-allsides-2/harting_Baseline-10E-M-s-Top/frame_000083.jpg,harting_baseline_10e_m_s_allsides_2,top,frame_000083,,,unassigned,good,/home/sb/Harting_Inspection/data/raw/harting_Baseline-10E-M-s-allsides-2/harting_Baseline-10E-M-s-Top
2db77888e1c62b19,/home/sb/Harting_Inspection/data/raw/harting_Baseline-10E-M-s-allsides-2/harting_Baseline-10E-M-s-Top/frame_000084.jpg,harting_baseline_10e_m_s_allsides_2,top,frame_000084,,,unassigned,good,/home/sb/Harting_Inspection/data/raw/harting_Baseline-10E-M-s-allsides-2/harting_Baseline-10E-M-s-Top
24e4964fd685b775,/home/sb/Harting_Inspection/data/raw/harting_Baseline-10E-M-s-allsides-2/harting_Baseline-10E-M-s-Top/frame_000085.jpg,harting_baseline_10e_m_s_allsides_2,top,frame_000085,,,unassigned,good,/home/sb/Harting_Inspection/data/raw/harting_Baseline-10E-M-s-allsides-2/harting_Baseline-10E-M-s-Top
6309c2ee556adfce,/home/sb/Harting_Inspection/data/raw/harting_Baseline-10E-M-s-allsides-2/harting_Baseline-10E-M-s-Top/frame_000086.jpg,harting_baseline_10e_m_s_allsides_2,top,frame_000086,,,unassigned,good,/home/sb/Harting_Inspection/data/raw/harting_Baseline-10E-M-s-allsides-2/harting_Baseline-10E-M-s-Top
99130ce198c827ae,/home/sb/Harting_Inspection/data/raw/harting_Baseline-10E-M-s-allsides-2/harting_Baseline-10E-M-s-Top/frame_000087.jpg,harting_baseline_10e_m_s_allsides_2,top,frame_000087,,,unassigned,good,/home/sb/Harting_Inspection/data/raw/harting_Baseline-10E-M-s-allsides-2/harting_Baseline-10E-M-s-Top
c9ccd166ce19c46b,/home/sb/Harting_Inspection/data/raw/harting_Baseline-10E-M-s-allsides-2/harting_Baseline-10E-M-s-Top/frame_000088.jpg,harting_baseline_10e_m_s_allsides_2,top,frame_000088,,,unassigned,good,/home/sb/Harting_Inspection/data/raw/harting_Baseline-10E-M-s-allsides-2/harting_Baseline-10E-M-s-Top
c2d31d8240be67dc,/home/sb/Harting_Inspection/data/raw/harting_Baseline-10E-M-s-allsides-2/harting_Baseline-10E-M-s-Top/frame_000089.jpg,harting_baseline_10e_m_s_allsides_2,top,frame_000089,,,unassigned,good,/home/sb/Harting_Inspection/data/raw/harting_Baseline-10E-M-s-allsides-2/harting_Baseline-10E-M-s-Top
da559fe87ff68729,/home/sb/Harting_Inspection/data/raw/harting_Baseline-10E-M-s-allsides-2/harting_Baseline-10E-M-s-Top/frame_000090.jpg,harting_baseline_10e_m_s_allsides_2,top,frame_000090,,,unassigned,good,/home/sb/Harting_Inspection/data/raw/harting_Baseline-10E-M-s-allsides-2/harting_Baseline-10E-M-s-Top
699f0ef2139446d6,/home/sb/Harting_Inspection/data/raw/harting_Baseline-10E-M-s-allsides-2/harting_Baseline-10E-M-s-Top/frame_000091.jpg,harting_baseline_10e_m_s_allsides_2,top,frame_000091,,,unassigned,good,/home/sb/Harting_Inspection/data/raw/harting_Baseline-10E-M-s-allsides-2/harting_Baseline-10E-M-s-Top
9f5c3f40a1c347de,/home/sb/Harting_Inspection/data/raw/harting_Baseline-10E-M-s-allsides-2/harting_Baseline-10E-M-s-Top/frame_000092.jpg,harting_baseline_10e_m_s_allsides_2,top,frame_000092,,,unassigned,good,/home/sb/Harting_Inspection/data/raw/harting_Baseline-10E-M-s-allsides-2/harting_Baseline-10E-M-s-Top
6ddbe1de60c597fd,/home/sb/Harting_Inspection/data/raw/harting_Baseline-10E-M-s-allsides-2/harting_Baseline-10E-M-s-Top/frame_000093.jpg,harting_baseline_10e_m_s_allsides_2,top,frame_000093,,,unassigned,good,/home/sb/Harting_Inspection/data/raw/harting_Baseline-10E-M-s-allsides-2/harting_Baseline-10E-M-s-Top
f530489606214a19,/home/sb/Harting_Inspection/data/raw/harting_Baseline-10E-M-s-allsides-2/harting_Baseline-10E-M-s-Top/frame_000094.jpg,harting_baseline_10e_m_s_allsides_2,top,frame_000094,,,unassigned,good,/home/sb/Harting_Inspection/data/raw/harting_Baseline-10E-M-s-allsides-2/harting_Baseline-10E-M-s-Top
fd2aef5d68f046de,/home/sb/Harting_Inspection/data/raw/harting_Baseline-10E-M-s-allsides-2/harting_Baseline-10E-M-s-Top/frame_000095.jpg,harting_baseline_10e_m_s_allsides_2,top,frame_000095,,,unassigned,good,/home/sb/Harting_Inspection/data/raw/harting_Baseline-10E-M-s-allsides-2/harting_Baseline-10E-M-s-Top
b7138f0773e350f0,/home/sb/Harting_Inspection/data/raw/harting_Baseline-10E-M-s-allsides-2/harting_Baseline-10E-M-s-Top/frame_000096.jpg,harting_baseline_10e_m_s_allsides_2,top,frame_000096,,,unassigned,good,/home/sb/Harting_Inspection/data/raw/harting_Baseline-10E-M-s-allsides-2/harting_Baseline-10E-M-s-Top
6126b8d14b885ea7,/home/sb/Harting_Inspection/data/raw/harting_Baseline-10E-M-s-allsides-2/harting_Baseline-10E-M-s-Top/frame_000097.jpg,harting_baseline_10e_m_s_allsides_2,top,frame_000097,,,unassigned,good,/home/sb/Harting_Inspection/data/raw/harting_Baseline-10E-M-s-allsides-2/harting_Baseline-10E-M-s-Top
0fbc5504cc425efe,/home/sb/Harting_Inspection/data/raw/harting_Baseline-10E-M-s-allsides-2/harting_Baseline-10E-M-s-Top/frame_000098.jpg,harting_baseline_10e_m_s_allsides_2,top,frame_000098,,,unassigned,good,/home/sb/Harting_Inspection/data/raw/harting_Baseline-10E-M-s-allsides-2/harting_Baseline-10E-M-s-Top
98c29b1dfcbab46d,/home/sb/Harting_Inspection/data/raw/harting_Baseline-10E-M-s-allsides-2/harting_Baseline-10E-M-s-Top/frame_000099.jpg,harting_baseline_10e_m_s_allsides_2,top,frame_000099,,,unassigned,good,/home/sb/Harting_Inspection/data/raw/harting_Baseline-10E-M-s-allsides-2/harting_Baseline-10E-M-s-Top
c6a6755cb541af4e,/home/sb/Harting_Inspection/data/raw/harting_Baseline-10E-M-s-allsides-2/harting_Baseline-10E-M-s-Top/frame_000100.jpg,harting_baseline_10e_m_s_allsides_2,top,frame_000100,,,unassigned,good,/home/sb/Harting_Inspection/data/raw/harting_Baseline-10E-M-s-allsides-2/harting_Baseline-10E-M-s-Top
6ce184b9b14b980b,/home/sb/Harting_Inspection/data/raw/harting_Baseline-10E-M-s-allsides-2/harting_Baseline-10E-M-s-Top/frame_000101.jpg,harting_baseline_10e_m_s_allsides_2,top,frame_000101,,,unassigned,good,/home/sb/Harting_Inspection/data/raw/harting_Baseline-10E-M-s-allsides-2/harting_Baseline-10E-M-s-Top
03484c9dc783073d,/home/sb/Harting_Inspection/data/raw/harting_Baseline-10E-M-s-allsides-2/harting_Baseline-10E-M-s-Top/frame_000102.jpg,harting_baseline_10e_m_s_allsides_2,top,frame_000102,,,unassigned,good,/home/sb/Harting_Inspection/data/raw/harting_Baseline-10E-M-s-allsides-2/harting_Baseline-10E-M-s-Top
0a3d5ea434323cb3,/home/sb/Harting_Inspection/data/raw/harting_Baseline-10E-M-s-allsides-2/harting_Baseline-10E-M-s-Top/frame_000103.jpg,harting_baseline_10e_m_s_allsides_2,top,frame_000103,,,unassigned,good,/home/sb/Harting_Inspection/data/raw/harting_Baseline-10E-M-s-allsides-2/harting_Baseline-10E-M-s-Top
d667b7c3634f88c6,/home/sb/Harting_Inspection/data/raw/harting_Baseline-10E-M-s-allsides-2/harting_Baseline-10E-M-s-Top/frame_000104.jpg,harting_baseline_10e_m_s_allsides_2,top,frame_000104,,,unassigned,good,/home/sb/Harting_Inspection/data/raw/harting_Baseline-10E-M-s-allsides-2/harting_Baseline-10E-M-s-Top
27f59ac836891b8b,/home/sb/Harting_Inspection/data/raw/harting_Baseline-10E-M-s-allsides-2/harting_Baseline-10E-M-s-Top/frame_000105.jpg,harting_baseline_10e_m_s_allsides_2,top,frame_000105,,,unassigned,good,/home/sb/Harting_Inspection/data/raw/harting_Baseline-10E-M-s-allsides-2/harting_Baseline-10E-M-s-Top
3d336495090a8485,/home/sb/Harting_Inspection/data/raw/harting_Baseline-10E-M-s-allsides-2/harting_Baseline-10E-M-s-Top/frame_000106.jpg,harting_baseline_10e_m_s_allsides_2,top,frame_000106,,,unassigned,good,/home/sb/Harting_Inspection/data/raw/harting_Baseline-10E-M-s-allsides-2/harting_Baseline-10E-M-s-Top
dd65d51cca51edeb,/home/sb/Harting_Inspection/data/raw/harting_Baseline-10E-M-s-allsides-2/harting_Baseline-10E-M-s-Top/frame_000107.jpg,harting_baseline_10e_m_s_allsides_2,top,frame_000107,,,unassigned,good,/home/sb/Harting_Inspection/data/raw/harting_Baseline-10E-M-s-allsides-2/harting_Baseline-10E-M-s-Top
86b1dd00ccc94646,/home/sb/Harting_Inspection/data/raw/harting_Baseline-10E-M-s-allsides-2/harting_Baseline-10E-M-s-Top/frame_000108.jpg,harting_baseline_10e_m_s_allsides_2,top,frame_000108,,,unassigned,good,/home/sb/Harting_Inspection/data/raw/harting_Baseline-10E-M-s-allsides-2/harting_Baseline-10E-M-s-Top
701fbbf942aa0cff,/home/sb/Harting_Inspection/data/raw/harting_Baseline-10E-M-s-allsides-2/harting_Baseline-10E-M-s-Top/frame_000109.jpg,harting_baseline_10e_m_s_allsides_2,top,frame_000109,,,unassigned,good,/home/sb/Harting_Inspection/data/raw/harting_Baseline-10E-M-s-allsides-2/harting_Baseline-10E-M-s-Top
03d79a5e09ffdd1a,/home/sb/Harting_Inspection/data/raw/harting_Baseline-10E-M-s-allsides-2/harting_Baseline-10E-M-s-Top/frame_000110.jpg,harting_baseline_10e_m_s_allsides_2,top,frame_000110,,,unassigned,good,/home/sb/Harting_Inspection/data/raw/harting_Baseline-10E-M-s-allsides-2/harting_Baseline-10E-M-s-Top
622ba3318cb93ebf,/home/sb/Harting_Inspection/data/raw/harting_Baseline-10E-M-s-allsides-2/harting_Baseline-10E-M-s-Top/frame_000111.jpg,harting_baseline_10e_m_s_allsides_2,top,frame_000111,,,unassigned,good,/home/sb/Harting_Inspection/data/raw/harting_Baseline-10E-M-s-allsides-2/harting_Baseline-10E-M-s-Top
61b61ba74a24eab2,/home/sb/Harting_Inspection/data/raw/harting_Baseline-10E-M-s-allsides-2/harting_Baseline-10E-M-s-Top/frame_000112.jpg,harting_baseline_10e_m_s_allsides_2,top,frame_000112,,,unassigned,good,/home/sb/Harting_Inspection/data/raw/harting_Baseline-10E-M-s-allsides-2/harting_Baseline-10E-M-s-Top
549cbc63118ae994,/home/sb/Harting_Inspection/data/raw/harting_Baseline-10E-M-s-allsides-2/harting_Baseline-10E-M-s-Top/frame_000113.jpg,harting_baseline_10e_m_s_allsides_2,top,frame_000113,,,unassigned,good,/home/sb/Harting_Inspection/data/raw/harting_Baseline-10E-M-s-allsides-2/harting_Baseline-10E-M-s-Top
941136a3e8154f11,/home/sb/Harting_Inspection/data/raw/harting_Baseline-10E-M-s-allsides-2/harting_Baseline-10E-M-s-Top/frame_000114.jpg,harting_baseline_10e_m_s_allsides_2,top,frame_000114,,,unassigned,good,/home/sb/Harting_Inspection/data/raw/harting_Baseline-10E-M-s-allsides-2/harting_Baseline-10E-M-s-Top
7cd295b2f59d4b5e,/home/sb/Harting_Inspection/data/raw/harting_Baseline-10E-M-s-allsides-2/harting_Baseline-10E-M-s-Top/frame_000115.jpg,harting_baseline_10e_m_s_allsides_2,top,frame_000115,,,unassigned,good,/home/sb/Harting_Inspection/data/raw/harting_Baseline-10E-M-s-allsides-2/harting_Baseline-10E-M-s-Top
44cfc209365e8751,/home/sb/Harting_Inspection/data/raw/harting_Baseline-10E-M-s-allsides-2/harting_Baseline-10E-M-s-Top/frame_000116.jpg,harting_baseline_10e_m_s_allsides_2,top,frame_000116,,,unassigned,good,/home/sb/Harting_Inspection/data/raw/harting_Baseline-10E-M-s-allsides-2/harting_Baseline-10E-M-s-Top
198f909b634998ad,/home/sb/Harting_Inspection/data/raw/harting_Baseline-10E-M-s-allsides-2/harting_Baseline-10E-M-s-Top/frame_000117.jpg,harting_baseline_10e_m_s_allsides_2,top,frame_000117,,,unassigned,good,/home/sb/Harting_Inspection/data/raw/harting_Baseline-10E-M-s-allsides-2/harting_Baseline-10E-M-s-Top
3c4e0dc6726106f7,/home/sb/Harting_Inspection/data/raw/harting_Baseline-10E-M-s-allsides-2/harting_Baseline-10E-M-s-Top/frame_000118.jpg,harting_baseline_10e_m_s_allsides_2,top,frame_000118,,,unassigned,good,/home/sb/Harting_Inspection/data/raw/harting_Baseline-10E-M-s-allsides-2/harting_Baseline-10E-M-s-Top
80afe7182c159443,/home/sb/Harting_Inspection/data/raw/harting_Baseline-10E-M-s-allsides-2/harting_Baseline-10E-M-s-Top/frame_000119.jpg,harting_baseline_10e_m_s_allsides_2,top,frame_000119,,,unassigned,good,/home/sb/Harting_Inspection/data/raw/harting_Baseline-10E-M-s-allsides-2/harting_Baseline-10E-M-s-Top
e1c7c035eaa18156,/home/sb/Harting_Inspection/data/raw/harting_Baseline-10E-M-s-allsides-2/harting_Baseline-10E-M-s-Top/frame_000120.jpg,harting_baseline_10e_m_s_allsides_2,top,frame_000120,,,unassigned,good,/home/sb/Harting_Inspection/data/raw/harting_Baseline-10E-M-s-allsides-2/harting_Baseline-10E-M-s-Top
c25b7e3e1282ac04,/home/sb/Harting_Inspection/data/raw/harting_Baseline-10E-M-s-allsides-2/harting_Baseline-10E-M-s-Top/frame_000121.jpg,harting_baseline_10e_m_s_allsides_2,top,frame_000121,,,unassigned,good,/home/sb/Harting_Inspection/data/raw/harting_Baseline-10E-M-s-allsides-2/harting_Baseline-10E-M-s-Top
de9dccea697332a8,/home/sb/Harting_Inspection/data/raw/harting_Baseline-10E-M-s-allsides-2/harting_Baseline-10E-M-s-Top/frame_000122.jpg,harting_baseline_10e_m_s_allsides_2,top,frame_000122,,,unassigned,good,/home/sb/Harting_Inspection/data/raw/harting_Baseline-10E-M-s-allsides-2/harting_Baseline-10E-M-s-Top
3b7313fd564a9814,/home/sb/Harting_Inspection/data/raw/harting_Baseline-10E-M-s-allsides-2/harting_Baseline-10E-M-s-Top/frame_000123.jpg,harting_baseline_10e_m_s_allsides_2,top,frame_000123,,,unassigned,good,/home/sb/Harting_Inspection/data/raw/harting_Baseline-10E-M-s-allsides-2/harting_Baseline-10E-M-s-Top
319c7fcea8fecd4e,/home/sb/Harting_Inspection/data/raw/harting_Baseline-10E-M-s-allsides-2/harting_Baseline-10E-M-s-Top/frame_000124.jpg,harting_baseline_10e_m_s_allsides_2,top,frame_000124,,,unassigned,good,/home/sb/Harting_Inspection/data/raw/harting_Baseline-10E-M-s-allsides-2/harting_Baseline-10E-M-s-Top
dd24318ddaa2f640,/home/sb/Harting_Inspection/data/raw/harting_Baseline-10E-M-s-allsides-2/harting_Baseline-10E-M-s-Top/frame_000125.jpg,harting_baseline_10e_m_s_allsides_2,top,frame_000125,,,unassigned,good,/home/sb/Harting_Inspection/data/raw/harting_Baseline-10E-M-s-allsides-2/harting_Baseline-10E-M-s-Top
cf734d6f6d7ec102,/home/sb/Harting_Inspection/data/raw/harting_Baseline-10E-M-s-allsides-2/harting_Baseline-10E-M-s-Top/frame_000126.jpg,harting_baseline_10e_m_s_allsides_2,top,frame_000126,,,unassigned,good,/home/sb/Harting_Inspection/data/raw/harting_Baseline-10E-M-s-allsides-2/harting_Baseline-10E-M-s-Top
e26263d2e5ac9e35,/home/sb/Harting_Inspection/data/raw/harting_Baseline-10E-M-s-allsides-2/harting_Baseline-10E-M-s-Top/frame_000127.jpg,harting_baseline_10e_m_s_allsides_2,top,frame_000127,,,unassigned,good,/home/sb/Harting_Inspection/data/raw/harting_Baseline-10E-M-s-allsides-2/harting_Baseline-10E-M-s-Top
4734c1cfd1f7f250,/home/sb/Harting_Inspection/data/raw/harting_Baseline-10E-M-s-allsides-2/harting_Baseline-10E-M-s-Top/frame_000128.jpg,harting_baseline_10e_m_s_allsides_2,top,frame_000128,,,unassigned,good,/home/sb/Harting_Inspection/data/raw/harting_Baseline-10E-M-s-allsides-2/harting_Baseline-10E-M-s-Top
db5c4eb332a21113,/home/sb/Harting_Inspection/data/raw/harting_Baseline-10E-M-s-allsides-2/harting_Baseline-10E-M-s-Top/frame_000129.jpg,harting_baseline_10e_m_s_allsides_2,top,frame_000129,,,unassigned,good,/home/sb/Harting_Inspection/data/raw/harting_Baseline-10E-M-s-allsides-2/harting_Baseline-10E-M-s-Top
8dcc6b0fa346d404,/home/sb/Harting_Inspection/data/raw/harting_Baseline-10E-M-s-allsides-2/harting_Baseline-10E-M-s-Top/frame_000130.jpg,harting_baseline_10e_m_s_allsides_2,top,frame_000130,,,unassigned,good,/home/sb/Harting_Inspection/data/raw/harting_Baseline-10E-M-s-allsides-2/harting_Baseline-10E-M-s-Top
f1aca6c6b1f1db76,/home/sb/Harting_Inspection/data/raw/harting_Baseline-10E-M-s-allsides-2/harting_Baseline-10E-M-s-Top/frame_000131.jpg,harting_baseline_10e_m_s_allsides_2,top,frame_000131,,,unassigned,good,/home/sb/Harting_Inspection/data/raw/harting_Baseline-10E-M-s-allsides-2/harting_Baseline-10E-M-s-Top
614c0248fc9b2a8c,/home/sb/Harting_Inspection/data/raw/harting_Baseline-10E-M-s-allsides-2/harting_Baseline-10E-M-s-Top/frame_000132.jpg,harting_baseline_10e_m_s_allsides_2,top,frame_000132,,,unassigned,good,/home/sb/Harting_Inspection/data/raw/harting_Baseline-10E-M-s-allsides-2/harting_Baseline-10E-M-s-Top
2c8337d642370f6b,/home/sb/Harting_Inspection/data/raw/harting_Baseline-10E-M-s-allsides-2/harting_Baseline-10E-M-s-Top/frame_000133.jpg,harting_baseline_10e_m_s_allsides_2,top,frame_000133,,,unassigned,good,/home/sb/Harting_Inspection/data/raw/harting_Baseline-10E-M-s-allsides-2/harting_Baseline-10E-M-s-Top
2bbefead05e73632,/home/sb/Harting_Inspection/data/raw/harting_Baseline-10E-M-s-allsides-2/harting_Baseline-10E-M-s-Top/frame_000134.jpg,harting_baseline_10e_m_s_allsides_2,top,frame_000134,,,unassigned,good,/home/sb/Harting_Inspection/data/raw/harting_Baseline-10E-M-s-allsides-2/harting_Baseline-10E-M-s-Top
765c9c756ef42c32,/home/sb/Harting_Inspection/data/raw/harting_Baseline-10E-M-s-allsides-2/harting_Baseline-10E-M-s-Top/frame_000135.jpg,harting_baseline_10e_m_s_allsides_2,top,frame_000135,,,unassigned,good,/home/sb/Harting_Inspection/data/raw/harting_Baseline-10E-M-s-allsides-2/harting_Baseline-10E-M-s-Top
9cd6c4e5d0ce9350,/home/sb/Harting_Inspection/data/raw/harting_Baseline-10E-M-s-allsides-2/harting_Baseline-10E-M-s-Top/frame_000136.jpg,harting_baseline_10e_m_s_allsides_2,top,frame_000136,,,unassigned,good,/home/sb/Harting_Inspection/data/raw/harting_Baseline-10E-M-s-allsides-2/harting_Baseline-10E-M-s-Top
5ce611a3d86aa668,/home/sb/Harting_Inspection/data/raw/harting_Baseline-10E-M-s-allsides-2/harting_Baseline-10E-M-s-Top/frame_000137.jpg,harting_baseline_10e_m_s_allsides_2,top,frame_000137,,,unassigned,good,/home/sb/Harting_Inspection/data/raw/harting_Baseline-10E-M-s-allsides-2/harting_Baseline-10E-M-s-Top
2eec3a96de88da4e,/home/sb/Harting_Inspection/data/raw/harting_Baseline-10E-M-s-allsides-2/harting_Baseline-10E-M-s-Top/frame_000138.jpg,harting_baseline_10e_m_s_allsides_2,top,frame_000138,,,unassigned,good,/home/sb/Harting_Inspection/data/raw/harting_Baseline-10E-M-s-allsides-2/harting_Baseline-10E-M-s-Top
ae359bfbda0a0a2e,/home/sb/Harting_Inspection/data/raw/harting_Baseline-10E-M-s-allsides-2/harting_Baseline-10E-M-s-Top/frame_000139.jpg,harting_baseline_10e_m_s_allsides_2,top,frame_000139,,,unassigned,good,/home/sb/Harting_Inspection/data/raw/harting_Baseline-10E-M-s-allsides-2/harting_Baseline-10E-M-s-Top
9fdaad64fe3a86a2,/home/sb/Harting_Inspection/data/raw/harting_Baseline-10E-M-s-allsides-2/harting_Baseline-10E-M-s-Top/frame_000140.jpg,harting_baseline_10e_m_s_allsides_2,top,frame_000140,,,unassigned,good,/home/sb/Harting_Inspection/data/raw/harting_Baseline-10E-M-s-allsides-2/harting_Baseline-10E-M-s-Top
a8a6f9ea40abb21b,/home/sb/Harting_Inspection/data/raw/harting_Baseline-10E-M-s-allsides-2/harting_Baseline-10E-M-s-Top/frame_000141.jpg,harting_baseline_10e_m_s_allsides_2,top,frame_000141,,,unassigned,good,/home/sb/Harting_Inspection/data/raw/harting_Baseline-10E-M-s-allsides-2/harting_Baseline-10E-M-s-Top
b2c58307a3e22e99,/home/sb/Harting_Inspection/data/raw/harting_Baseline-10E-M-s-allsides-2/harting_Baseline-10E-M-s-Top/frame_000142.jpg,harting_baseline_10e_m_s_allsides_2,top,frame_000142,,,unassigned,good,/home/sb/Harting_Inspection/data/raw/harting_Baseline-10E-M-s-allsides-2/harting_Baseline-10E-M-s-Top
f7b17eb822c75d7d,/home/sb/Harting_Inspection/data/raw/harting_Baseline-10E-M-s-allsides-2/harting_Baseline-10E-M-s-Top/frame_000143.jpg,harting_baseline_10e_m_s_allsides_2,top,frame_000143,,,unassigned,good,/home/sb/Harting_Inspection/data/raw/harting_Baseline-10E-M-s-allsides-2/harting_Baseline-10E-M-s-Top
b82043a826bf1799,/home/sb/Harting_Inspection/data/raw/harting_Baseline-10E-M-s-allsides-2/harting_Baseline-10E-M-s-Top/frame_000144.jpg,harting_baseline_10e_m_s_allsides_2,top,frame_000144,,,unassigned,good,/home/sb/Harting_Inspection/data/raw/harting_Baseline-10E-M-s-allsides-2/harting_Baseline-10E-M-s-Top
60d4e97b3dbf07a0,/home/sb/Harting_Inspection/data/raw/harting_Baseline-10E-M-s-allsides-2/harting_Baseline-10E-M-s-Top/frame_000145.jpg,harting_baseline_10e_m_s_allsides_2,top,frame_000145,,,unassigned,good,/home/sb/Harting_Inspection/data/raw/harting_Baseline-10E-M-s-allsides-2/harting_Baseline-10E-M-s-Top
0e13babc67645fd9,/home/sb/Harting_Inspection/data/raw/harting_Baseline-10E-M-s-allsides-2/harting_Baseline-10E-M-s-Top/frame_000146.jpg,harting_baseline_10e_m_s_allsides_2,top,frame_000146,,,unassigned,good,/home/sb/Harting_Inspection/data/raw/harting_Baseline-10E-M-s-allsides-2/harting_Baseline-10E-M-s-Top
9acf0a85257de10c,/home/sb/Harting_Inspection/data/raw/harting_Baseline-10E-M-s-allsides-2/harting_Baseline-10E-M-s-Top/frame_000147.jpg,harting_baseline_10e_m_s_allsides_2,top,frame_000147,,,unassigned,good,/home/sb/Harting_Inspection/data/raw/harting_Baseline-10E-M-s-allsides-2/harting_Baseline-10E-M-s-Top
0b8fac4b94062d58,/home/sb/Harting_Inspection/data/raw/harting_Baseline-10E-M-s-allsides-2/harting_Baseline-10E-M-s-Top/frame_000148.jpg,harting_baseline_10e_m_s_allsides_2,top,frame_000148,,,unassigned,good,/home/sb/Harting_Inspection/data/raw/harting_Baseline-10E-M-s-allsides-2/harting_Baseline-10E-M-s-Top
b546911599d3aa72,/home/sb/Harting_Inspection/data/raw/harting_Baseline-10E-M-s-allsides-2/harting_Baseline-10E-M-s-Top/frame_000149.jpg,harting_baseline_10e_m_s_allsides_2,top,frame_000149,,,unassigned,good,/home/sb/Harting_Inspection/data/raw/harting_Baseline-10E-M-s-allsides-2/harting_Baseline-10E-M-s-Top
b1db983e7ec763ba,/home/sb/Harting_Inspection/data/raw/harting_Baseline-10E-M-s-allsides-2/harting_Baseline-10E-M-s-Top/frame_000150.jpg,harting_baseline_10e_m_s_allsides_2,top,frame_000150,,,unassigned,good,/home/sb/Harting_Inspection/data/raw/harting_Baseline-10E-M-s-allsides-2/harting_Baseline-10E-M-s-Top
14a40d90911798c6,/home/sb/Harting_Inspection/data/raw/harting_Baseline-10E-M-s-allsides-2/harting_Baseline-10E-M-s-Top/frame_000151.jpg,harting_baseline_10e_m_s_allsides_2,top,frame_000151,,,unassigned,good,/home/sb/Harting_Inspection/data/raw/harting_Baseline-10E-M-s-allsides-2/harting_Baseline-10E-M-s-Top
e08562edd6952b19,/home/sb/Harting_Inspection/data/raw/harting_Baseline-10E-M-s-allsides-2/harting_Baseline-10E-M-s-Top/frame_000152.jpg,harting_baseline_10e_m_s_allsides_2,top,frame_000152,,,unassigned,good,/home/sb/Harting_Inspection/data/raw/harting_Baseline-10E-M-s-allsides-2/harting_Baseline-10E-M-s-Top
8cda370196627a42,/home/sb/Harting_Inspection/data/raw/harting_Baseline-10E-M-s-allsides-2/harting_Baseline-10E-M-s-Top/frame_000153.jpg,harting_baseline_10e_m_s_allsides_2,top,frame_000153,,,unassigned,good,/home/sb/Harting_Inspection/data/raw/harting_Baseline-10E-M-s-allsides-2/harting_Baseline-10E-M-s-Top
f60b545c8f97545f,/home/sb/Harting_Inspection/data/raw/harting_Baseline-10E-M-s-allsides-2/harting_Baseline-10E-M-s-Top/frame_000154.jpg,harting_baseline_10e_m_s_allsides_2,top,frame_000154,,,unassigned,good,/home/sb/Harting_Inspection/data/raw/harting_Baseline-10E-M-s-allsides-2/harting_Baseline-10E-M-s-Top
de26b259fcec1ab1,/home/sb/Harting_Inspection/data/raw/harting_Baseline-10E-M-s-allsides-2/harting_Baseline-10E-M-s-Top/frame_000155.jpg,harting_baseline_10e_m_s_allsides_2,top,frame_000155,,,unassigned,good,/home/sb/Harting_Inspection/data/raw/harting_Baseline-10E-M-s-allsides-2/harting_Baseline-10E-M-s-Top
c35c2d8531b38b14,/home/sb/Harting_Inspection/data/raw/harting_Baseline-10E-M-s-allsides-2/harting_Baseline-10E-M-s-Top/frame_000156.jpg,harting_baseline_10e_m_s_allsides_2,top,frame_000156,,,unassigned,good,/home/sb/Harting_Inspection/data/raw/harting_Baseline-10E-M-s-allsides-2/harting_Baseline-10E-M-s-Top
91c250cd3a54b866,/home/sb/Harting_Inspection/data/raw/harting_Baseline-10E-M-s-allsides-2/harting_Baseline-10E-M-s-Top/frame_000157.jpg,harting_baseline_10e_m_s_allsides_2,top,frame_000157,,,unassigned,good,/home/sb/Harting_Inspection/data/raw/harting_Baseline-10E-M-s-allsides-2/harting_Baseline-10E-M-s-Top
7499b87e2cee60dd,/home/sb/Harting_Inspection/data/raw/harting_Baseline-10E-M-s-allsides-2/harting_Baseline-10E-M-s-Top/frame_000158.jpg,harting_baseline_10e_m_s_allsides_2,top,frame_000158,,,unassigned,good,/home/sb/Harting_Inspection/data/raw/harting_Baseline-10E-M-s-allsides-2/harting_Baseline-10E-M-s-Top
a8aa6d8549e1f632,/home/sb/Harting_Inspection/data/raw/harting_Baseline-10E-M-s-allsides-2/harting_Baseline-10E-M-s-Top/frame_000159.jpg,harting_baseline_10e_m_s_allsides_2,top,frame_000159,,,unassigned,good,/home/sb/Harting_Inspection/data/raw/harting_Baseline-10E-M-s-allsides-2/harting_Baseline-10E-M-s-Top
70e05e1bb107faab,/home/sb/Harting_Inspection/data/raw/harting_Baseline-10E-M-s-allsides-2/harting_Baseline-10E-M-s-Top/frame_000160.jpg,harting_baseline_10e_m_s_allsides_2,top,frame_000160,,,unassigned,good,/home/sb/Harting_Inspection/data/raw/harting_Baseline-10E-M-s-allsides-2/harting_Baseline-10E-M-s-Top
f353108a6a230308,/home/sb/Harting_Inspection/data/raw/harting_Baseline-10E-M-s-allsides-2/harting_Baseline-10E-M-s-Top/frame_000161.jpg,harting_baseline_10e_m_s_allsides_2,top,frame_000161,,,unassigned,good,/home/sb/Harting_Inspection/data/raw/harting_Baseline-10E-M-s-allsides-2/harting_Baseline-10E-M-s-Top
f4d9bdf64b11135f,/home/sb/Harting_Inspection/data/raw/harting_Baseline-10E-M-s-allsides-2/harting_Baseline-10E-M-s-Top/frame_000162.jpg,harting_baseline_10e_m_s_allsides_2,top,frame_000162,,,unassigned,good,/home/sb/Harting_Inspection/data/raw/harting_Baseline-10E-M-s-allsides-2/harting_Baseline-10E-M-s-Top
c2b378c28c55b28f,/home/sb/Harting_Inspection/data/raw/harting_Baseline-10E-M-s-allsides-2/harting_Baseline-10E-M-s-Top/frame_000163.jpg,harting_baseline_10e_m_s_allsides_2,top,frame_000163,,,unassigned,good,/home/sb/Harting_Inspection/data/raw/harting_Baseline-10E-M-s-allsides-2/harting_Baseline-10E-M-s-Top
032da20e7af8a61f,/home/sb/Harting_Inspection/data/raw/harting_Baseline-10E-M-s-allsides-2/harting_Baseline-10E-M-s-Top/frame_000164.jpg,harting_baseline_10e_m_s_allsides_2,top,frame_000164,,,unassigned,good,/home/sb/Harting_Inspection/data/raw/harting_Baseline-10E-M-s-allsides-2/harting_Baseline-10E-M-s-Top
118cfca6048b5275,/home/sb/Harting_Inspection/data/raw/harting_Baseline-10E-M-s-allsides-2/harting_Baseline-10E-M-s-Top/frame_000165.jpg,harting_baseline_10e_m_s_allsides_2,top,frame_000165,,,unassigned,good,/home/sb/Harting_Inspection/data/raw/harting_Baseline-10E-M-s-allsides-2/harting_Baseline-10E-M-s-Top
032304575e7bc924,/home/sb/Harting_Inspection/data/raw/harting_Baseline-10E-M-s-allsides-2/harting_Baseline-10E-M-s-Top/frame_000166.jpg,harting_baseline_10e_m_s_allsides_2,top,frame_000166,,,unassigned,good,/home/sb/Harting_Inspection/data/raw/harting_Baseline-10E-M-s-allsides-2/harting_Baseline-10E-M-s-Top
e3a452d77e6bbcfe,/home/sb/Harting_Inspection/data/raw/harting_Baseline-10E-M-s-allsides-2/harting_Baseline-10E-M-s-Top/frame_000167.jpg,harting_baseline_10e_m_s_allsides_2,top,frame_000167,,,unassigned,good,/home/sb/Harting_Inspection/data/raw/harting_Baseline-10E-M-s-allsides-2/harting_Baseline-10E-M-s-Top
c4c494464df787cf,/home/sb/Harting_Inspection/data/raw/harting_Baseline-10E-M-s-allsides-2/harting_Baseline-10E-M-s-Top/frame_000168.jpg,harting_baseline_10e_m_s_allsides_2,top,frame_000168,,,unassigned,good,/home/sb/Harting_Inspection/data/raw/harting_Baseline-10E-M-s-allsides-2/harting_Baseline-10E-M-s-Top
9e5c09fb1ba68c72,/home/sb/Harting_Inspection/data/raw/harting_Baseline-10E-M-s-allsides-2/harting_Baseline-10E-M-s-Top/frame_000169.jpg,harting_baseline_10e_m_s_allsides_2,top,frame_000169,,,unassigned,good,/home/sb/Harting_Inspection/data/raw/harting_Baseline-10E-M-s-allsides-2/harting_Baseline-10E-M-s-Top
097159946ac5025f,/home/sb/Harting_Inspection/data/raw/harting_Baseline-10E-M-s-allsides-2/harting_Baseline-10E-M-s-Top/frame_000170.jpg,harting_baseline_10e_m_s_allsides_2,top,frame_000170,,,unassigned,good,/home/sb/Harting_Inspection/data/raw/harting_Baseline-10E-M-s-allsides-2/harting_Baseline-10E-M-s-Top
d8cc3731d7577b4d,/home/sb/Harting_Inspection/data/raw/harting_Baseline-10E-M-s-allsides-2/harting_Baseline-10E-M-s-Top/frame_000171.jpg,harting_baseline_10e_m_s_allsides_2,top,frame_000171,,,unassigned,good,/home/sb/Harting_Inspection/data/raw/harting_Baseline-10E-M-s-allsides-2/harting_Baseline-10E-M-s-Top
b2b6f9a090ce972c,/home/sb/Harting_Inspection/data/raw/harting_Baseline-10E-M-s-allsides-2/harting_Baseline-10E-M-s-Top/frame_000172.jpg,harting_baseline_10e_m_s_allsides_2,top,frame_000172,,,unassigned,good,/home/sb/Harting_Inspection/data/raw/harting_Baseline-10E-M-s-allsides-2/harting_Baseline-10E-M-s-Top
80222996c983c84c,/home/sb/Harting_Inspection/data/raw/harting_Baseline-10E-M-s-allsides-2/harting_Baseline-10E-M-s-Top/frame_000173.jpg,harting_baseline_10e_m_s_allsides_2,top,frame_000173,,,unassigned,good,/home/sb/Harting_Inspection/data/raw/harting_Baseline-10E-M-s-allsides-2/harting_Baseline-10E-M-s-Top
4b182bca598d4960,/home/sb/Harting_Inspection/data/raw/harting_Baseline-10E-M-s-allsides-2/harting_Baseline-10E-M-s-Top/frame_000174.jpg,harting_baseline_10e_m_s_allsides_2,top,frame_000174,,,unassigned,good,/home/sb/Harting_Inspection/data/raw/harting_Baseline-10E-M-s-allsides-2/harting_Baseline-10E-M-s-Top
08222e16e5b225a4,/home/sb/Harting_Inspection/data/raw/harting_Baseline-10E-M-s-allsides-2/harting_Baseline-10E-M-s-Top/frame_000175.jpg,harting_baseline_10e_m_s_allsides_2,top,frame_000175,,,unassigned,good,/home/sb/Harting_Inspection/data/raw/harting_Baseline-10E-M-s-allsides-2/harting_Baseline-10E-M-s-Top
e817d44eefc269e1,/home/sb/Harting_Inspection/data/raw/harting_Baseline-10E-M-s-allsides-2/harting_Baseline-10E-M-s-Top/frame_000176.jpg,harting_baseline_10e_m_s_allsides_2,top,frame_000176,,,unassigned,good,/home/sb/Harting_Inspection/data/raw/harting_Baseline-10E-M-s-allsides-2/harting_Baseline-10E-M-s-Top
cb6c82c5fb05316b,/home/sb/Harting_Inspection/data/raw/harting_Baseline-10E-M-s-allsides-2/harting_Baseline-10E-M-s-Top/frame_000177.jpg,harting_baseline_10e_m_s_allsides_2,top,frame_000177,,,unassigned,good,/home/sb/Harting_Inspection/data/raw/harting_Baseline-10E-M-s-allsides-2/harting_Baseline-10E-M-s-Top
877ace5256dd33cf,/home/sb/Harting_Inspection/data/raw/harting_Baseline-10E-M-s-allsides-2/harting_Baseline-10E-M-s-Top/frame_000178.jpg,harting_baseline_10e_m_s_allsides_2,top,frame_000178,,,unassigned,good,/home/sb/Harting_Inspection/data/raw/harting_Baseline-10E-M-s-allsides-2/harting_Baseline-10E-M-s-Top
ef7f3d7efd31de3b,/home/sb/Harting_Inspection/data/raw/harting_Baseline-10E-M-s-allsides-2/harting_Baseline-10E-M-s-Top/frame_000179.jpg,harting_baseline_10e_m_s_allsides_2,top,frame_000179,,,unassigned,good,/home/sb/Harting_Inspection/data/raw/harting_Baseline-10E-M-s-allsides-2/harting_Baseline-10E-M-s-Top
48f447a98e8fcfe3,/home/sb/Harting_Inspection/data/raw/harting_Baseline-10E-M-s-allsides-2/harting_Baseline-10E-M-s-Top/frame_000180.jpg,harting_baseline_10e_m_s_allsides_2,top,frame_000180,,,unassigned,good,/home/sb/Harting_Inspection/data/raw/harting_Baseline-10E-M-s-allsides-2/harting_Baseline-10E-M-s-Top
0bbc9997b64e6ede,/home/sb/Harting_Inspection/data/raw/harting_Baseline-10E-M-s-allsides-2/harting_Baseline-10E-M-s-Top/frame_000181.jpg,harting_baseline_10e_m_s_allsides_2,top,frame_000181,,,unassigned,good,/home/sb/Harting_Inspection/data/raw/harting_Baseline-10E-M-s-allsides-2/harting_Baseline-10E-M-s-Top
24ead50e923306b6,/home/sb/Harting_Inspection/data/raw/harting_Baseline-10E-M-s-allsides-2/harting_Baseline-10E-M-s-Top/frame_000182.jpg,harting_baseline_10e_m_s_allsides_2,top,frame_000182,,,unassigned,good,/home/sb/Harting_Inspection/data/raw/harting_Baseline-10E-M-s-allsides-2/harting_Baseline-10E-M-s-Top
46e2f258ec2c88a5,/home/sb/Harting_Inspection/data/raw/harting_Baseline-10E-M-s-allsides-2/harting_Baseline-10E-M-s-Top/frame_000183.jpg,harting_baseline_10e_m_s_allsides_2,top,frame_000183,,,unassigned,good,/home/sb/Harting_Inspection/data/raw/harting_Baseline-10E-M-s-allsides-2/harting_Baseline-10E-M-s-Top
13492b4a806f088f,/home/sb/Harting_Inspection/data/raw/harting_Baseline-10E-M-s-allsides-2/harting_Baseline-10E-M-s-Top/frame_000184.jpg,harting_baseline_10e_m_s_allsides_2,top,frame_000184,,,unassigned,good,/home/sb/Harting_Inspection/data/raw/harting_Baseline-10E-M-s-allsides-2/harting_Baseline-10E-M-s-Top
82d780796d6ade23,/home/sb/Harting_Inspection/data/raw/harting_Baseline-10E-M-s-allsides-2/harting_Baseline-10E-M-s-Top/frame_000185.jpg,harting_baseline_10e_m_s_allsides_2,top,frame_000185,,,unassigned,good,/home/sb/Harting_Inspection/data/raw/harting_Baseline-10E-M-s-allsides-2/harting_Baseline-10E-M-s-Top
20bea3717967b30e,/home/sb/Harting_Inspection/data/raw/harting_Baseline-10E-M-s-allsides-2/harting_Baseline-10E-M-s-Top/frame_000186.jpg,harting_baseline_10e_m_s_allsides_2,top,frame_000186,,,unassigned,good,/home/sb/Harting_Inspection/data/raw/harting_Baseline-10E-M-s-allsides-2/harting_Baseline-10E-M-s-Top
09151f0df54978b9,/home/sb/Harting_Inspection/data/raw/harting_Baseline-10E-M-s-allsides-2/harting_Baseline-10E-M-s-Top/frame_000187.jpg,harting_baseline_10e_m_s_allsides_2,top,frame_000187,,,unassigned,good,/home/sb/Harting_Inspection/data/raw/harting_Baseline-10E-M-s-allsides-2/harting_Baseline-10E-M-s-Top
f8a5f8d2846cef30,/home/sb/Harting_Inspection/data/raw/harting_Baseline-10E-M-s-allsides-2/harting_Baseline-10E-M-s-Top/frame_000188.jpg,harting_baseline_10e_m_s_allsides_2,top,frame_000188,,,unassigned,good,/home/sb/Harting_Inspection/data/raw/harting_Baseline-10E-M-s-allsides-2/harting_Baseline-10E-M-s-Top
0bdeee2d5adab1e3,/home/sb/Harting_Inspection/data/raw/harting_Baseline-10E-M-s-allsides-2/harting_Baseline-10E-M-s-Top/frame_000189.jpg,harting_baseline_10e_m_s_allsides_2,top,frame_000189,,,unassigned,good,/home/sb/Harting_Inspection/data/raw/harting_Baseline-10E-M-s-allsides-2/harting_Baseline-10E-M-s-Top
cc0e0bae43ae181f,/home/sb/Harting_Inspection/data/raw/harting_Baseline-10E-M-s-allsides-2/harting_Baseline-10E-M-s-Top/frame_000190.jpg,harting_baseline_10e_m_s_allsides_2,top,frame_000190,,,unassigned,good,/home/sb/Harting_Inspection/data/raw/harting_Baseline-10E-M-s-allsides-2/harting_Baseline-10E-M-s-Top
6625a21dcc470335,/home/sb/Harting_Inspection/data/raw/harting_Baseline-10E-M-s-allsides-2/harting_Baseline-10E-M-s-Top/frame_000191.jpg,harting_baseline_10e_m_s_allsides_2,top,frame_000191,,,unassigned,good,/home/sb/Harting_Inspection/data/raw/harting_Baseline-10E-M-s-allsides-2/harting_Baseline-10E-M-s-Top
1be4061ecc1908b4,/home/sb/Harting_Inspection/data/raw/harting_Baseline-10E-M-s-allsides-2/harting_Baseline-10E-M-s-Top/frame_000192.jpg,harting_baseline_10e_m_s_allsides_2,top,frame_000192,,,unassigned,good,/home/sb/Harting_Inspection/data/raw/harting_Baseline-10E-M-s-allsides-2/harting_Baseline-10E-M-s-Top
9bd815ba786d68a7,/home/sb/Harting_Inspection/data/raw/harting_Baseline-10E-M-s-allsides-2/harting_Baseline-10E-M-s-Top/frame_000193.jpg,harting_baseline_10e_m_s_allsides_2,top,frame_000193,,,unassigned,good,/home/sb/Harting_Inspection/data/raw/harting_Baseline-10E-M-s-allsides-2/harting_Baseline-10E-M-s-Top
ff604d14a2b446eb,/home/sb/Harting_Inspection/data/raw/harting_Baseline-10E-M-s-allsides-2/harting_Baseline-10E-M-s-Top/frame_000194.jpg,harting_baseline_10e_m_s_allsides_2,top,frame_000194,,,unassigned,good,/home/sb/Harting_Inspection/data/raw/harting_Baseline-10E-M-s-allsides-2/harting_Baseline-10E-M-s-Top
b7715f4f62ee2998,/home/sb/Harting_Inspection/data/raw/harting_Baseline-10E-M-s-allsides-2/harting_Baseline-10E-M-s-Top/frame_000195.jpg,harting_baseline_10e_m_s_allsides_2,top,frame_000195,,,unassigned,good,/home/sb/Harting_Inspection/data/raw/harting_Baseline-10E-M-s-allsides-2/harting_Baseline-10E-M-s-Top
e16188fb604c4a03,/home/sb/Harting_Inspection/data/raw/harting_Baseline-10E-M-s-allsides-2/harting_Baseline-10E-M-s-Top/frame_000196.jpg,harting_baseline_10e_m_s_allsides_2,top,frame_000196,,,unassigned,good,/home/sb/Harting_Inspection/data/raw/harting_Baseline-10E-M-s-allsides-2/harting_Baseline-10E-M-s-Top
b8781607ca9531a3,/home/sb/Harting_Inspection/data/raw/harting_Baseline-10E-M-s-allsides-2/harting_Baseline-10E-M-s-Top/frame_000197.jpg,harting_baseline_10e_m_s_allsides_2,top,frame_000197,,,unassigned,good,/home/sb/Harting_Inspection/data/raw/harting_Baseline-10E-M-s-allsides-2/harting_Baseline-10E-M-s-Top
dbc3a699e84d20f2,/home/sb/Harting_Inspection/data/raw/harting_Baseline-10E-M-s-allsides-2/harting_Baseline-10E-M-s-Top/frame_000198.jpg,harting_baseline_10e_m_s_allsides_2,top,frame_000198,,,unassigned,good,/home/sb/Harting_Inspection/data/raw/harting_Baseline-10E-M-s-allsides-2/harting_Baseline-10E-M-s-Top
4d0a3dfdffbf8a07,/home/sb/Harting_Inspection/data/raw/harting_Baseline-10E-M-s-allsides-2/harting_Baseline-10E-M-s-Top/frame_000199.jpg,harting_baseline_10e_m_s_allsides_2,top,frame_000199,,,unassigned,good,/home/sb/Harting_Inspection/data/raw/harting_Baseline-10E-M-s-allsides-2/harting_Baseline-10E-M-s-Top
a50ffcbe5970ea65,/home/sb/Harting_Inspection/data/raw/harting_Baseline-10E-M-s-allsides-2/harting_Baseline-10E-M-s-Top/frame_000200.jpg,harting_baseline_10e_m_s_allsides_2,top,frame_000200,,,unassigned,good,/home/sb/Harting_Inspection/data/raw/harting_Baseline-10E-M-s-allsides-2/harting_Baseline-10E-M-s-Top
720c78fefa537ead,/home/sb/Harting_Inspection/data/raw/harting_Baseline-10E-M-s-allsides-2/harting_Baseline-10E-M-s-Top/frame_000201.jpg,harting_baseline_10e_m_s_allsides_2,top,frame_000201,,,unassigned,good,/home/sb/Harting_Inspection/data/raw/harting_Baseline-10E-M-s-allsides-2/harting_Baseline-10E-M-s-Top
3544a45e7689306e,/home/sb/Harting_Inspection/data/raw/harting_Baseline-10E-M-s-allsides-2/harting_Baseline-10E-M-s-Top/frame_000202.jpg,harting_baseline_10e_m_s_allsides_2,top,frame_000202,,,unassigned,good,/home/sb/Harting_Inspection/data/raw/harting_Baseline-10E-M-s-allsides-2/harting_Baseline-10E-M-s-Top
b64089409b9d5c62,/home/sb/Harting_Inspection/data/raw/harting_Baseline-10E-M-s-allsides-2/harting_Baseline-10E-M-s-Top/frame_000203.jpg,harting_baseline_10e_m_s_allsides_2,top,frame_000203,,,unassigned,good,/home/sb/Harting_Inspection/data/raw/harting_Baseline-10E-M-s-allsides-2/harting_Baseline-10E-M-s-Top
13f75a40b00e762c,/home/sb/Harting_Inspection/data/raw/harting_Baseline-10E-M-s-allsides-2/harting_Baseline-10E-M-s-Top/frame_000204.jpg,harting_baseline_10e_m_s_allsides_2,top,frame_000204,,,unassigned,good,/home/sb/Harting_Inspection/data/raw/harting_Baseline-10E-M-s-allsides-2/harting_Baseline-10E-M-s-Top
d2555bd0b2019a2d,/home/sb/Harting_Inspection/data/raw/harting_Baseline-10E-M-s-allsides-2/harting_Baseline-10E-M-s-Top/frame_000205.jpg,harting_baseline_10e_m_s_allsides_2,top,frame_000205,,,unassigned,good,/home/sb/Harting_Inspection/data/raw/harting_Baseline-10E-M-s-allsides-2/harting_Baseline-10E-M-s-Top
1e5baae58d50c235,/home/sb/Harting_Inspection/data/raw/harting_Baseline-10E-M-s-allsides-2/harting_Baseline-10E-M-s-Top/frame_000206.jpg,harting_baseline_10e_m_s_allsides_2,top,frame_000206,,,unassigned,good,/home/sb/Harting_Inspection/data/raw/harting_Baseline-10E-M-s-allsides-2/harting_Baseline-10E-M-s-Top
08fc1e3aa71895e1,/home/sb/Harting_Inspection/data/raw/harting_Baseline-10E-M-s-allsides-2/harting_Baseline-10E-M-s-Top/frame_000207.jpg,harting_baseline_10e_m_s_allsides_2,top,frame_000207,,,unassigned,good,/home/sb/Harting_Inspection/data/raw/harting_Baseline-10E-M-s-allsides-2/harting_Baseline-10E-M-s-Top
c92f860d1ea18ab1,/home/sb/Harting_Inspection/data/raw/harting_Baseline-10E-M-s-allsides-2/harting_Baseline-10E-M-s-Top/frame_000208.jpg,harting_baseline_10e_m_s_allsides_2,top,frame_000208,,,unassigned,good,/home/sb/Harting_Inspection/data/raw/harting_Baseline-10E-M-s-allsides-2/harting_Baseline-10E-M-s-Top
3c2a4990629aff53,/home/sb/Harting_Inspection/data/raw/harting_Baseline-10E-M-s-allsides-2/harting_Baseline-10E-M-s-Top/frame_000209.jpg,harting_baseline_10e_m_s_allsides_2,top,frame_000209,,,unassigned,good,/home/sb/Harting_Inspection/data/raw/harting_Baseline-10E-M-s-allsides-2/harting_Baseline-10E-M-s-Top
06b18ffad31bc255,/home/sb/Harting_Inspection/data/raw/harting_Baseline-10E-M-s-allsides-2/harting_Baseline-10E-M-s-Top/frame_000210.jpg,harting_baseline_10e_m_s_allsides_2,top,frame_000210,,,unassigned,good,/home/sb/Harting_Inspection/data/raw/harting_Baseline-10E-M-s-allsides-2/harting_Baseline-10E-M-s-Top
5e8c810e02423b3a,/home/sb/Harting_Inspection/data/raw/harting_Baseline-10E-M-s-allsides-2/harting_Baseline-10E-M-s-Top/frame_000211.jpg,harting_baseline_10e_m_s_allsides_2,top,frame_000211,,,unassigned,good,/home/sb/Harting_Inspection/data/raw/harting_Baseline-10E-M-s-allsides-2/harting_Baseline-10E-M-s-Top
b6926965b3855816,/home/sb/Harting_Inspection/data/raw/harting_Baseline-10E-M-s-allsides-2/harting_Baseline-10E-M-s-Top/frame_000212.jpg,harting_baseline_10e_m_s_allsides_2,top,frame_000212,,,unassigned,good,/home/sb/Harting_Inspection/data/raw/harting_Baseline-10E-M-s-allsides-2/harting_Baseline-10E-M-s-Top
5e5e5dfe019ae535,/home/sb/Harting_Inspection/data/raw/harting_Baseline-10E-M-s-allsides-2/harting_Baseline-10E-M-s-Top/frame_000213.jpg,harting_baseline_10e_m_s_allsides_2,top,frame_000213,,,unassigned,good,/home/sb/Harting_Inspection/data/raw/harting_Baseline-10E-M-s-allsides-2/harting_Baseline-10E-M-s-Top
14511d3d3f8cc64a,/home/sb/Harting_Inspection/data/raw/harting_Baseline-10E-M-s-allsides-2/harting_Baseline-10E-M-s-Top/frame_000214.jpg,harting_baseline_10e_m_s_allsides_2,top,frame_000214,,,unassigned,good,/home/sb/Harting_Inspection/data/raw/harting_Baseline-10E-M-s-allsides-2/harting_Baseline-10E-M-s-Top
8d44f0c8d6857b53,/home/sb/Harting_Inspection/data/raw/harting_Baseline-10E-M-s-allsides-2/harting_Baseline-10E-M-s-Top/frame_000215.jpg,harting_baseline_10e_m_s_allsides_2,top,frame_000215,,,unassigned,good,/home/sb/Harting_Inspection/data/raw/harting_Baseline-10E-M-s-allsides-2/harting_Baseline-10E-M-s-Top
cbcc010aa167bb28,/home/sb/Harting_Inspection/data/raw/harting_Baseline-10E-M-s-allsides-2/harting_Baseline-10E-M-s-Top/frame_000216.jpg,harting_baseline_10e_m_s_allsides_2,top,frame_000216,,,unassigned,good,/home/sb/Harting_Inspection/data/raw/harting_Baseline-10E-M-s-allsides-2/harting_Baseline-10E-M-s-Top
e6b176f944e96827,/home/sb/Harting_Inspection/data/raw/harting_Baseline-10E-M-s-allsides-2/harting_Baseline-10E-M-s-Top/frame_000217.jpg,harting_baseline_10e_m_s_allsides_2,top,frame_000217,,,unassigned,good,/home/sb/Harting_Inspection/data/raw/harting_Baseline-10E-M-s-allsides-2/harting_Baseline-10E-M-s-Top
a537476dc0c1afda,/home/sb/Harting_Inspection/data/raw/harting_Baseline-10E-M-s-allsides-2/harting_Baseline-10E-M-s-bottom/frame_000000.jpg,harting_baseline_10e_m_s_allsides_2,bottom,frame_000000,,,unassigned,good,/home/sb/Harting_Inspection/data/raw/harting_Baseline-10E-M-s-allsides-2/harting_Baseline-10E-M-s-bottom
6c35cfb44ff97888,/home/sb/Harting_Inspection/data/raw/harting_Baseline-10E-M-s-allsides-2/harting_Baseline-10E-M-s-bottom/frame_000001.jpg,harting_baseline_10e_m_s_allsides_2,bottom,frame_000001,,,unassigned,good,/home/sb/Harting_Inspection/data/raw/harting_Baseline-10E-M-s-allsides-2/harting_Baseline-10E-M-s-bottom
952327e6021da4b5,/home/sb/Harting_Inspection/data/raw/harting_Baseline-10E-M-s-allsides-2/harting_Baseline-10E-M-s-bottom/frame_000002.jpg,harting_baseline_10e_m_s_allsides_2,bottom,frame_000002,,,unassigned,good,/home/sb/Harting_Inspection/data/raw/harting_Baseline-10E-M-s-allsides-2/harting_Baseline-10E-M-s-bottom
1c05f40ebeda18fd,/home/sb/Harting_Inspection/data/raw/harting_Baseline-10E-M-s-allsides-2/harting_Baseline-10E-M-s-bottom/frame_000003.jpg,harting_baseline_10e_m_s_allsides_2,bottom,frame_000003,,,unassigned,good,/home/sb/Harting_Inspection/data/raw/harting_Baseline-10E-M-s-allsides-2/harting_Baseline-10E-M-s-bottom
ca87f07bb2dfec13,/home/sb/Harting_Inspection/data/raw/harting_Baseline-10E-M-s-allsides-2/harting_Baseline-10E-M-s-bottom/frame_000004.jpg,harting_baseline_10e_m_s_allsides_2,bottom,frame_000004,,,unassigned,good,/home/sb/Harting_Inspection/data/raw/harting_Baseline-10E-M-s-allsides-2/harting_Baseline-10E-M-s-bottom
64fd6daa3d31e5c1,/home/sb/Harting_Inspection/data/raw/harting_Baseline-10E-M-s-allsides-2/harting_Baseline-10E-M-s-bottom/frame_000005.jpg,harting_baseline_10e_m_s_allsides_2,bottom,frame_000005,,,unassigned,good,/home/sb/Harting_Inspection/data/raw/harting_Baseline-10E-M-s-allsides-2/harting_Baseline-10E-M-s-bottom
c9bbe08642e73da5,/home/sb/Harting_Inspection/data/raw/harting_Baseline-10E-M-s-allsides-2/harting_Baseline-10E-M-s-bottom/frame_000006.jpg,harting_baseline_10e_m_s_allsides_2,bottom,frame_000006,,,unassigned,good,/home/sb/Harting_Inspection/data/raw/harting_Baseline-10E-M-s-allsides-2/harting_Baseline-10E-M-s-bottom
6fbebb7869b1f64d,/home/sb/Harting_Inspection/data/raw/harting_Baseline-10E-M-s-allsides-2/harting_Baseline-10E-M-s-bottom/frame_000007.jpg,harting_baseline_10e_m_s_allsides_2,bottom,frame_000007,,,unassigned,good,/home/sb/Harting_Inspection/data/raw/harting_Baseline-10E-M-s-allsides-2/harting_Baseline-10E-M-s-bottom
5780d530d673e993,/home/sb/Harting_Inspection/data/raw/harting_Baseline-10E-M-s-allsides-2/harting_Baseline-10E-M-s-bottom/frame_000008.jpg,harting_baseline_10e_m_s_allsides_2,bottom,frame_000008,,,unassigned,good,/home/sb/Harting_Inspection/data/raw/harting_Baseline-10E-M-s-allsides-2/harting_Baseline-10E-M-s-bottom
3ea23c0ef3c73ecf,/home/sb/Harting_Inspection/data/raw/harting_Baseline-10E-M-s-allsides-2/harting_Baseline-10E-M-s-bottom/frame_000009.jpg,harting_baseline_10e_m_s_allsides_2,bottom,frame_000009,,,unassigned,good,/home/sb/Harting_Inspection/data/raw/harting_Baseline-10E-M-s-allsides-2/harting_Baseline-10E-M-s-bottom
f35dde51416a83a2,/home/sb/Harting_Inspection/data/raw/harting_Baseline-10E-M-s-allsides-2/harting_Baseline-10E-M-s-bottom/frame_000010.jpg,harting_baseline_10e_m_s_allsides_2,bottom,frame_000010,,,unassigned,good,/home/sb/Harting_Inspection/data/raw/harting_Baseline-10E-M-s-allsides-2/harting_Baseline-10E-M-s-bottom
29433237bbbe1418,/home/sb/Harting_Inspection/data/raw/harting_Baseline-10E-M-s-allsides-2/harting_Baseline-10E-M-s-bottom/frame_000011.jpg,harting_baseline_10e_m_s_allsides_2,bottom,frame_000011,,,unassigned,good,/home/sb/Harting_Inspection/data/raw/harting_Baseline-10E-M-s-allsides-2/harting_Baseline-10E-M-s-bottom
df0d6b8e82f3feb5,/home/sb/Harting_Inspection/data/raw/harting_Baseline-10E-M-s-allsides-2/harting_Baseline-10E-M-s-bottom/frame_000012.jpg,harting_baseline_10e_m_s_allsides_2,bottom,frame_000012,,,unassigned,good,/home/sb/Harting_Inspection/data/raw/harting_Baseline-10E-M-s-allsides-2/harting_Baseline-10E-M-s-bottom
560d7c5087770585,/home/sb/Harting_Inspection/data/raw/harting_Baseline-10E-M-s-allsides-2/harting_Baseline-10E-M-s-bottom/frame_000013.jpg,harting_baseline_10e_m_s_allsides_2,bottom,frame_000013,,,unassigned,good,/home/sb/Harting_Inspection/data/raw/harting_Baseline-10E-M-s-allsides-2/harting_Baseline-10E-M-s-bottom
573f8b402b1b76ee,/home/sb/Harting_Inspection/data/raw/harting_Baseline-10E-M-s-allsides-2/harting_Baseline-10E-M-s-bottom/frame_000014.jpg,harting_baseline_10e_m_s_allsides_2,bottom,frame_000014,,,unassigned,good,/home/sb/Harting_Inspection/data/raw/harting_Baseline-10E-M-s-allsides-2/harting_Baseline-10E-M-s-bottom
3ade537d0470bd71,/home/sb/Harting_Inspection/data/raw/harting_Baseline-10E-M-s-allsides-2/harting_Baseline-10E-M-s-bottom/frame_000015.jpg,harting_baseline_10e_m_s_allsides_2,bottom,frame_000015,,,unassigned,good,/home/sb/Harting_Inspection/data/raw/harting_Baseline-10E-M-s-allsides-2/harting_Baseline-10E-M-s-bottom
ed1e992bdb8235f3,/home/sb/Harting_Inspection/data/raw/harting_Baseline-10E-M-s-allsides-2/harting_Baseline-10E-M-s-bottom/frame_000016.jpg,harting_baseline_10e_m_s_allsides_2,bottom,frame_000016,,,unassigned,good,/home/sb/Harting_Inspection/data/raw/harting_Baseline-10E-M-s-allsides-2/harting_Baseline-10E-M-s-bottom
fd2d43c5a4cf10da,/home/sb/Harting_Inspection/data/raw/harting_Baseline-10E-M-s-allsides-2/harting_Baseline-10E-M-s-bottom/frame_000017.jpg,harting_baseline_10e_m_s_allsides_2,bottom,frame_000017,,,unassigned,good,/home/sb/Harting_Inspection/data/raw/harting_Baseline-10E-M-s-allsides-2/harting_Baseline-10E-M-s-bottom
b49fed43dd9bac91,/home/sb/Harting_Inspection/data/raw/harting_Baseline-10E-M-s-allsides-2/harting_Baseline-10E-M-s-bottom/frame_000018.jpg,harting_baseline_10e_m_s_allsides_2,bottom,frame_000018,,,unassigned,good,/home/sb/Harting_Inspection/data/raw/harting_Baseline-10E-M-s-allsides-2/harting_Baseline-10E-M-s-bottom
4731b9563909e532,/home/sb/Harting_Inspection/data/raw/harting_Baseline-10E-M-s-allsides-2/harting_Baseline-10E-M-s-bottom/frame_000019.jpg,harting_baseline_10e_m_s_allsides_2,bottom,frame_000019,,,unassigned,good,/home/sb/Harting_Inspection/data/raw/harting_Baseline-10E-M-s-allsides-2/harting_Baseline-10E-M-s-bottom
a9b1dea70c20a61c,/home/sb/Harting_Inspection/data/raw/harting_Baseline-10E-M-s-allsides-2/harting_Baseline-10E-M-s-bottom/frame_000020.jpg,harting_baseline_10e_m_s_allsides_2,bottom,frame_000020,,,unassigned,good,/home/sb/Harting_Inspection/data/raw/harting_Baseline-10E-M-s-allsides-2/harting_Baseline-10E-M-s-bottom
f6272c77495e21dd,/home/sb/Harting_Inspection/data/raw/harting_Baseline-10E-M-s-allsides-2/harting_Baseline-10E-M-s-bottom/frame_000021.jpg,harting_baseline_10e_m_s_allsides_2,bottom,frame_000021,,,unassigned,good,/home/sb/Harting_Inspection/data/raw/harting_Baseline-10E-M-s-allsides-2/harting_Baseline-10E-M-s-bottom
90b908ab91bd61e7,/home/sb/Harting_Inspection/data/raw/harting_Baseline-10E-M-s-allsides-2/harting_Baseline-10E-M-s-bottom/frame_000022.jpg,harting_baseline_10e_m_s_allsides_2,bottom,frame_000022,,,unassigned,good,/home/sb/Harting_Inspection/data/raw/harting_Baseline-10E-M-s-allsides-2/harting_Baseline-10E-M-s-bottom
c913af3108972d97,/home/sb/Harting_Inspection/data/raw/harting_Baseline-10E-M-s-allsides-2/harting_Baseline-10E-M-s-bottom/frame_000023.jpg,harting_baseline_10e_m_s_allsides_2,bottom,frame_000023,,,unassigned,good,/home/sb/Harting_Inspection/data/raw/harting_Baseline-10E-M-s-allsides-2/harting_Baseline-10E-M-s-bottom
0017b49442af2055,/home/sb/Harting_Inspection/data/raw/harting_Baseline-10E-M-s-allsides-2/harting_Baseline-10E-M-s-bottom/frame_000024.jpg,harting_baseline_10e_m_s_allsides_2,bottom,frame_000024,,,unassigned,good,/home/sb/Harting_Inspection/data/raw/harting_Baseline-10E-M-s-allsides-2/harting_Baseline-10E-M-s-bottom
c45b68741da95da4,/home/sb/Harting_Inspection/data/raw/harting_Baseline-10E-M-s-allsides-2/harting_Baseline-10E-M-s-bottom/frame_000025.jpg,harting_baseline_10e_m_s_allsides_2,bottom,frame_000025,,,unassigned,good,/home/sb/Harting_Inspection/data/raw/harting_Baseline-10E-M-s-allsides-2/harting_Baseline-10E-M-s-bottom
dd30d83cf77e2f7c,/home/sb/Harting_Inspection/data/raw/harting_Baseline-10E-M-s-allsides-2/harting_Baseline-10E-M-s-bottom/frame_000026.jpg,harting_baseline_10e_m_s_allsides_2,bottom,frame_000026,,,unassigned,good,/home/sb/Harting_Inspection/data/raw/harting_Baseline-10E-M-s-allsides-2/harting_Baseline-10E-M-s-bottom
53695527b1975cc2,/home/sb/Harting_Inspection/data/raw/harting_Baseline-10E-M-s-allsides-2/harting_Baseline-10E-M-s-bottom/frame_000027.jpg,harting_baseline_10e_m_s_allsides_2,bottom,frame_000027,,,unassigned,good,/home/sb/Harting_Inspection/data/raw/harting_Baseline-10E-M-s-allsides-2/harting_Baseline-10E-M-s-bottom
4fce816984c005ed,/home/sb/Harting_Inspection/data/raw/harting_Baseline-10E-M-s-allsides-2/harting_Baseline-10E-M-s-bottom/frame_000028.jpg,harting_baseline_10e_m_s_allsides_2,bottom,frame_000028,,,unassigned,good,/home/sb/Harting_Inspection/data/raw/harting_Baseline-10E-M-s-allsides-2/harting_Baseline-10E-M-s-bottom
59590abae04f99b7,/home/sb/Harting_Inspection/data/raw/harting_Baseline-10E-M-s-allsides-2/harting_Baseline-10E-M-s-bottom/frame_000029.jpg,harting_baseline_10e_m_s_allsides_2,bottom,frame_000029,,,unassigned,good,/home/sb/Harting_Inspection/data/raw/harting_Baseline-10E-M-s-allsides-2/harting_Baseline-10E-M-s-bottom
1ecb9c419652e28f,/home/sb/Harting_Inspection/data/raw/harting_Baseline-10E-M-s-allsides-2/harting_Baseline-10E-M-s-bottom/frame_000030.jpg,harting_baseline_10e_m_s_allsides_2,bottom,frame_000030,,,unassigned,good,/home/sb/Harting_Inspection/data/raw/harting_Baseline-10E-M-s-allsides-2/harting_Baseline-10E-M-s-bottom
ab7d8131d2400a4a,/home/sb/Harting_Inspection/data/raw/harting_Baseline-10E-M-s-allsides-2/harting_Baseline-10E-M-s-bottom/frame_000031.jpg,harting_baseline_10e_m_s_allsides_2,bottom,frame_000031,,,unassigned,good,/home/sb/Harting_Inspection/data/raw/harting_Baseline-10E-M-s-allsides-2/harting_Baseline-10E-M-s-bottom
e6994af121329f95,/home/sb/Harting_Inspection/data/raw/harting_Baseline-10E-M-s-allsides-2/harting_Baseline-10E-M-s-bottom/frame_000032.jpg,harting_baseline_10e_m_s_allsides_2,bottom,frame_000032,,,unassigned,good,/home/sb/Harting_Inspection/data/raw/harting_Baseline-10E-M-s-allsides-2/harting_Baseline-10E-M-s-bottom
d58a28f776b24f18,/home/sb/Harting_Inspection/data/raw/harting_Baseline-10E-M-s-allsides-2/harting_Baseline-10E-M-s-bottom/frame_000033.jpg,harting_baseline_10e_m_s_allsides_2,bottom,frame_000033,,,unassigned,good,/home/sb/Harting_Inspection/data/raw/harting_Baseline-10E-M-s-allsides-2/harting_Baseline-10E-M-s-bottom
a6be39318870bad3,/home/sb/Harting_Inspection/data/raw/harting_Baseline-10E-M-s-allsides-2/harting_Baseline-10E-M-s-bottom/frame_000034.jpg,harting_baseline_10e_m_s_allsides_2,bottom,frame_000034,,,unassigned,good,/home/sb/Harting_Inspection/data/raw/harting_Baseline-10E-M-s-allsides-2/harting_Baseline-10E-M-s-bottom
393fab3291a84754,/home/sb/Harting_Inspection/data/raw/harting_Baseline-10E-M-s-allsides-2/harting_Baseline-10E-M-s-bottom/frame_000035.jpg,harting_baseline_10e_m_s_allsides_2,bottom,frame_000035,,,unassigned,good,/home/sb/Harting_Inspection/data/raw/harting_Baseline-10E-M-s-allsides-2/harting_Baseline-10E-M-s-bottom
75a14b6007039ae2,/home/sb/Harting_Inspection/data/raw/harting_Baseline-10E-M-s-allsides-2/harting_Baseline-10E-M-s-bottom/frame_000036.jpg,harting_baseline_10e_m_s_allsides_2,bottom,frame_000036,,,unassigned,good,/home/sb/Harting_Inspection/data/raw/harting_Baseline-10E-M-s-allsides-2/harting_Baseline-10E-M-s-bottom
d5fc3bf3aaf7f58d,/home/sb/Harting_Inspection/data/raw/harting_Baseline-10E-M-s-allsides-2/harting_Baseline-10E-M-s-bottom/frame_000037.jpg,harting_baseline_10e_m_s_allsides_2,bottom,frame_000037,,,unassigned,good,/home/sb/Harting_Inspection/data/raw/harting_Baseline-10E-M-s-allsides-2/harting_Baseline-10E-M-s-bottom
1a658bb3ebbe41bb,/home/sb/Harting_Inspection/data/raw/harting_Baseline-10E-M-s-allsides-2/harting_Baseline-10E-M-s-bottom/frame_000038.jpg,harting_baseline_10e_m_s_allsides_2,bottom,frame_000038,,,unassigned,good,/home/sb/Harting_Inspection/data/raw/harting_Baseline-10E-M-s-allsides-2/harting_Baseline-10E-M-s-bottom
c4bf291e64c09beb,/home/sb/Harting_Inspection/data/raw/harting_Baseline-10E-M-s-allsides-2/harting_Baseline-10E-M-s-bottom/frame_000039.jpg,harting_baseline_10e_m_s_allsides_2,bottom,frame_000039,,,unassigned,good,/home/sb/Harting_Inspection/data/raw/harting_Baseline-10E-M-s-allsides-2/harting_Baseline-10E-M-s-bottom
3ab3a6067a6df170,/home/sb/Harting_Inspection/data/raw/harting_Baseline-10E-M-s-allsides-2/harting_Baseline-10E-M-s-bottom/frame_000040.jpg,harting_baseline_10e_m_s_allsides_2,bottom,frame_000040,,,unassigned,good,/home/sb/Harting_Inspection/data/raw/harting_Baseline-10E-M-s-allsides-2/harting_Baseline-10E-M-s-bottom
cdbab1802e46a3a8,/home/sb/Harting_Inspection/data/raw/harting_Baseline-10E-M-s-allsides-2/harting_Baseline-10E-M-s-bottom/frame_000041.jpg,harting_baseline_10e_m_s_allsides_2,bottom,frame_000041,,,unassigned,good,/home/sb/Harting_Inspection/data/raw/harting_Baseline-10E-M-s-allsides-2/harting_Baseline-10E-M-s-bottom
87d22bf96b7e4d29,/home/sb/Harting_Inspection/data/raw/harting_Baseline-10E-M-s-allsides-2/harting_Baseline-10E-M-s-bottom/frame_000042.jpg,harting_baseline_10e_m_s_allsides_2,bottom,frame_000042,,,unassigned,good,/home/sb/Harting_Inspection/data/raw/harting_Baseline-10E-M-s-allsides-2/harting_Baseline-10E-M-s-bottom
d7754419842dba9c,/home/sb/Harting_Inspection/data/raw/harting_Baseline-10E-M-s-allsides-2/harting_Baseline-10E-M-s-bottom/frame_000043.jpg,harting_baseline_10e_m_s_allsides_2,bottom,frame_000043,,,unassigned,good,/home/sb/Harting_Inspection/data/raw/harting_Baseline-10E-M-s-allsides-2/harting_Baseline-10E-M-s-bottom
4e5801d0ff6e6568,/home/sb/Harting_Inspection/data/raw/harting_Baseline-10E-M-s-allsides-2/harting_Baseline-10E-M-s-bottom/frame_000044.jpg,harting_baseline_10e_m_s_allsides_2,bottom,frame_000044,,,unassigned,good,/home/sb/Harting_Inspection/data/raw/harting_Baseline-10E-M-s-allsides-2/harting_Baseline-10E-M-s-bottom
95b0a25e7627e0a2,/home/sb/Harting_Inspection/data/raw/harting_Baseline-10E-M-s-allsides-2/harting_Baseline-10E-M-s-bottom/frame_000045.jpg,harting_baseline_10e_m_s_allsides_2,bottom,frame_000045,,,unassigned,good,/home/sb/Harting_Inspection/data/raw/harting_Baseline-10E-M-s-allsides-2/harting_Baseline-10E-M-s-bottom
b4e97f62f3fa65d6,/home/sb/Harting_Inspection/data/raw/harting_Baseline-10E-M-s-allsides-2/harting_Baseline-10E-M-s-bottom/frame_000046.jpg,harting_baseline_10e_m_s_allsides_2,bottom,frame_000046,,,unassigned,good,/home/sb/Harting_Inspection/data/raw/harting_Baseline-10E-M-s-allsides-2/harting_Baseline-10E-M-s-bottom
d126f3b15788e651,/home/sb/Harting_Inspection/data/raw/harting_Baseline-10E-M-s-allsides-2/harting_Baseline-10E-M-s-bottom/frame_000047.jpg,harting_baseline_10e_m_s_allsides_2,bottom,frame_000047,,,unassigned,good,/home/sb/Harting_Inspection/data/raw/harting_Baseline-10E-M-s-allsides-2/harting_Baseline-10E-M-s-bottom
bb5752fcd9985d49,/home/sb/Harting_Inspection/data/raw/harting_Baseline-10E-M-s-allsides-2/harting_Baseline-10E-M-s-bottom/frame_000048.jpg,harting_baseline_10e_m_s_allsides_2,bottom,frame_000048,,,unassigned,good,/home/sb/Harting_Inspection/data/raw/harting_Baseline-10E-M-s-allsides-2/harting_Baseline-10E-M-s-bottom
a00e5c901d6daa64,/home/sb/Harting_Inspection/data/raw/harting_Baseline-10E-M-s-allsides-2/harting_Baseline-10E-M-s-bottom/frame_000049.jpg,harting_baseline_10e_m_s_allsides_2,bottom,frame_000049,,,unassigned,good,/home/sb/Harting_Inspection/data/raw/harting_Baseline-10E-M-s-allsides-2/harting_Baseline-10E-M-s-bottom
9f2a9cf6f08b5c94,/home/sb/Harting_Inspection/data/raw/harting_Baseline-10E-M-s-allsides-2/harting_Baseline-10E-M-s-bottom/frame_000050.jpg,harting_baseline_10e_m_s_allsides_2,bottom,frame_000050,,,unassigned,good,/home/sb/Harting_Inspection/data/raw/harting_Baseline-10E-M-s-allsides-2/harting_Baseline-10E-M-s-bottom
6814c3a1625d5692,/home/sb/Harting_Inspection/data/raw/harting_Baseline-10E-M-s-allsides-2/harting_Baseline-10E-M-s-bottom/frame_000051.jpg,harting_baseline_10e_m_s_allsides_2,bottom,frame_000051,,,unassigned,good,/home/sb/Harting_Inspection/data/raw/harting_Baseline-10E-M-s-allsides-2/harting_Baseline-10E-M-s-bottom
450c6274b4fa3cf1,/home/sb/Harting_Inspection/data/raw/harting_Baseline-10E-M-s-allsides-2/harting_Baseline-10E-M-s-bottom/frame_000052.jpg,harting_baseline_10e_m_s_allsides_2,bottom,frame_000052,,,unassigned,good,/home/sb/Harting_Inspection/data/raw/harting_Baseline-10E-M-s-allsides-2/harting_Baseline-10E-M-s-bottom
1c27d49f2a7e2f73,/home/sb/Harting_Inspection/data/raw/harting_Baseline-10E-M-s-allsides-2/harting_Baseline-10E-M-s-bottom/frame_000053.jpg,harting_baseline_10e_m_s_allsides_2,bottom,frame_000053,,,unassigned,good,/home/sb/Harting_Inspection/data/raw/harting_Baseline-10E-M-s-allsides-2/harting_Baseline-10E-M-s-bottom
82e355d4f0f4563e,/home/sb/Harting_Inspection/data/raw/harting_Baseline-10E-M-s-allsides-2/harting_Baseline-10E-M-s-bottom/frame_000054.jpg,harting_baseline_10e_m_s_allsides_2,bottom,frame_000054,,,unassigned,good,/home/sb/Harting_Inspection/data/raw/harting_Baseline-10E-M-s-allsides-2/harting_Baseline-10E-M-s-bottom
574e0f439eabb23c,/home/sb/Harting_Inspection/data/raw/harting_Baseline-10E-M-s-allsides-2/harting_Baseline-10E-M-s-bottom/frame_000055.jpg,harting_baseline_10e_m_s_allsides_2,bottom,frame_000055,,,unassigned,good,/home/sb/Harting_Inspection/data/raw/harting_Baseline-10E-M-s-allsides-2/harting_Baseline-10E-M-s-bottom
7a7f2912cf77c855,/home/sb/Harting_Inspection/data/raw/harting_Baseline-10E-M-s-allsides-2/harting_Baseline-10E-M-s-bottom/frame_000056.jpg,harting_baseline_10e_m_s_allsides_2,bottom,frame_000056,,,unassigned,good,/home/sb/Harting_Inspection/data/raw/harting_Baseline-10E-M-s-allsides-2/harting_Baseline-10E-M-s-bottom
b60751c871009f26,/home/sb/Harting_Inspection/data/raw/harting_Baseline-10E-M-s-allsides-2/harting_Baseline-10E-M-s-bottom/frame_000057.jpg,harting_baseline_10e_m_s_allsides_2,bottom,frame_000057,,,unassigned,good,/home/sb/Harting_Inspection/data/raw/harting_Baseline-10E-M-s-allsides-2/harting_Baseline-10E-M-s-bottom
ba0a4d355d42d908,/home/sb/Harting_Inspection/data/raw/harting_Baseline-10E-M-s-allsides-2/harting_Baseline-10E-M-s-bottom/frame_000058.jpg,harting_baseline_10e_m_s_allsides_2,bottom,frame_000058,,,unassigned,good,/home/sb/Harting_Inspection/data/raw/harting_Baseline-10E-M-s-allsides-2/harting_Baseline-10E-M-s-bottom
45f9ead9c390205d,/home/sb/Harting_Inspection/data/raw/harting_Baseline-10E-M-s-allsides-2/harting_Baseline-10E-M-s-bottom/frame_000059.jpg,harting_baseline_10e_m_s_allsides_2,bottom,frame_000059,,,unassigned,good,/home/sb/Harting_Inspection/data/raw/harting_Baseline-10E-M-s-allsides-2/harting_Baseline-10E-M-s-bottom
15c28e0b053e96b3,/home/sb/Harting_Inspection/data/raw/harting_Baseline-10E-M-s-allsides-2/harting_Baseline-10E-M-s-bottom/frame_000060.jpg,harting_baseline_10e_m_s_allsides_2,bottom,frame_000060,,,unassigned,good,/home/sb/Harting_Inspection/data/raw/harting_Baseline-10E-M-s-allsides-2/harting_Baseline-10E-M-s-bottom
a370096fe279ab11,/home/sb/Harting_Inspection/data/raw/harting_Baseline-10E-M-s-allsides-2/harting_Baseline-10E-M-s-bottom/frame_000061.jpg,harting_baseline_10e_m_s_allsides_2,bottom,frame_000061,,,unassigned,good,/home/sb/Harting_Inspection/data/raw/harting_Baseline-10E-M-s-allsides-2/harting_Baseline-10E-M-s-bottom
8fb881913c020ad8,/home/sb/Harting_Inspection/data/raw/harting_Baseline-10E-M-s-allsides-2/harting_Baseline-10E-M-s-bottom/frame_000062.jpg,harting_baseline_10e_m_s_allsides_2,bottom,frame_000062,,,unassigned,good,/home/sb/Harting_Inspection/data/raw/harting_Baseline-10E-M-s-allsides-2/harting_Baseline-10E-M-s-bottom
ac8868ca5e6bf468,/home/sb/Harting_Inspection/data/raw/harting_Baseline-10E-M-s-allsides-2/harting_Baseline-10E-M-s-bottom/frame_000063.jpg,harting_baseline_10e_m_s_allsides_2,bottom,frame_000063,,,unassigned,good,/home/sb/Harting_Inspection/data/raw/harting_Baseline-10E-M-s-allsides-2/harting_Baseline-10E-M-s-bottom
d94256acea737809,/home/sb/Harting_Inspection/data/raw/harting_Baseline-10E-M-s-allsides-2/harting_Baseline-10E-M-s-bottom/frame_000064.jpg,harting_baseline_10e_m_s_allsides_2,bottom,frame_000064,,,unassigned,good,/home/sb/Harting_Inspection/data/raw/harting_Baseline-10E-M-s-allsides-2/harting_Baseline-10E-M-s-bottom
c2775c74fbce76c1,/home/sb/Harting_Inspection/data/raw/harting_Baseline-10E-M-s-allsides-2/harting_Baseline-10E-M-s-bottom/frame_000065.jpg,harting_baseline_10e_m_s_allsides_2,bottom,frame_000065,,,unassigned,good,/home/sb/Harting_Inspection/data/raw/harting_Baseline-10E-M-s-allsides-2/harting_Baseline-10E-M-s-bottom
0a917767f4b264e6,/home/sb/Harting_Inspection/data/raw/harting_Baseline-10E-M-s-allsides-2/harting_Baseline-10E-M-s-bottom/frame_000066.jpg,harting_baseline_10e_m_s_allsides_2,bottom,frame_000066,,,unassigned,good,/home/sb/Harting_Inspection/data/raw/harting_Baseline-10E-M-s-allsides-2/harting_Baseline-10E-M-s-bottom
a976c1dd488cdcae,/home/sb/Harting_Inspection/data/raw/harting_Baseline-10E-M-s-allsides-2/harting_Baseline-10E-M-s-bottom/frame_000067.jpg,harting_baseline_10e_m_s_allsides_2,bottom,frame_000067,,,unassigned,good,/home/sb/Harting_Inspection/data/raw/harting_Baseline-10E-M-s-allsides-2/harting_Baseline-10E-M-s-bottom
f5d9343803c663e5,/home/sb/Harting_Inspection/data/raw/harting_Baseline-10E-M-s-allsides-2/harting_Baseline-10E-M-s-bottom/frame_000068.jpg,harting_baseline_10e_m_s_allsides_2,bottom,frame_000068,,,unassigned,good,/home/sb/Harting_Inspection/data/raw/harting_Baseline-10E-M-s-allsides-2/harting_Baseline-10E-M-s-bottom
56c07845355d259e,/home/sb/Harting_Inspection/data/raw/harting_Baseline-10E-M-s-allsides-2/harting_Baseline-10E-M-s-bottom/frame_000069.jpg,harting_baseline_10e_m_s_allsides_2,bottom,frame_000069,,,unassigned,good,/home/sb/Harting_Inspection/data/raw/harting_Baseline-10E-M-s-allsides-2/harting_Baseline-10E-M-s-bottom
a795efe42f7e6e78,/home/sb/Harting_Inspection/data/raw/harting_Baseline-10E-M-s-allsides-2/harting_Baseline-10E-M-s-bottom/frame_000070.jpg,harting_baseline_10e_m_s_allsides_2,bottom,frame_000070,,,unassigned,good,/home/sb/Harting_Inspection/data/raw/harting_Baseline-10E-M-s-allsides-2/harting_Baseline-10E-M-s-bottom
36f642e51a365e40,/home/sb/Harting_Inspection/data/raw/harting_Baseline-10E-M-s-allsides-2/harting_Baseline-10E-M-s-bottom/frame_000071.jpg,harting_baseline_10e_m_s_allsides_2,bottom,frame_000071,,,unassigned,good,/home/sb/Harting_Inspection/data/raw/harting_Baseline-10E-M-s-allsides-2/harting_Baseline-10E-M-s-bottom
9f6e0ff46924c0b3,/home/sb/Harting_Inspection/data/raw/harting_Baseline-10E-M-s-allsides-2/harting_Baseline-10E-M-s-bottom/frame_000072.jpg,harting_baseline_10e_m_s_allsides_2,bottom,frame_000072,,,unassigned,good,/home/sb/Harting_Inspection/data/raw/harting_Baseline-10E-M-s-allsides-2/harting_Baseline-10E-M-s-bottom
69e47d2d35d6ab18,/home/sb/Harting_Inspection/data/raw/harting_Baseline-10E-M-s-allsides-2/harting_Baseline-10E-M-s-bottom/frame_000073.jpg,harting_baseline_10e_m_s_allsides_2,bottom,frame_000073,,,unassigned,good,/home/sb/Harting_Inspection/data/raw/harting_Baseline-10E-M-s-allsides-2/harting_Baseline-10E-M-s-bottom
38bb2650ca179806,/home/sb/Harting_Inspection/data/raw/harting_Baseline-10E-M-s-allsides-2/harting_Baseline-10E-M-s-bottom/frame_000074.jpg,harting_baseline_10e_m_s_allsides_2,bottom,frame_000074,,,unassigned,good,/home/sb/Harting_Inspection/data/raw/harting_Baseline-10E-M-s-allsides-2/harting_Baseline-10E-M-s-bottom
a4999179108a8517,/home/sb/Harting_Inspection/data/raw/harting_Baseline-10E-M-s-allsides-2/harting_Baseline-10E-M-s-bottom/frame_000075.jpg,harting_baseline_10e_m_s_allsides_2,bottom,frame_000075,,,unassigned,good,/home/sb/Harting_Inspection/data/raw/harting_Baseline-10E-M-s-allsides-2/harting_Baseline-10E-M-s-bottom
8ff0fcd2e642aae7,/home/sb/Harting_Inspection/data/raw/harting_Baseline-10E-M-s-allsides-2/harting_Baseline-10E-M-s-bottom/frame_000076.jpg,harting_baseline_10e_m_s_allsides_2,bottom,frame_000076,,,unassigned,good,/home/sb/Harting_Inspection/data/raw/harting_Baseline-10E-M-s-allsides-2/harting_Baseline-10E-M-s-bottom
5809b3b4b9940435,/home/sb/Harting_Inspection/data/raw/harting_Baseline-10E-M-s-allsides-2/harting_Baseline-10E-M-s-bottom/frame_000077.jpg,harting_baseline_10e_m_s_allsides_2,bottom,frame_000077,,,unassigned,good,/home/sb/Harting_Inspection/data/raw/harting_Baseline-10E-M-s-allsides-2/harting_Baseline-10E-M-s-bottom
3995c5483e736216,/home/sb/Harting_Inspection/data/raw/harting_Baseline-10E-M-s-allsides-2/harting_Baseline-10E-M-s-bottom/frame_000078.jpg,harting_baseline_10e_m_s_allsides_2,bottom,frame_000078,,,unassigned,good,/home/sb/Harting_Inspection/data/raw/harting_Baseline-10E-M-s-allsides-2/harting_Baseline-10E-M-s-bottom
7afa4a6915767609,/home/sb/Harting_Inspection/data/raw/harting_Baseline-10E-M-s-allsides-2/harting_Baseline-10E-M-s-bottom/frame_000079.jpg,harting_baseline_10e_m_s_allsides_2,bottom,frame_000079,,,unassigned,good,/home/sb/Harting_Inspection/data/raw/harting_Baseline-10E-M-s-allsides-2/harting_Baseline-10E-M-s-bottom
56c9afe1ba85abc1,/home/sb/Harting_Inspection/data/raw/harting_Baseline-10E-M-s-allsides-2/harting_Baseline-10E-M-s-bottom/frame_000080.jpg,harting_baseline_10e_m_s_allsides_2,bottom,frame_000080,,,unassigned,good,/home/sb/Harting_Inspection/data/raw/harting_Baseline-10E-M-s-allsides-2/harting_Baseline-10E-M-s-bottom
6a1a8e8e1a94c906,/home/sb/Harting_Inspection/data/raw/harting_Baseline-10E-M-s-allsides-2/harting_Baseline-10E-M-s-bottom/frame_000081.jpg,harting_baseline_10e_m_s_allsides_2,bottom,frame_000081,,,unassigned,good,/home/sb/Harting_Inspection/data/raw/harting_Baseline-10E-M-s-allsides-2/harting_Baseline-10E-M-s-bottom
3fed2ca4b93cabc5,/home/sb/Harting_Inspection/data/raw/harting_Baseline-10E-M-s-allsides-2/harting_Baseline-10E-M-s-bottom/frame_000082.jpg,harting_baseline_10e_m_s_allsides_2,bottom,frame_000082,,,unassigned,good,/home/sb/Harting_Inspection/data/raw/harting_Baseline-10E-M-s-allsides-2/harting_Baseline-10E-M-s-bottom
2ff6a72a377452ee,/home/sb/Harting_Inspection/data/raw/harting_Baseline-10E-M-s-allsides-2/harting_Baseline-10E-M-s-bottom/frame_000083.jpg,harting_baseline_10e_m_s_allsides_2,bottom,frame_000083,,,unassigned,good,/home/sb/Harting_Inspection/data/raw/harting_Baseline-10E-M-s-allsides-2/harting_Baseline-10E-M-s-bottom
08f1db80a5e58cbf,/home/sb/Harting_Inspection/data/raw/harting_Baseline-10E-M-s-allsides-2/harting_Baseline-10E-M-s-bottom/frame_000084.jpg,harting_baseline_10e_m_s_allsides_2,bottom,frame_000084,,,unassigned,good,/home/sb/Harting_Inspection/data/raw/harting_Baseline-10E-M-s-allsides-2/harting_Baseline-10E-M-s-bottom
9785f14222f06e22,/home/sb/Harting_Inspection/data/raw/harting_Baseline-10E-M-s-allsides-2/harting_Baseline-10E-M-s-bottom/frame_000085.jpg,harting_baseline_10e_m_s_allsides_2,bottom,frame_000085,,,unassigned,good,/home/sb/Harting_Inspection/data/raw/harting_Baseline-10E-M-s-allsides-2/harting_Baseline-10E-M-s-bottom
d37358dbfc9a7e5f,/home/sb/Harting_Inspection/data/raw/harting_Baseline-10E-M-s-allsides-2/harting_Baseline-10E-M-s-bottom/frame_000086.jpg,harting_baseline_10e_m_s_allsides_2,bottom,frame_000086,,,unassigned,good,/home/sb/Harting_Inspection/data/raw/harting_Baseline-10E-M-s-allsides-2/harting_Baseline-10E-M-s-bottom
d01d97040f315392,/home/sb/Harting_Inspection/data/raw/harting_Baseline-10E-M-s-allsides-2/harting_Baseline-10E-M-s-bottom/frame_000087.jpg,harting_baseline_10e_m_s_allsides_2,bottom,frame_000087,,,unassigned,good,/home/sb/Harting_Inspection/data/raw/harting_Baseline-10E-M-s-allsides-2/harting_Baseline-10E-M-s-bottom
29b632627a263614,/home/sb/Harting_Inspection/data/raw/harting_Baseline-10E-M-s-allsides-2/harting_Baseline-10E-M-s-bottom/frame_000088.jpg,harting_baseline_10e_m_s_allsides_2,bottom,frame_000088,,,unassigned,good,/home/sb/Harting_Inspection/data/raw/harting_Baseline-10E-M-s-allsides-2/harting_Baseline-10E-M-s-bottom
dc4ee2d1d3154eb5,/home/sb/Harting_Inspection/data/raw/harting_Baseline-10E-M-s-allsides-2/harting_Baseline-10E-M-s-bottom/frame_000089.jpg,harting_baseline_10e_m_s_allsides_2,bottom,frame_000089,,,unassigned,good,/home/sb/Harting_Inspection/data/raw/harting_Baseline-10E-M-s-allsides-2/harting_Baseline-10E-M-s-bottom
182f3ede748ce279,/home/sb/Harting_Inspection/data/raw/harting_Baseline-10E-M-s-allsides-2/harting_Baseline-10E-M-s-bottom/frame_000090.jpg,harting_baseline_10e_m_s_allsides_2,bottom,frame_000090,,,unassigned,good,/home/sb/Harting_Inspection/data/raw/harting_Baseline-10E-M-s-allsides-2/harting_Baseline-10E-M-s-bottom
e96e68bd4c6120d7,/home/sb/Harting_Inspection/data/raw/harting_Baseline-10E-M-s-allsides-2/harting_Baseline-10E-M-s-bottom/frame_000091.jpg,harting_baseline_10e_m_s_allsides_2,bottom,frame_000091,,,unassigned,good,/home/sb/Harting_Inspection/data/raw/harting_Baseline-10E-M-s-allsides-2/harting_Baseline-10E-M-s-bottom
b5770b129ed22ba1,/home/sb/Harting_Inspection/data/raw/harting_Baseline-10E-M-s-allsides-2/harting_Baseline-10E-M-s-bottom/frame_000092.jpg,harting_baseline_10e_m_s_allsides_2,bottom,frame_000092,,,unassigned,good,/home/sb/Harting_Inspection/data/raw/harting_Baseline-10E-M-s-allsides-2/harting_Baseline-10E-M-s-bottom
746bb335d8887d4f,/home/sb/Harting_Inspection/data/raw/harting_Baseline-10E-M-s-allsides-2/harting_Baseline-10E-M-s-bottom/frame_000093.jpg,harting_baseline_10e_m_s_allsides_2,bottom,frame_000093,,,unassigned,good,/home/sb/Harting_Inspection/data/raw/harting_Baseline-10E-M-s-allsides-2/harting_Baseline-10E-M-s-bottom
074c275227c31b33,/home/sb/Harting_Inspection/data/raw/harting_Baseline-10E-M-s-allsides-2/harting_Baseline-10E-M-s-bottom/frame_000094.jpg,harting_baseline_10e_m_s_allsides_2,bottom,frame_000094,,,unassigned,good,/home/sb/Harting_Inspection/data/raw/harting_Baseline-10E-M-s-allsides-2/harting_Baseline-10E-M-s-bottom
e2b01b78d77d779a,/home/sb/Harting_Inspection/data/raw/harting_Baseline-10E-M-s-allsides-2/harting_Baseline-10E-M-s-bottom/frame_000095.jpg,harting_baseline_10e_m_s_allsides_2,bottom,frame_000095,,,unassigned,good,/home/sb/Harting_Inspection/data/raw/harting_Baseline-10E-M-s-allsides-2/harting_Baseline-10E-M-s-bottom
792b25f513cbe0b1,/home/sb/Harting_Inspection/data/raw/harting_Baseline-10E-M-s-allsides-2/harting_Baseline-10E-M-s-bottom/frame_000096.jpg,harting_baseline_10e_m_s_allsides_2,bottom,frame_000096,,,unassigned,good,/home/sb/Harting_Inspection/data/raw/harting_Baseline-10E-M-s-allsides-2/harting_Baseline-10E-M-s-bottom
b9de33e12fb83c77,/home/sb/Harting_Inspection/data/raw/harting_Baseline-10E-M-s-allsides-2/harting_Baseline-10E-M-s-bottom/frame_000097.jpg,harting_baseline_10e_m_s_allsides_2,bottom,frame_000097,,,unassigned,good,/home/sb/Harting_Inspection/data/raw/harting_Baseline-10E-M-s-allsides-2/harting_Baseline-10E-M-s-bottom
2dd8fa62cce2c46a,/home/sb/Harting_Inspection/data/raw/harting_Baseline-10E-M-s-allsides-2/harting_Baseline-10E-M-s-bottom/frame_000098.jpg,harting_baseline_10e_m_s_allsides_2,bottom,frame_000098,,,unassigned,good,/home/sb/Harting_Inspection/data/raw/harting_Baseline-10E-M-s-allsides-2/harting_Baseline-10E-M-s-bottom
76b5a7994c565183,/home/sb/Harting_Inspection/data/raw/harting_Baseline-10E-M-s-allsides-2/harting_Baseline-10E-M-s-bottom/frame_000099.jpg,harting_baseline_10e_m_s_allsides_2,bottom,frame_000099,,,unassigned,good,/home/sb/Harting_Inspection/data/raw/harting_Baseline-10E-M-s-allsides-2/harting_Baseline-10E-M-s-bottom
e77315d1648b14a5,/home/sb/Harting_Inspection/data/raw/harting_Baseline-10E-M-s-allsides-2/harting_Baseline-10E-M-s-bottom/frame_000100.jpg,harting_baseline_10e_m_s_allsides_2,bottom,frame_000100,,,unassigned,good,/home/sb/Harting_Inspection/data/raw/harting_Baseline-10E-M-s-allsides-2/harting_Baseline-10E-M-s-bottom
e24a47ae609e4c72,/home/sb/Harting_Inspection/data/raw/harting_Baseline-10E-M-s-allsides-2/harting_Baseline-10E-M-s-bottom/frame_000101.jpg,harting_baseline_10e_m_s_allsides_2,bottom,frame_000101,,,unassigned,good,/home/sb/Harting_Inspection/data/raw/harting_Baseline-10E-M-s-allsides-2/harting_Baseline-10E-M-s-bottom
37e527aee75f1310,/home/sb/Harting_Inspection/data/raw/harting_Baseline-10E-M-s-allsides-2/harting_Baseline-10E-M-s-bottom/frame_000102.jpg,harting_baseline_10e_m_s_allsides_2,bottom,frame_000102,,,unassigned,good,/home/sb/Harting_Inspection/data/raw/harting_Baseline-10E-M-s-allsides-2/harting_Baseline-10E-M-s-bottom
acba7b3a2ae5f6c2,/home/sb/Harting_Inspection/data/raw/harting_Baseline-10E-M-s-allsides-2/harting_Baseline-10E-M-s-bottom/frame_000103.jpg,harting_baseline_10e_m_s_allsides_2,bottom,frame_000103,,,unassigned,good,/home/sb/Harting_Inspection/data/raw/harting_Baseline-10E-M-s-allsides-2/harting_Baseline-10E-M-s-bottom
1c06da20be120226,/home/sb/Harting_Inspection/data/raw/harting_Baseline-10E-M-s-allsides-2/harting_Baseline-10E-M-s-bottom/frame_000104.jpg,harting_baseline_10e_m_s_allsides_2,bottom,frame_000104,,,unassigned,good,/home/sb/Harting_Inspection/data/raw/harting_Baseline-10E-M-s-allsides-2/harting_Baseline-10E-M-s-bottom
599db74205355623,/home/sb/Harting_Inspection/data/raw/harting_Baseline-10E-M-s-allsides-2/harting_Baseline-10E-M-s-bottom/frame_000105.jpg,harting_baseline_10e_m_s_allsides_2,bottom,frame_000105,,,unassigned,good,/home/sb/Harting_Inspection/data/raw/harting_Baseline-10E-M-s-allsides-2/harting_Baseline-10E-M-s-bottom
033b5df6449a4728,/home/sb/Harting_Inspection/data/raw/harting_Baseline-10E-M-s-allsides-2/harting_Baseline-10E-M-s-bottom/frame_000106.jpg,harting_baseline_10e_m_s_allsides_2,bottom,frame_000106,,,unassigned,good,/home/sb/Harting_Inspection/data/raw/harting_Baseline-10E-M-s-allsides-2/harting_Baseline-10E-M-s-bottom
0f3d0b5489c1945b,/home/sb/Harting_Inspection/data/raw/harting_Baseline-10E-M-s-allsides-2/harting_Baseline-10E-M-s-bottom/frame_000107.jpg,harting_baseline_10e_m_s_allsides_2,bottom,frame_000107,,,unassigned,good,/home/sb/Harting_Inspection/data/raw/harting_Baseline-10E-M-s-allsides-2/harting_Baseline-10E-M-s-bottom
b014a20be62f0938,/home/sb/Harting_Inspection/data/raw/harting_Baseline-10E-M-s-allsides-2/harting_Baseline-10E-M-s-bottom/frame_000108.jpg,harting_baseline_10e_m_s_allsides_2,bottom,frame_000108,,,unassigned,good,/home/sb/Harting_Inspection/data/raw/harting_Baseline-10E-M-s-allsides-2/harting_Baseline-10E-M-s-bottom
b7a69c2e726bee12,/home/sb/Harting_Inspection/data/raw/harting_Baseline-10E-M-s-allsides-2/harting_Baseline-10E-M-s-bottom/frame_000109.jpg,harting_baseline_10e_m_s_allsides_2,bottom,frame_000109,,,unassigned,good,/home/sb/Harting_Inspection/data/raw/harting_Baseline-10E-M-s-allsides-2/harting_Baseline-10E-M-s-bottom
2423c50e78de7e3a,/home/sb/Harting_Inspection/data/raw/harting_Baseline-10E-M-s-allsides-2/harting_Baseline-10E-M-s-bottom/frame_000110.jpg,harting_baseline_10e_m_s_allsides_2,bottom,frame_000110,,,unassigned,good,/home/sb/Harting_Inspection/data/raw/harting_Baseline-10E-M-s-allsides-2/harting_Baseline-10E-M-s-bottom
6a66871cd991293c,/home/sb/Harting_Inspection/data/raw/harting_Baseline-10E-M-s-allsides-2/harting_Baseline-10E-M-s-bottom/frame_000111.jpg,harting_baseline_10e_m_s_allsides_2,bottom,frame_000111,,,unassigned,good,/home/sb/Harting_Inspection/data/raw/harting_Baseline-10E-M-s-allsides-2/harting_Baseline-10E-M-s-bottom
c82b9979b9a2b244,/home/sb/Harting_Inspection/data/raw/harting_Baseline-10E-M-s-allsides-2/harting_Baseline-10E-M-s-bottom/frame_000112.jpg,harting_baseline_10e_m_s_allsides_2,bottom,frame_000112,,,unassigned,good,/home/sb/Harting_Inspection/data/raw/harting_Baseline-10E-M-s-allsides-2/harting_Baseline-10E-M-s-bottom
534adb1ef7beab1b,/home/sb/Harting_Inspection/data/raw/harting_Baseline-10E-M-s-allsides-2/harting_Baseline-10E-M-s-bottom/frame_000113.jpg,harting_baseline_10e_m_s_allsides_2,bottom,frame_000113,,,unassigned,good,/home/sb/Harting_Inspection/data/raw/harting_Baseline-10E-M-s-allsides-2/harting_Baseline-10E-M-s-bottom
1dc8ab80facd0b12,/home/sb/Harting_Inspection/data/raw/harting_Baseline-10E-M-s-allsides-2/harting_Baseline-10E-M-s-bottom/frame_000114.jpg,harting_baseline_10e_m_s_allsides_2,bottom,frame_000114,,,unassigned,good,/home/sb/Harting_Inspection/data/raw/harting_Baseline-10E-M-s-allsides-2/harting_Baseline-10E-M-s-bottom
6bb0060d008cc997,/home/sb/Harting_Inspection/data/raw/harting_Baseline-10E-M-s-allsides-2/harting_Baseline-10E-M-s-bottom/frame_000115.jpg,harting_baseline_10e_m_s_allsides_2,bottom,frame_000115,,,unassigned,good,/home/sb/Harting_Inspection/data/raw/harting_Baseline-10E-M-s-allsides-2/harting_Baseline-10E-M-s-bottom
59cb1926a2afdb0f,/home/sb/Harting_Inspection/data/raw/harting_Baseline-10E-M-s-allsides-2/harting_Baseline-10E-M-s-bottom/frame_000116.jpg,harting_baseline_10e_m_s_allsides_2,bottom,frame_000116,,,unassigned,good,/home/sb/Harting_Inspection/data/raw/harting_Baseline-10E-M-s-allsides-2/harting_Baseline-10E-M-s-bottom
23db8d1babcf6df4,/home/sb/Harting_Inspection/data/raw/harting_Baseline-10E-M-s-allsides-2/harting_Baseline-10E-M-s-bottom/frame_000117.jpg,harting_baseline_10e_m_s_allsides_2,bottom,frame_000117,,,unassigned,good,/home/sb/Harting_Inspection/data/raw/harting_Baseline-10E-M-s-allsides-2/harting_Baseline-10E-M-s-bottom
8ba299b9ad86be7b,/home/sb/Harting_Inspection/data/raw/harting_Baseline-10E-M-s-allsides-2/harting_Baseline-10E-M-s-bottom/frame_000118.jpg,harting_baseline_10e_m_s_allsides_2,bottom,frame_000118,,,unassigned,good,/home/sb/Harting_Inspection/data/raw/harting_Baseline-10E-M-s-allsides-2/harting_Baseline-10E-M-s-bottom
025b356116040685,/home/sb/Harting_Inspection/data/raw/harting_Baseline-10E-M-s-allsides-2/harting_Baseline-10E-M-s-bottom/frame_000119.jpg,harting_baseline_10e_m_s_allsides_2,bottom,frame_000119,,,unassigned,good,/home/sb/Harting_Inspection/data/raw/harting_Baseline-10E-M-s-allsides-2/harting_Baseline-10E-M-s-bottom
f9f68f80615593c2,/home/sb/Harting_Inspection/data/raw/harting_Baseline-10E-M-s-allsides-2/harting_Baseline-10E-M-s-bottom/frame_000120.jpg,harting_baseline_10e_m_s_allsides_2,bottom,frame_000120,,,unassigned,good,/home/sb/Harting_Inspection/data/raw/harting_Baseline-10E-M-s-allsides-2/harting_Baseline-10E-M-s-bottom
6947be34bba5864b,/home/sb/Harting_Inspection/data/raw/harting_Baseline-10E-M-s-allsides-2/harting_Baseline-10E-M-s-bottom/frame_000121.jpg,harting_baseline_10e_m_s_allsides_2,bottom,frame_000121,,,unassigned,good,/home/sb/Harting_Inspection/data/raw/harting_Baseline-10E-M-s-allsides-2/harting_Baseline-10E-M-s-bottom
64b230c6eaa0c18c,/home/sb/Harting_Inspection/data/raw/harting_Baseline-10E-M-s-allsides-2/harting_Baseline-10E-M-s-bottom/frame_000122.jpg,harting_baseline_10e_m_s_allsides_2,bottom,frame_000122,,,unassigned,good,/home/sb/Harting_Inspection/data/raw/harting_Baseline-10E-M-s-allsides-2/harting_Baseline-10E-M-s-bottom
2596dd261f1406df,/home/sb/Harting_Inspection/data/raw/harting_Baseline-10E-M-s-allsides-2/harting_Baseline-10E-M-s-bottom/frame_000123.jpg,harting_baseline_10e_m_s_allsides_2,bottom,frame_000123,,,unassigned,good,/home/sb/Harting_Inspection/data/raw/harting_Baseline-10E-M-s-allsides-2/harting_Baseline-10E-M-s-bottom
d11032d020684c4f,/home/sb/Harting_Inspection/data/raw/harting_Baseline-10E-M-s-allsides-2/harting_Baseline-10E-M-s-bottom/frame_000124.jpg,harting_baseline_10e_m_s_allsides_2,bottom,frame_000124,,,unassigned,good,/home/sb/Harting_Inspection/data/raw/harting_Baseline-10E-M-s-allsides-2/harting_Baseline-10E-M-s-bottom
9b9d494b9b5111fe,/home/sb/Harting_Inspection/data/raw/harting_Baseline-10E-M-s-allsides-2/harting_Baseline-10E-M-s-bottom/frame_000125.jpg,harting_baseline_10e_m_s_allsides_2,bottom,frame_000125,,,unassigned,good,/home/sb/Harting_Inspection/data/raw/harting_Baseline-10E-M-s-allsides-2/harting_Baseline-10E-M-s-bottom
f71d85635ef5227d,/home/sb/Harting_Inspection/data/raw/harting_Baseline-10E-M-s-allsides-2/harting_Baseline-10E-M-s-bottom/frame_000126.jpg,harting_baseline_10e_m_s_allsides_2,bottom,frame_000126,,,unassigned,good,/home/sb/Harting_Inspection/data/raw/harting_Baseline-10E-M-s-allsides-2/harting_Baseline-10E-M-s-bottom
bb4191131cd10b60,/home/sb/Harting_Inspection/data/raw/harting_Baseline-10E-M-s-allsides-2/harting_Baseline-10E-M-s-bottom/frame_000127.jpg,harting_baseline_10e_m_s_allsides_2,bottom,frame_000127,,,unassigned,good,/home/sb/Harting_Inspection/data/raw/harting_Baseline-10E-M-s-allsides-2/harting_Baseline-10E-M-s-bottom
dab9c0dc5c448237,/home/sb/Harting_Inspection/data/raw/harting_Baseline-10E-M-s-allsides-2/harting_Baseline-10E-M-s-bottom/frame_000128.jpg,harting_baseline_10e_m_s_allsides_2,bottom,frame_000128,,,unassigned,good,/home/sb/Harting_Inspection/data/raw/harting_Baseline-10E-M-s-allsides-2/harting_Baseline-10E-M-s-bottom
b95b4b4dfbc0003a,/home/sb/Harting_Inspection/data/raw/harting_Baseline-10E-M-s-allsides-2/harting_Baseline-10E-M-s-bottom/frame_000129.jpg,harting_baseline_10e_m_s_allsides_2,bottom,frame_000129,,,unassigned,good,/home/sb/Harting_Inspection/data/raw/harting_Baseline-10E-M-s-allsides-2/harting_Baseline-10E-M-s-bottom
a9388b2ad9c2c6ee,/home/sb/Harting_Inspection/data/raw/harting_Baseline-10E-M-s-allsides-2/harting_Baseline-10E-M-s-bottom/frame_000130.jpg,harting_baseline_10e_m_s_allsides_2,bottom,frame_000130,,,unassigned,good,/home/sb/Harting_Inspection/data/raw/harting_Baseline-10E-M-s-allsides-2/harting_Baseline-10E-M-s-bottom
81f28caee842d543,/home/sb/Harting_Inspection/data/raw/harting_Baseline-10E-M-s-allsides-2/harting_Baseline-10E-M-s-bottom/frame_000131.jpg,harting_baseline_10e_m_s_allsides_2,bottom,frame_000131,,,unassigned,good,/home/sb/Harting_Inspection/data/raw/harting_Baseline-10E-M-s-allsides-2/harting_Baseline-10E-M-s-bottom
62743308f898190a,/home/sb/Harting_Inspection/data/raw/harting_Baseline-10E-M-s-allsides-2/harting_Baseline-10E-M-s-bottom/frame_000132.jpg,harting_baseline_10e_m_s_allsides_2,bottom,frame_000132,,,unassigned,good,/home/sb/Harting_Inspection/data/raw/harting_Baseline-10E-M-s-allsides-2/harting_Baseline-10E-M-s-bottom
5335347154233e49,/home/sb/Harting_Inspection/data/raw/harting_Baseline-10E-M-s-allsides-2/harting_Baseline-10E-M-s-bottom/frame_000133.jpg,harting_baseline_10e_m_s_allsides_2,bottom,frame_000133,,,unassigned,good,/home/sb/Harting_Inspection/data/raw/harting_Baseline-10E-M-s-allsides-2/harting_Baseline-10E-M-s-bottom
2e24801a49242b8e,/home/sb/Harting_Inspection/data/raw/harting_Baseline-10E-M-s-allsides-2/harting_Baseline-10E-M-s-bottom/frame_000134.jpg,harting_baseline_10e_m_s_allsides_2,bottom,frame_000134,,,unassigned,good,/home/sb/Harting_Inspection/data/raw/harting_Baseline-10E-M-s-allsides-2/harting_Baseline-10E-M-s-bottom
65c8409c628786db,/home/sb/Harting_Inspection/data/raw/harting_Baseline-10E-M-s-allsides-2/harting_Baseline-10E-M-s-bottom/frame_000135.jpg,harting_baseline_10e_m_s_allsides_2,bottom,frame_000135,,,unassigned,good,/home/sb/Harting_Inspection/data/raw/harting_Baseline-10E-M-s-allsides-2/harting_Baseline-10E-M-s-bottom
e46b30ccf51d7789,/home/sb/Harting_Inspection/data/raw/harting_Baseline-10E-M-s-allsides-2/harting_Baseline-10E-M-s-bottom/frame_000136.jpg,harting_baseline_10e_m_s_allsides_2,bottom,frame_000136,,,unassigned,good,/home/sb/Harting_Inspection/data/raw/harting_Baseline-10E-M-s-allsides-2/harting_Baseline-10E-M-s-bottom
b3d42df45a9e7f90,/home/sb/Harting_Inspection/data/raw/harting_Baseline-10E-M-s-allsides-2/harting_Baseline-10E-M-s-bottom/frame_000137.jpg,harting_baseline_10e_m_s_allsides_2,bottom,frame_000137,,,unassigned,good,/home/sb/Harting_Inspection/data/raw/harting_Baseline-10E-M-s-allsides-2/harting_Baseline-10E-M-s-bottom
91f3027f8dfdd547,/home/sb/Harting_Inspection/data/raw/harting_Baseline-10E-M-s-allsides-2/harting_Baseline-10E-M-s-bottom/frame_000138.jpg,harting_baseline_10e_m_s_allsides_2,bottom,frame_000138,,,unassigned,good,/home/sb/Harting_Inspection/data/raw/harting_Baseline-10E-M-s-allsides-2/harting_Baseline-10E-M-s-bottom
212b4321bc776a31,/home/sb/Harting_Inspection/data/raw/harting_Baseline-10E-M-s-allsides-2/harting_Baseline-10E-M-s-bottom/frame_000139.jpg,harting_baseline_10e_m_s_allsides_2,bottom,frame_000139,,,unassigned,good,/home/sb/Harting_Inspection/data/raw/harting_Baseline-10E-M-s-allsides-2/harting_Baseline-10E-M-s-bottom
9ab1fc549b66f513,/home/sb/Harting_Inspection/data/raw/harting_Baseline-10E-M-s-allsides-2/harting_Baseline-10E-M-s-bottom/frame_000140.jpg,harting_baseline_10e_m_s_allsides_2,bottom,frame_000140,,,unassigned,good,/home/sb/Harting_Inspection/data/raw/harting_Baseline-10E-M-s-allsides-2/harting_Baseline-10E-M-s-bottom
74c2f641cb4bd76a,/home/sb/Harting_Inspection/data/raw/harting_Baseline-10E-M-s-allsides-2/harting_Baseline-10E-M-s-bottom/frame_000141.jpg,harting_baseline_10e_m_s_allsides_2,bottom,frame_000141,,,unassigned,good,/home/sb/Harting_Inspection/data/raw/harting_Baseline-10E-M-s-allsides-2/harting_Baseline-10E-M-s-bottom
57693fde562244c0,/home/sb/Harting_Inspection/data/raw/harting_Baseline-10E-M-s-allsides-2/harting_Baseline-10E-M-s-bottom/frame_000142.jpg,harting_baseline_10e_m_s_allsides_2,bottom,frame_000142,,,unassigned,good,/home/sb/Harting_Inspection/data/raw/harting_Baseline-10E-M-s-allsides-2/harting_Baseline-10E-M-s-bottom
0e3eb0a3033c4348,/home/sb/Harting_Inspection/data/raw/harting_Baseline-10E-M-s-allsides-2/harting_Baseline-10E-M-s-bottom/frame_000143.jpg,harting_baseline_10e_m_s_allsides_2,bottom,frame_000143,,,unassigned,good,/home/sb/Harting_Inspection/data/raw/harting_Baseline-10E-M-s-allsides-2/harting_Baseline-10E-M-s-bottom
9b718b2c78209bcd,/home/sb/Harting_Inspection/data/raw/harting_Baseline-10E-M-s-allsides-2/harting_Baseline-10E-M-s-bottom/frame_000144.jpg,harting_baseline_10e_m_s_allsides_2,bottom,frame_000144,,,unassigned,good,/home/sb/Harting_Inspection/data/raw/harting_Baseline-10E-M-s-allsides-2/harting_Baseline-10E-M-s-bottom
093da10093398b26,/home/sb/Harting_Inspection/data/raw/harting_Baseline-10E-M-s-allsides-2/harting_Baseline-10E-M-s-bottom/frame_000145.jpg,harting_baseline_10e_m_s_allsides_2,bottom,frame_000145,,,unassigned,good,/home/sb/Harting_Inspection/data/raw/harting_Baseline-10E-M-s-allsides-2/harting_Baseline-10E-M-s-bottom
2eeb2b8afd5e67e7,/home/sb/Harting_Inspection/data/raw/harting_Baseline-10E-M-s-allsides-2/harting_Baseline-10E-M-s-bottom/frame_000146.jpg,harting_baseline_10e_m_s_allsides_2,bottom,frame_000146,,,unassigned,good,/home/sb/Harting_Inspection/data/raw/harting_Baseline-10E-M-s-allsides-2/harting_Baseline-10E-M-s-bottom
8b106d965d606c10,/home/sb/Harting_Inspection/data/raw/harting_Baseline-10E-M-s-allsides-2/harting_Baseline-10E-M-s-bottom/frame_000147.jpg,harting_baseline_10e_m_s_allsides_2,bottom,frame_000147,,,unassigned,good,/home/sb/Harting_Inspection/data/raw/harting_Baseline-10E-M-s-allsides-2/harting_Baseline-10E-M-s-bottom
564fe2a02492c760,/home/sb/Harting_Inspection/data/raw/harting_Baseline-10E-M-s-allsides-2/harting_Baseline-10E-M-s-bottom/frame_000148.jpg,harting_baseline_10e_m_s_allsides_2,bottom,frame_000148,,,unassigned,good,/home/sb/Harting_Inspection/data/raw/harting_Baseline-10E-M-s-allsides-2/harting_Baseline-10E-M-s-bottom
61edadaf3a2dd335,/home/sb/Harting_Inspection/data/raw/harting_Baseline-10E-M-s-allsides-2/harting_Baseline-10E-M-s-bottom/frame_000149.jpg,harting_baseline_10e_m_s_allsides_2,bottom,frame_000149,,,unassigned,good,/home/sb/Harting_Inspection/data/raw/harting_Baseline-10E-M-s-allsides-2/harting_Baseline-10E-M-s-bottom
944a88e3a799d96f,/home/sb/Harting_Inspection/data/raw/harting_Baseline-10E-M-s-allsides-2/harting_Baseline-10E-M-s-bottom/frame_000150.jpg,harting_baseline_10e_m_s_allsides_2,bottom,frame_000150,,,unassigned,good,/home/sb/Harting_Inspection/data/raw/harting_Baseline-10E-M-s-allsides-2/harting_Baseline-10E-M-s-bottom
68e1107441d08529,/home/sb/Harting_Inspection/data/raw/harting_Baseline-10E-M-s-allsides-2/harting_Baseline-10E-M-s-bottom/frame_000151.jpg,harting_baseline_10e_m_s_allsides_2,bottom,frame_000151,,,unassigned,good,/home/sb/Harting_Inspection/data/raw/harting_Baseline-10E-M-s-allsides-2/harting_Baseline-10E-M-s-bottom
773a8d73128d0177,/home/sb/Harting_Inspection/data/raw/harting_Baseline-10E-M-s-allsides-2/harting_Baseline-10E-M-s-bottom/frame_000152.jpg,harting_baseline_10e_m_s_allsides_2,bottom,frame_000152,,,unassigned,good,/home/sb/Harting_Inspection/data/raw/harting_Baseline-10E-M-s-allsides-2/harting_Baseline-10E-M-s-bottom
074b2a6fea6dfb60,/home/sb/Harting_Inspection/data/raw/harting_Baseline-10E-M-s-allsides-2/harting_Baseline-10E-M-s-bottom/frame_000153.jpg,harting_baseline_10e_m_s_allsides_2,bottom,frame_000153,,,unassigned,good,/home/sb/Harting_Inspection/data/raw/harting_Baseline-10E-M-s-allsides-2/harting_Baseline-10E-M-s-bottom
4366b03521c23871,/home/sb/Harting_Inspection/data/raw/harting_Baseline-10E-M-s-allsides-2/harting_Baseline-10E-M-s-bottom/frame_000154.jpg,harting_baseline_10e_m_s_allsides_2,bottom,frame_000154,,,unassigned,good,/home/sb/Harting_Inspection/data/raw/harting_Baseline-10E-M-s-allsides-2/harting_Baseline-10E-M-s-bottom
19d1e176058ffbe4,/home/sb/Harting_Inspection/data/raw/harting_Baseline-10E-M-s-allsides-2/harting_Baseline-10E-M-s-bottom/frame_000155.jpg,harting_baseline_10e_m_s_allsides_2,bottom,frame_000155,,,unassigned,good,/home/sb/Harting_Inspection/data/raw/harting_Baseline-10E-M-s-allsides-2/harting_Baseline-10E-M-s-bottom
5cb4c9ab0f2c8e92,/home/sb/Harting_Inspection/data/raw/harting_Baseline-10E-M-s-allsides-2/harting_Baseline-10E-M-s-bottom/frame_000156.jpg,harting_baseline_10e_m_s_allsides_2,bottom,frame_000156,,,unassigned,good,/home/sb/Harting_Inspection/data/raw/harting_Baseline-10E-M-s-allsides-2/harting_Baseline-10E-M-s-bottom
4d175be08aa12a3c,/home/sb/Harting_Inspection/data/raw/harting_Baseline-10E-M-s-allsides-2/harting_Baseline-10E-M-s-bottom/frame_000157.jpg,harting_baseline_10e_m_s_allsides_2,bottom,frame_000157,,,unassigned,good,/home/sb/Harting_Inspection/data/raw/harting_Baseline-10E-M-s-allsides-2/harting_Baseline-10E-M-s-bottom
9c4aad22416e5779,/home/sb/Harting_Inspection/data/raw/harting_Baseline-10E-M-s-allsides-2/harting_Baseline-10E-M-s-bottom/frame_000158.jpg,harting_baseline_10e_m_s_allsides_2,bottom,frame_000158,,,unassigned,good,/home/sb/Harting_Inspection/data/raw/harting_Baseline-10E-M-s-allsides-2/harting_Baseline-10E-M-s-bottom
2d74164aafa2272a,/home/sb/Harting_Inspection/data/raw/harting_Baseline-10E-M-s-allsides-2/harting_Baseline-10E-M-s-bottom/frame_000159.jpg,harting_baseline_10e_m_s_allsides_2,bottom,frame_000159,,,unassigned,good,/home/sb/Harting_Inspection/data/raw/harting_Baseline-10E-M-s-allsides-2/harting_Baseline-10E-M-s-bottom
fc93316c439e586d,/home/sb/Harting_Inspection/data/raw/harting_Baseline-10E-M-s-allsides-2/harting_Baseline-10E-M-s-bottom/frame_000160.jpg,harting_baseline_10e_m_s_allsides_2,bottom,frame_000160,,,unassigned,good,/home/sb/Harting_Inspection/data/raw/harting_Baseline-10E-M-s-allsides-2/harting_Baseline-10E-M-s-bottom
e781324a76d96a8c,/home/sb/Harting_Inspection/data/raw/harting_Baseline-10E-M-s-allsides-2/harting_Baseline-10E-M-s-bottom/frame_000161.jpg,harting_baseline_10e_m_s_allsides_2,bottom,frame_000161,,,unassigned,good,/home/sb/Harting_Inspection/data/raw/harting_Baseline-10E-M-s-allsides-2/harting_Baseline-10E-M-s-bottom
5582118fa384f9c5,/home/sb/Harting_Inspection/data/raw/harting_Baseline-10E-M-s-allsides-2/harting_Baseline-10E-M-s-bottom/frame_000162.jpg,harting_baseline_10e_m_s_allsides_2,bottom,frame_000162,,,unassigned,good,/home/sb/Harting_Inspection/data/raw/harting_Baseline-10E-M-s-allsides-2/harting_Baseline-10E-M-s-bottom
0439ec82c20e88b0,/home/sb/Harting_Inspection/data/raw/harting_Baseline-10E-M-s-allsides-2/harting_Baseline-10E-M-s-bottom/frame_000163.jpg,harting_baseline_10e_m_s_allsides_2,bottom,frame_000163,,,unassigned,good,/home/sb/Harting_Inspection/data/raw/harting_Baseline-10E-M-s-allsides-2/harting_Baseline-10E-M-s-bottom
6adcebb0db04bf95,/home/sb/Harting_Inspection/data/raw/harting_Baseline-10E-M-s-allsides-2/harting_Baseline-10E-M-s-bottom/frame_000164.jpg,harting_baseline_10e_m_s_allsides_2,bottom,frame_000164,,,unassigned,good,/home/sb/Harting_Inspection/data/raw/harting_Baseline-10E-M-s-allsides-2/harting_Baseline-10E-M-s-bottom
28c7d1f6d4f85972,/home/sb/Harting_Inspection/data/raw/harting_Baseline-10E-M-s-allsides-2/harting_Baseline-10E-M-s-bottom/frame_000165.jpg,harting_baseline_10e_m_s_allsides_2,bottom,frame_000165,,,unassigned,good,/home/sb/Harting_Inspection/data/raw/harting_Baseline-10E-M-s-allsides-2/harting_Baseline-10E-M-s-bottom
d7079891a6dcc02d,/home/sb/Harting_Inspection/data/raw/harting_Baseline-10E-M-s-allsides-2/harting_Baseline-10E-M-s-bottom/frame_000166.jpg,harting_baseline_10e_m_s_allsides_2,bottom,frame_000166,,,unassigned,good,/home/sb/Harting_Inspection/data/raw/harting_Baseline-10E-M-s-allsides-2/harting_Baseline-10E-M-s-bottom
cd763a4016162054,/home/sb/Harting_Inspection/data/raw/harting_Baseline-10E-M-s-allsides-2/harting_Baseline-10E-M-s-bottom/frame_000167.jpg,harting_baseline_10e_m_s_allsides_2,bottom,frame_000167,,,unassigned,good,/home/sb/Harting_Inspection/data/raw/harting_Baseline-10E-M-s-allsides-2/harting_Baseline-10E-M-s-bottom
29b841234a339991,/home/sb/Harting_Inspection/data/raw/harting_Baseline-10E-M-s-allsides-2/harting_Baseline-10E-M-s-bottom/frame_000168.jpg,harting_baseline_10e_m_s_allsides_2,bottom,frame_000168,,,unassigned,good,/home/sb/Harting_Inspection/data/raw/harting_Baseline-10E-M-s-allsides-2/harting_Baseline-10E-M-s-bottom
4f26c2abe313f8ff,/home/sb/Harting_Inspection/data/raw/harting_Baseline-10E-M-s-allsides-2/harting_Baseline-10E-M-s-bottom/frame_000169.jpg,harting_baseline_10e_m_s_allsides_2,bottom,frame_000169,,,unassigned,good,/home/sb/Harting_Inspection/data/raw/harting_Baseline-10E-M-s-allsides-2/harting_Baseline-10E-M-s-bottom
f198c5e25cec6cac,/home/sb/Harting_Inspection/data/raw/harting_Baseline-10E-M-s-allsides-2/harting_Baseline-10E-M-s-bottom/frame_000170.jpg,harting_baseline_10e_m_s_allsides_2,bottom,frame_000170,,,unassigned,good,/home/sb/Harting_Inspection/data/raw/harting_Baseline-10E-M-s-allsides-2/harting_Baseline-10E-M-s-bottom
8c7833a85f27ae28,/home/sb/Harting_Inspection/data/raw/harting_Baseline-10E-M-s-allsides-2/harting_Baseline-10E-M-s-bottom/frame_000171.jpg,harting_baseline_10e_m_s_allsides_2,bottom,frame_000171,,,unassigned,good,/home/sb/Harting_Inspection/data/raw/harting_Baseline-10E-M-s-allsides-2/harting_Baseline-10E-M-s-bottom
6a608fb90cfeb932,/home/sb/Harting_Inspection/data/raw/harting_Baseline-10E-M-s-allsides-2/harting_Baseline-10E-M-s-bottom/frame_000172.jpg,harting_baseline_10e_m_s_allsides_2,bottom,frame_000172,,,unassigned,good,/home/sb/Harting_Inspection/data/raw/harting_Baseline-10E-M-s-allsides-2/harting_Baseline-10E-M-s-bottom
c4a2ce18f0e90f3b,/home/sb/Harting_Inspection/data/raw/harting_Baseline-10E-M-s-allsides-2/harting_Baseline-10E-M-s-bottom/frame_000173.jpg,harting_baseline_10e_m_s_allsides_2,bottom,frame_000173,,,unassigned,good,/home/sb/Harting_Inspection/data/raw/harting_Baseline-10E-M-s-allsides-2/harting_Baseline-10E-M-s-bottom
16d54150c1a2bd8f,/home/sb/Harting_Inspection/data/raw/harting_Baseline-10E-M-s-allsides-2/harting_Baseline-10E-M-s-bottom/frame_000174.jpg,harting_baseline_10e_m_s_allsides_2,bottom,frame_000174,,,unassigned,good,/home/sb/Harting_Inspection/data/raw/harting_Baseline-10E-M-s-allsides-2/harting_Baseline-10E-M-s-bottom
7e912679abb31809,/home/sb/Harting_Inspection/data/raw/harting_Baseline-10E-M-s-allsides-2/harting_Baseline-10E-M-s-bottom/frame_000175.jpg,harting_baseline_10e_m_s_allsides_2,bottom,frame_000175,,,unassigned,good,/home/sb/Harting_Inspection/data/raw/harting_Baseline-10E-M-s-allsides-2/harting_Baseline-10E-M-s-bottom
389e6409b89d5594,/home/sb/Harting_Inspection/data/raw/harting_Baseline-10E-M-s-allsides-2/harting_Baseline-10E-M-s-bottom/frame_000176.jpg,harting_baseline_10e_m_s_allsides_2,bottom,frame_000176,,,unassigned,good,/home/sb/Harting_Inspection/data/raw/harting_Baseline-10E-M-s-allsides-2/harting_Baseline-10E-M-s-bottom
59be4ab388ca5a22,/home/sb/Harting_Inspection/data/raw/harting_Baseline-10E-M-s-allsides-2/harting_Baseline-10E-M-s-bottom/frame_000177.jpg,harting_baseline_10e_m_s_allsides_2,bottom,frame_000177,,,unassigned,good,/home/sb/Harting_Inspection/data/raw/harting_Baseline-10E-M-s-allsides-2/harting_Baseline-10E-M-s-bottom
9bf80ffded5d1327,/home/sb/Harting_Inspection/data/raw/harting_Baseline-10E-M-s-allsides-2/harting_Baseline-10E-M-s-bottom/frame_000178.jpg,harting_baseline_10e_m_s_allsides_2,bottom,frame_000178,,,unassigned,good,/home/sb/Harting_Inspection/data/raw/harting_Baseline-10E-M-s-allsides-2/harting_Baseline-10E-M-s-bottom
75d8f9b02c3a77f0,/home/sb/Harting_Inspection/data/raw/harting_Baseline-10E-M-s-allsides-2/harting_Baseline-10E-M-s-bottom/frame_000179.jpg,harting_baseline_10e_m_s_allsides_2,bottom,frame_000179,,,unassigned,good,/home/sb/Harting_Inspection/data/raw/harting_Baseline-10E-M-s-allsides-2/harting_Baseline-10E-M-s-bottom
4dd1a6139c3a2285,/home/sb/Harting_Inspection/data/raw/harting_Baseline-10E-M-s-allsides-2/harting_Baseline-10E-M-s-bottom/frame_000180.jpg,harting_baseline_10e_m_s_allsides_2,bottom,frame_000180,,,unassigned,good,/home/sb/Harting_Inspection/data/raw/harting_Baseline-10E-M-s-allsides-2/harting_Baseline-10E-M-s-bottom
8d8a5e5d3bba2d2e,/home/sb/Harting_Inspection/data/raw/harting_Baseline-10E-M-s-allsides-2/harting_Baseline-10E-M-s-bottom/frame_000181.jpg,harting_baseline_10e_m_s_allsides_2,bottom,frame_000181,,,unassigned,good,/home/sb/Harting_Inspection/data/raw/harting_Baseline-10E-M-s-allsides-2/harting_Baseline-10E-M-s-bottom
11825d69e45d9a43,/home/sb/Harting_Inspection/data/raw/harting_Baseline-10E-M-s-allsides-2/harting_Baseline-10E-M-s-bottom/frame_000182.jpg,harting_baseline_10e_m_s_allsides_2,bottom,frame_000182,,,unassigned,good,/home/sb/Harting_Inspection/data/raw/harting_Baseline-10E-M-s-allsides-2/harting_Baseline-10E-M-s-bottom
07c4ab9248ceae89,/home/sb/Harting_Inspection/data/raw/harting_Baseline-10E-M-s-allsides-2/harting_Baseline-10E-M-s-bottom/frame_000183.jpg,harting_baseline_10e_m_s_allsides_2,bottom,frame_000183,,,unassigned,good,/home/sb/Harting_Inspection/data/raw/harting_Baseline-10E-M-s-allsides-2/harting_Baseline-10E-M-s-bottom
2f40524432de8cc0,/home/sb/Harting_Inspection/data/raw/harting_Baseline-10E-M-s-allsides-2/harting_Baseline-10E-M-s-bottom/frame_000184.jpg,harting_baseline_10e_m_s_allsides_2,bottom,frame_000184,,,unassigned,good,/home/sb/Harting_Inspection/data/raw/harting_Baseline-10E-M-s-allsides-2/harting_Baseline-10E-M-s-bottom
a52546b23d3a6d8d,/home/sb/Harting_Inspection/data/raw/harting_Baseline-10E-M-s-allsides-2/harting_Baseline-10E-M-s-bottom/frame_000185.jpg,harting_baseline_10e_m_s_allsides_2,bottom,frame_000185,,,unassigned,good,/home/sb/Harting_Inspection/data/raw/harting_Baseline-10E-M-s-allsides-2/harting_Baseline-10E-M-s-bottom
abe8356ef9c9b812,/home/sb/Harting_Inspection/data/raw/harting_Baseline-10E-M-s-allsides-2/harting_Baseline-10E-M-s-bottom/frame_000186.jpg,harting_baseline_10e_m_s_allsides_2,bottom,frame_000186,,,unassigned,good,/home/sb/Harting_Inspection/data/raw/harting_Baseline-10E-M-s-allsides-2/harting_Baseline-10E-M-s-bottom
61d6f79fcb860eea,/home/sb/Harting_Inspection/data/raw/harting_Baseline-10E-M-s-allsides-2/harting_Baseline-10E-M-s-bottom/frame_000187.jpg,harting_baseline_10e_m_s_allsides_2,bottom,frame_000187,,,unassigned,good,/home/sb/Harting_Inspection/data/raw/harting_Baseline-10E-M-s-allsides-2/harting_Baseline-10E-M-s-bottom
e300e966b0905544,/home/sb/Harting_Inspection/data/raw/harting_Baseline-10E-M-s-allsides-2/harting_Baseline-10E-M-s-bottom/frame_000188.jpg,harting_baseline_10e_m_s_allsides_2,bottom,frame_000188,,,unassigned,good,/home/sb/Harting_Inspection/data/raw/harting_Baseline-10E-M-s-allsides-2/harting_Baseline-10E-M-s-bottom
4ed251ab36da7114,/home/sb/Harting_Inspection/data/raw/harting_Baseline-10E-M-s-allsides-2/harting_Baseline-10E-M-s-bottom/frame_000189.jpg,harting_baseline_10e_m_s_allsides_2,bottom,frame_000189,,,unassigned,good,/home/sb/Harting_Inspection/data/raw/harting_Baseline-10E-M-s-allsides-2/harting_Baseline-10E-M-s-bottom
d14a043fe8730910,/home/sb/Harting_Inspection/data/raw/harting_Baseline-10E-M-s-allsides-2/harting_Baseline-10E-M-s-bottom/frame_000190.jpg,harting_baseline_10e_m_s_allsides_2,bottom,frame_000190,,,unassigned,good,/home/sb/Harting_Inspection/data/raw/harting_Baseline-10E-M-s-allsides-2/harting_Baseline-10E-M-s-bottom
ea75d6c4a12af9c9,/home/sb/Harting_Inspection/data/raw/harting_Baseline-10E-M-s-allsides-2/harting_Baseline-10E-M-s-bottom/frame_000191.jpg,harting_baseline_10e_m_s_allsides_2,bottom,frame_000191,,,unassigned,good,/home/sb/Harting_Inspection/data/raw/harting_Baseline-10E-M-s-allsides-2/harting_Baseline-10E-M-s-bottom
18874a8e4518ebb4,/home/sb/Harting_Inspection/data/raw/harting_Baseline-10E-M-s-allsides-2/harting_Baseline-10E-M-s-bottom/frame_000192.jpg,harting_baseline_10e_m_s_allsides_2,bottom,frame_000192,,,unassigned,good,/home/sb/Harting_Inspection/data/raw/harting_Baseline-10E-M-s-allsides-2/harting_Baseline-10E-M-s-bottom
62b2790643c3793a,/home/sb/Harting_Inspection/data/raw/harting_Baseline-10E-M-s-allsides-2/harting_Baseline-10E-M-s-bottom/frame_000193.jpg,harting_baseline_10e_m_s_allsides_2,bottom,frame_000193,,,unassigned,good,/home/sb/Harting_Inspection/data/raw/harting_Baseline-10E-M-s-allsides-2/harting_Baseline-10E-M-s-bottom
65f8df3f0bfd3fd1,/home/sb/Harting_Inspection/data/raw/harting_Baseline-10E-M-s-allsides-2/harting_Baseline-10E-M-s-bottom/frame_000194.jpg,harting_baseline_10e_m_s_allsides_2,bottom,frame_000194,,,unassigned,good,/home/sb/Harting_Inspection/data/raw/harting_Baseline-10E-M-s-allsides-2/harting_Baseline-10E-M-s-bottom
e1db94f9a3a3e36c,/home/sb/Harting_Inspection/data/raw/harting_Baseline-10E-M-s-allsides-2/harting_Baseline-10E-M-s-bottom/frame_000195.jpg,harting_baseline_10e_m_s_allsides_2,bottom,frame_000195,,,unassigned,good,/home/sb/Harting_Inspection/data/raw/harting_Baseline-10E-M-s-allsides-2/harting_Baseline-10E-M-s-bottom
165a51d91a6e8a91,/home/sb/Harting_Inspection/data/raw/harting_Baseline-10E-M-s-allsides-2/harting_Baseline-10E-M-s-bottom/frame_000196.jpg,harting_baseline_10e_m_s_allsides_2,bottom,frame_000196,,,unassigned,good,/home/sb/Harting_Inspection/data/raw/harting_Baseline-10E-M-s-allsides-2/harting_Baseline-10E-M-s-bottom
6e3f154ebb0d82c3,/home/sb/Harting_Inspection/data/raw/harting_Baseline-10E-M-s-allsides-2/harting_Baseline-10E-M-s-bottom/frame_000197.jpg,harting_baseline_10e_m_s_allsides_2,bottom,frame_000197,,,unassigned,good,/home/sb/Harting_Inspection/data/raw/harting_Baseline-10E-M-s-allsides-2/harting_Baseline-10E-M-s-bottom
665cca22bd57e244,/home/sb/Harting_Inspection/data/raw/harting_Baseline-10E-M-s-allsides-2/harting_Baseline-10E-M-s-bottom/frame_000198.jpg,harting_baseline_10e_m_s_allsides_2,bottom,frame_000198,,,unassigned,good,/home/sb/Harting_Inspection/data/raw/harting_Baseline-10E-M-s-allsides-2/harting_Baseline-10E-M-s-bottom
e93bda44f72ce9bb,/home/sb/Harting_Inspection/data/raw/harting_Baseline-10E-M-s-allsides-2/harting_Baseline-10E-M-s-bottom/frame_000199.jpg,harting_baseline_10e_m_s_allsides_2,bottom,frame_000199,,,unassigned,good,/home/sb/Harting_Inspection/data/raw/harting_Baseline-10E-M-s-allsides-2/harting_Baseline-10E-M-s-bottom
e9659a2be74fc618,/home/sb/Harting_Inspection/data/raw/harting_Baseline-10E-M-s-allsides-2/harting_Baseline-10E-M-s-bottom/frame_000200.jpg,harting_baseline_10e_m_s_allsides_2,bottom,frame_000200,,,unassigned,good,/home/sb/Harting_Inspection/data/raw/harting_Baseline-10E-M-s-allsides-2/harting_Baseline-10E-M-s-bottom
ffc6d827d0ab2fa0,/home/sb/Harting_Inspection/data/raw/harting_Baseline-10E-M-s-allsides-2/harting_Baseline-10E-M-s-bottom/frame_000201.jpg,harting_baseline_10e_m_s_allsides_2,bottom,frame_000201,,,unassigned,good,/home/sb/Harting_Inspection/data/raw/harting_Baseline-10E-M-s-allsides-2/harting_Baseline-10E-M-s-bottom
59d6346457d9b2b6,/home/sb/Harting_Inspection/data/raw/harting_Baseline-10E-M-s-allsides-2/harting_Baseline-10E-M-s-bottom/frame_000202.jpg,harting_baseline_10e_m_s_allsides_2,bottom,frame_000202,,,unassigned,good,/home/sb/Harting_Inspection/data/raw/harting_Baseline-10E-M-s-allsides-2/harting_Baseline-10E-M-s-bottom
60c55c82be15c3e6,/home/sb/Harting_Inspection/data/raw/harting_Baseline-10E-M-s-allsides-2/harting_Baseline-10E-M-s-bottom/frame_000203.jpg,harting_baseline_10e_m_s_allsides_2,bottom,frame_000203,,,unassigned,good,/home/sb/Harting_Inspection/data/raw/harting_Baseline-10E-M-s-allsides-2/harting_Baseline-10E-M-s-bottom
1d2e025685193e36,/home/sb/Harting_Inspection/data/raw/harting_Baseline-10E-M-s-allsides-2/harting_Baseline-10E-M-s-bottom/frame_000204.jpg,harting_baseline_10e_m_s_allsides_2,bottom,frame_000204,,,unassigned,good,/home/sb/Harting_Inspection/data/raw/harting_Baseline-10E-M-s-allsides-2/harting_Baseline-10E-M-s-bottom
1ee392f209ff43ea,/home/sb/Harting_Inspection/data/raw/harting_Baseline-10E-M-s-allsides-2/harting_Baseline-10E-M-s-bottom/frame_000205.jpg,harting_baseline_10e_m_s_allsides_2,bottom,frame_000205,,,unassigned,good,/home/sb/Harting_Inspection/data/raw/harting_Baseline-10E-M-s-allsides-2/harting_Baseline-10E-M-s-bottom
e1ac8e2f203d22f3,/home/sb/Harting_Inspection/data/raw/harting_Baseline-10E-M-s-allsides-2/harting_Baseline-10E-M-s-bottom/frame_000206.jpg,harting_baseline_10e_m_s_allsides_2,bottom,frame_000206,,,unassigned,good,/home/sb/Harting_Inspection/data/raw/harting_Baseline-10E-M-s-allsides-2/harting_Baseline-10E-M-s-bottom
5f68a1a01e6d2a71,/home/sb/Harting_Inspection/data/raw/harting_Baseline-10E-M-s-allsides-2/harting_Baseline-10E-M-s-bottom/frame_000207.jpg,harting_baseline_10e_m_s_allsides_2,bottom,frame_000207,,,unassigned,good,/home/sb/Harting_Inspection/data/raw/harting_Baseline-10E-M-s-allsides-2/harting_Baseline-10E-M-s-bottom
d381d1584930f54c,/home/sb/Harting_Inspection/data/raw/harting_Baseline-10E-M-s-allsides-2/harting_Baseline-10E-M-s-bottom/frame_000208.jpg,harting_baseline_10e_m_s_allsides_2,bottom,frame_000208,,,unassigned,good,/home/sb/Harting_Inspection/data/raw/harting_Baseline-10E-M-s-allsides-2/harting_Baseline-10E-M-s-bottom
982f43b632475f15,/home/sb/Harting_Inspection/data/raw/harting_Baseline-10E-M-s-allsides-2/harting_Baseline-10E-M-s-bottom/frame_000209.jpg,harting_baseline_10e_m_s_allsides_2,bottom,frame_000209,,,unassigned,good,/home/sb/Harting_Inspection/data/raw/harting_Baseline-10E-M-s-allsides-2/harting_Baseline-10E-M-s-bottom
0e7bdf8464178fd6,/home/sb/Harting_Inspection/data/raw/harting_Baseline-10E-M-s-allsides-2/harting_Baseline-10E-M-s-bottom/frame_000210.jpg,harting_baseline_10e_m_s_allsides_2,bottom,frame_000210,,,unassigned,good,/home/sb/Harting_Inspection/data/raw/harting_Baseline-10E-M-s-allsides-2/harting_Baseline-10E-M-s-bottom
a7da3397b290c5e7,/home/sb/Harting_Inspection/data/raw/harting_Baseline-10E-M-s-allsides-2/harting_Baseline-10E-M-s-bottom/frame_000211.jpg,harting_baseline_10e_m_s_allsides_2,bottom,frame_000211,,,unassigned,good,/home/sb/Harting_Inspection/data/raw/harting_Baseline-10E-M-s-allsides-2/harting_Baseline-10E-M-s-bottom
9da8fd63401affee,/home/sb/Harting_Inspection/data/raw/harting_Baseline-10E-M-s-allsides-2/harting_Baseline-10E-M-s-bottom/frame_000212.jpg,harting_baseline_10e_m_s_allsides_2,bottom,frame_000212,,,unassigned,good,/home/sb/Harting_Inspection/data/raw/harting_Baseline-10E-M-s-allsides-2/harting_Baseline-10E-M-s-bottom
3f3f153a074a6029,/home/sb/Harting_Inspection/data/raw/harting_Baseline-10E-M-s-allsides-2/harting_Baseline-10E-M-s-bottom/frame_000213.jpg,harting_baseline_10e_m_s_allsides_2,bottom,frame_000213,,,unassigned,good,/home/sb/Harting_Inspection/data/raw/harting_Baseline-10E-M-s-allsides-2/harting_Baseline-10E-M-s-bottom
e1c79565255db21e,/home/sb/Harting_Inspection/data/raw/harting_Baseline-10E-M-s-allsides-2/harting_Baseline-10E-M-s-bottom/frame_000214.jpg,harting_baseline_10e_m_s_allsides_2,bottom,frame_000214,,,unassigned,good,/home/sb/Harting_Inspection/data/raw/harting_Baseline-10E-M-s-allsides-2/harting_Baseline-10E-M-s-bottom
ce0aec7c7e1e08de,/home/sb/Harting_Inspection/data/raw/harting_Baseline-10E-M-s-allsides-2/harting_Baseline-10E-M-s-bottom/frame_000215.jpg,harting_baseline_10e_m_s_allsides_2,bottom,frame_000215,,,unassigned,good,/home/sb/Harting_Inspection/data/raw/harting_Baseline-10E-M-s-allsides-2/harting_Baseline-10E-M-s-bottom
590809bf58628f32,/home/sb/Harting_Inspection/data/raw/harting_Baseline-10E-M-s-allsides-2/harting_Baseline-10E-M-s-bottom/frame_000216.jpg,harting_baseline_10e_m_s_allsides_2,bottom,frame_000216,,,unassigned,good,/home/sb/Harting_Inspection/data/raw/harting_Baseline-10E-M-s-allsides-2/harting_Baseline-10E-M-s-bottom
72120b8401f335dd,/home/sb/Harting_Inspection/data/raw/harting_Baseline-10E-M-s-allsides-2/harting_Baseline-10E-M-s-bottom/frame_000217.jpg,harting_baseline_10e_m_s_allsides_2,bottom,frame_000217,,,unassigned,good,/home/sb/Harting_Inspection/data/raw/harting_Baseline-10E-M-s-allsides-2/harting_Baseline-10E-M-s-bottom
b426d5ea3b82a717,/home/sb/Harting_Inspection/data/raw/harting_Baseline-10E-M-s-allsides-2/harting_Baseline-10E-M-s-bottom/frame_000218.jpg,harting_baseline_10e_m_s_allsides_2,bottom,frame_000218,,,unassigned,good,/home/sb/Harting_Inspection/data/raw/harting_Baseline-10E-M-s-allsides-2/harting_Baseline-10E-M-s-bottom
622819be9d6789bc,/home/sb/Harting_Inspection/data/raw/harting_Baseline-10E-M-s-allsides-2/harting_Baseline-10E-M-s-bottom/frame_000219.jpg,harting_baseline_10e_m_s_allsides_2,bottom,frame_000219,,,unassigned,good,/home/sb/Harting_Inspection/data/raw/harting_Baseline-10E-M-s-allsides-2/harting_Baseline-10E-M-s-bottom
30b714bf581ddbf6,/home/sb/Harting_Inspection/data/raw/harting_Baseline-10E-M-s-allsides-2/harting_Baseline-10E-M-s-bottom/frame_000220.jpg,harting_baseline_10e_m_s_allsides_2,bottom,frame_000220,,,unassigned,good,/home/sb/Harting_Inspection/data/raw/harting_Baseline-10E-M-s-allsides-2/harting_Baseline-10E-M-s-bottom
09ad712e7b62a07b,/home/sb/Harting_Inspection/data/raw/harting_Han64_EEE-M-C-allSides-2/harting_Han64_EEE-M-C-CrossSection-1/frame_000081.jpg,harting_han64_eee_m_c_allsides_2,cross_section_1,frame_000081,,,unassigned,good,/home/sb/Harting_Inspection/data/raw/harting_Han64_EEE-M-C-allSides-2/harting_Han64_EEE-M-C-CrossSection-1
e53e5a4d28294d3b,/home/sb/Harting_Inspection/data/raw/harting_Han64_EEE-M-C-allSides-2/harting_Han64_EEE-M-C-CrossSection-1/frame_000082.jpg,harting_han64_eee_m_c_allsides_2,cross_section_1,frame_000082,,,unassigned,good,/home/sb/Harting_Inspection/data/raw/harting_Han64_EEE-M-C-allSides-2/harting_Han64_EEE-M-C-CrossSection-1
63c14f69d3236268,/home/sb/Harting_Inspection/data/raw/harting_Han64_EEE-M-C-allSides-2/harting_Han64_EEE-M-C-CrossSection-1/frame_000083.jpg,harting_han64_eee_m_c_allsides_2,cross_section_1,frame_000083,,,unassigned,good,/home/sb/Harting_Inspection/data/raw/harting_Han64_EEE-M-C-allSides-2/harting_Han64_EEE-M-C-CrossSection-1
6ead04f01b3d0f0a,/home/sb/Harting_Inspection/data/raw/harting_Han64_EEE-M-C-allSides-2/harting_Han64_EEE-M-C-CrossSection-1/frame_000084.jpg,harting_han64_eee_m_c_allsides_2,cross_section_1,frame_000084,,,unassigned,good,/home/sb/Harting_Inspection/data/raw/harting_Han64_EEE-M-C-allSides-2/harting_Han64_EEE-M-C-CrossSection-1
4ad11be42e9c24f1,/home/sb/Harting_Inspection/data/raw/harting_Han64_EEE-M-C-allSides-2/harting_Han64_EEE-M-C-CrossSection-1/frame_000085.jpg,harting_han64_eee_m_c_allsides_2,cross_section_1,frame_000085,,,unassigned,good,/home/sb/Harting_Inspection/data/raw/harting_Han64_EEE-M-C-allSides-2/harting_Han64_EEE-M-C-CrossSection-1
8a789407818fbba2,/home/sb/Harting_Inspection/data/raw/harting_Han64_EEE-M-C-allSides-2/harting_Han64_EEE-M-C-CrossSection-1/frame_000086.jpg,harting_han64_eee_m_c_allsides_2,cross_section_1,frame_000086,,,unassigned,good,/home/sb/Harting_Inspection/data/raw/harting_Han64_EEE-M-C-allSides-2/harting_Han64_EEE-M-C-CrossSection-1
4f398b5d7878b2a9,/home/sb/Harting_Inspection/data/raw/harting_Han64_EEE-M-C-allSides-2/harting_Han64_EEE-M-C-CrossSection-1/frame_000087.jpg,harting_han64_eee_m_c_allsides_2,cross_section_1,frame_000087,,,unassigned,good,/home/sb/Harting_Inspection/data/raw/harting_Han64_EEE-M-C-allSides-2/harting_Han64_EEE-M-C-CrossSection-1
a24a71adb7d52dcd,/home/sb/Harting_Inspection/data/raw/harting_Han64_EEE-M-C-allSides-2/harting_Han64_EEE-M-C-CrossSection-1/frame_000088.jpg,harting_han64_eee_m_c_allsides_2,cross_section_1,frame_000088,,,unassigned,good,/home/sb/Harting_Inspection/data/raw/harting_Han64_EEE-M-C-allSides-2/harting_Han64_EEE-M-C-CrossSection-1
f7b5925896eb4a8e,/home/sb/Harting_Inspection/data/raw/harting_Han64_EEE-M-C-allSides-2/harting_Han64_EEE-M-C-CrossSection-1/frame_000089.jpg,harting_han64_eee_m_c_allsides_2,cross_section_1,frame_000089,,,unassigned,good,/home/sb/Harting_Inspection/data/raw/harting_Han64_EEE-M-C-allSides-2/harting_Han64_EEE-M-C-CrossSection-1
dfd25ae5ee265999,/home/sb/Harting_Inspection/data/raw/harting_Han64_EEE-M-C-allSides-2/harting_Han64_EEE-M-C-CrossSection-1/frame_000090.jpg,harting_han64_eee_m_c_allsides_2,cross_section_1,frame_000090,,,unassigned,good,/home/sb/Harting_Inspection/data/raw/harting_Han64_EEE-M-C-allSides-2/harting_Han64_EEE-M-C-CrossSection-1
8ca645d0a14fff13,/home/sb/Harting_Inspection/data/raw/harting_Han64_EEE-M-C-allSides-2/harting_Han64_EEE-M-C-CrossSection-1/frame_000091.jpg,harting_han64_eee_m_c_allsides_2,cross_section_1,frame_000091,,,unassigned,good,/home/sb/Harting_Inspection/data/raw/harting_Han64_EEE-M-C-allSides-2/harting_Han64_EEE-M-C-CrossSection-1
4ed2dbf2f070be0e,/home/sb/Harting_Inspection/data/raw/harting_Han64_EEE-M-C-allSides-2/harting_Han64_EEE-M-C-CrossSection-1/frame_000092.jpg,harting_han64_eee_m_c_allsides_2,cross_section_1,frame_000092,,,unassigned,good,/home/sb/Harting_Inspection/data/raw/harting_Han64_EEE-M-C-allSides-2/harting_Han64_EEE-M-C-CrossSection-1
4b2d669d94febf1c,/home/sb/Harting_Inspection/data/raw/harting_Han64_EEE-M-C-allSides-2/harting_Han64_EEE-M-C-CrossSection-1/frame_000093.jpg,harting_han64_eee_m_c_allsides_2,cross_section_1,frame_000093,,,unassigned,good,/home/sb/Harting_Inspection/data/raw/harting_Han64_EEE-M-C-allSides-2/harting_Han64_EEE-M-C-CrossSection-1
f564a50784a4273b,/home/sb/Harting_Inspection/data/raw/harting_Han64_EEE-M-C-allSides-2/harting_Han64_EEE-M-C-CrossSection-1/frame_000094.jpg,harting_han64_eee_m_c_allsides_2,cross_section_1,frame_000094,,,unassigned,good,/home/sb/Harting_Inspection/data/raw/harting_Han64_EEE-M-C-allSides-2/harting_Han64_EEE-M-C-CrossSection-1
e4941174749e6371,/home/sb/Harting_Inspection/data/raw/harting_Han64_EEE-M-C-allSides-2/harting_Han64_EEE-M-C-CrossSection-1/frame_000095.jpg,harting_han64_eee_m_c_allsides_2,cross_section_1,frame_000095,,,unassigned,good,/home/sb/Harting_Inspection/data/raw/harting_Han64_EEE-M-C-allSides-2/harting_Han64_EEE-M-C-CrossSection-1
ce7dd1b20a1a1552,/home/sb/Harting_Inspection/data/raw/harting_Han64_EEE-M-C-allSides-2/harting_Han64_EEE-M-C-CrossSection-1/frame_000096.jpg,harting_han64_eee_m_c_allsides_2,cross_section_1,frame_000096,,,unassigned,good,/home/sb/Harting_Inspection/data/raw/harting_Han64_EEE-M-C-allSides-2/harting_Han64_EEE-M-C-CrossSection-1
88c338964629d57d,/home/sb/Harting_Inspection/data/raw/harting_Han64_EEE-M-C-allSides-2/harting_Han64_EEE-M-C-CrossSection-1/frame_000097.jpg,harting_han64_eee_m_c_allsides_2,cross_section_1,frame_000097,,,unassigned,good,/home/sb/Harting_Inspection/data/raw/harting_Han64_EEE-M-C-allSides-2/harting_Han64_EEE-M-C-CrossSection-1
7e2e9e3088ecd155,/home/sb/Harting_Inspection/data/raw/harting_Han64_EEE-M-C-allSides-2/harting_Han64_EEE-M-C-CrossSection-1/frame_000098.jpg,harting_han64_eee_m_c_allsides_2,cross_section_1,frame_000098,,,unassigned,good,/home/sb/Harting_Inspection/data/raw/harting_Han64_EEE-M-C-allSides-2/harting_Han64_EEE-M-C-CrossSection-1
21df38191adb6c90,/home/sb/Harting_Inspection/data/raw/harting_Han64_EEE-M-C-allSides-2/harting_Han64_EEE-M-C-CrossSection-1/frame_000099.jpg,harting_han64_eee_m_c_allsides_2,cross_section_1,frame_000099,,,unassigned,good,/home/sb/Harting_Inspection/data/raw/harting_Han64_EEE-M-C-allSides-2/harting_Han64_EEE-M-C-CrossSection-1
0260e0d30d4a91c2,/home/sb/Harting_Inspection/data/raw/harting_Han64_EEE-M-C-allSides-2/harting_Han64_EEE-M-C-CrossSection-1/frame_000100.jpg,harting_han64_eee_m_c_allsides_2,cross_section_1,frame_000100,,,unassigned,good,/home/sb/Harting_Inspection/data/raw/harting_Han64_EEE-M-C-allSides-2/harting_Han64_EEE-M-C-CrossSection-1
d61f7f12feab5210,/home/sb/Harting_Inspection/data/raw/harting_Han64_EEE-M-C-allSides-2/harting_Han64_EEE-M-C-CrossSection-1/frame_000101.jpg,harting_han64_eee_m_c_allsides_2,cross_section_1,frame_000101,,,unassigned,good,/home/sb/Harting_Inspection/data/raw/harting_Han64_EEE-M-C-allSides-2/harting_Han64_EEE-M-C-CrossSection-1
0e8a29c5adc2bcae,/home/sb/Harting_Inspection/data/raw/harting_Han64_EEE-M-C-allSides-2/harting_Han64_EEE-M-C-CrossSection-1/frame_000102.jpg,harting_han64_eee_m_c_allsides_2,cross_section_1,frame_000102,,,unassigned,good,/home/sb/Harting_Inspection/data/raw/harting_Han64_EEE-M-C-allSides-2/harting_Han64_EEE-M-C-CrossSection-1
7f657ad14eb81a38,/home/sb/Harting_Inspection/data/raw/harting_Han64_EEE-M-C-allSides-2/harting_Han64_EEE-M-C-CrossSection-1/frame_000103.jpg,harting_han64_eee_m_c_allsides_2,cross_section_1,frame_000103,,,unassigned,good,/home/sb/Harting_Inspection/data/raw/harting_Han64_EEE-M-C-allSides-2/harting_Han64_EEE-M-C-CrossSection-1
1670df5c3e49ee5c,/home/sb/Harting_Inspection/data/raw/harting_Han64_EEE-M-C-allSides-2/harting_Han64_EEE-M-C-CrossSection-1/frame_000104.jpg,harting_han64_eee_m_c_allsides_2,cross_section_1,frame_000104,,,unassigned,good,/home/sb/Harting_Inspection/data/raw/harting_Han64_EEE-M-C-allSides-2/harting_Han64_EEE-M-C-CrossSection-1
2f608cae824ec131,/home/sb/Harting_Inspection/data/raw/harting_Han64_EEE-M-C-allSides-2/harting_Han64_EEE-M-C-CrossSection-1/frame_000105.jpg,harting_han64_eee_m_c_allsides_2,cross_section_1,frame_000105,,,unassigned,good,/home/sb/Harting_Inspection/data/raw/harting_Han64_EEE-M-C-allSides-2/harting_Han64_EEE-M-C-CrossSection-1
fbd13cbb80c54440,/home/sb/Harting_Inspection/data/raw/harting_Han64_EEE-M-C-allSides-2/harting_Han64_EEE-M-C-CrossSection-1/frame_000106.jpg,harting_han64_eee_m_c_allsides_2,cross_section_1,frame_000106,,,unassigned,good,/home/sb/Harting_Inspection/data/raw/harting_Han64_EEE-M-C-allSides-2/harting_Han64_EEE-M-C-CrossSection-1
d9b41baab09561be,/home/sb/Harting_Inspection/data/raw/harting_Han64_EEE-M-C-allSides-2/harting_Han64_EEE-M-C-CrossSection-1/frame_000107.jpg,harting_han64_eee_m_c_allsides_2,cross_section_1,frame_000107,,,unassigned,good,/home/sb/Harting_Inspection/data/raw/harting_Han64_EEE-M-C-allSides-2/harting_Han64_EEE-M-C-CrossSection-1
d50adceb01cb976e,/home/sb/Harting_Inspection/data/raw/harting_Han64_EEE-M-C-allSides-2/harting_Han64_EEE-M-C-CrossSection-1/frame_000108.jpg,harting_han64_eee_m_c_allsides_2,cross_section_1,frame_000108,,,unassigned,good,/home/sb/Harting_Inspection/data/raw/harting_Han64_EEE-M-C-allSides-2/harting_Han64_EEE-M-C-CrossSection-1
0a2f24a3bfda6a95,/home/sb/Harting_Inspection/data/raw/harting_Han64_EEE-M-C-allSides-2/harting_Han64_EEE-M-C-CrossSection-1/frame_000109.jpg,harting_han64_eee_m_c_allsides_2,cross_section_1,frame_000109,,,unassigned,good,/home/sb/Harting_Inspection/data/raw/harting_Han64_EEE-M-C-allSides-2/harting_Han64_EEE-M-C-CrossSection-1
a7f6fe52ce3cac47,/home/sb/Harting_Inspection/data/raw/harting_Han64_EEE-M-C-allSides-2/harting_Han64_EEE-M-C-CrossSection-1/frame_000110.jpg,harting_han64_eee_m_c_allsides_2,cross_section_1,frame_000110,,,unassigned,good,/home/sb/Harting_Inspection/data/raw/harting_Han64_EEE-M-C-allSides-2/harting_Han64_EEE-M-C-CrossSection-1
f096b29023077e41,/home/sb/Harting_Inspection/data/raw/harting_Han64_EEE-M-C-allSides-2/harting_Han64_EEE-M-C-CrossSection-1/frame_000111.jpg,harting_han64_eee_m_c_allsides_2,cross_section_1,frame_000111,,,unassigned,good,/home/sb/Harting_Inspection/data/raw/harting_Han64_EEE-M-C-allSides-2/harting_Han64_EEE-M-C-CrossSection-1
bc3bc88f5f00cefb,/home/sb/Harting_Inspection/data/raw/harting_Han64_EEE-M-C-allSides-2/harting_Han64_EEE-M-C-CrossSection-1/frame_000112.jpg,harting_han64_eee_m_c_allsides_2,cross_section_1,frame_000112,,,unassigned,good,/home/sb/Harting_Inspection/data/raw/harting_Han64_EEE-M-C-allSides-2/harting_Han64_EEE-M-C-CrossSection-1
f9f58aa3a78bde62,/home/sb/Harting_Inspection/data/raw/harting_Han64_EEE-M-C-allSides-2/harting_Han64_EEE-M-C-CrossSection-1/frame_000113.jpg,harting_han64_eee_m_c_allsides_2,cross_section_1,frame_000113,,,unassigned,good,/home/sb/Harting_Inspection/data/raw/harting_Han64_EEE-M-C-allSides-2/harting_Han64_EEE-M-C-CrossSection-1
10f4d6db87d4e125,/home/sb/Harting_Inspection/data/raw/harting_Han64_EEE-M-C-allSides-2/harting_Han64_EEE-M-C-CrossSection-1/frame_000114.jpg,harting_han64_eee_m_c_allsides_2,cross_section_1,frame_000114,,,unassigned,good,/home/sb/Harting_Inspection/data/raw/harting_Han64_EEE-M-C-allSides-2/harting_Han64_EEE-M-C-CrossSection-1
767eae93836517c0,/home/sb/Harting_Inspection/data/raw/harting_Han64_EEE-M-C-allSides-2/harting_Han64_EEE-M-C-CrossSection-1/frame_000115.jpg,harting_han64_eee_m_c_allsides_2,cross_section_1,frame_000115,,,unassigned,good,/home/sb/Harting_Inspection/data/raw/harting_Han64_EEE-M-C-allSides-2/harting_Han64_EEE-M-C-CrossSection-1
b663642900acebb8,/home/sb/Harting_Inspection/data/raw/harting_Han64_EEE-M-C-allSides-2/harting_Han64_EEE-M-C-CrossSection-1/frame_000116.jpg,harting_han64_eee_m_c_allsides_2,cross_section_1,frame_000116,,,unassigned,good,/home/sb/Harting_Inspection/data/raw/harting_Han64_EEE-M-C-allSides-2/harting_Han64_EEE-M-C-CrossSection-1
e4d91ef73e3a52b7,/home/sb/Harting_Inspection/data/raw/harting_Han64_EEE-M-C-allSides-2/harting_Han64_EEE-M-C-CrossSection-1/frame_000117.jpg,harting_han64_eee_m_c_allsides_2,cross_section_1,frame_000117,,,unassigned,good,/home/sb/Harting_Inspection/data/raw/harting_Han64_EEE-M-C-allSides-2/harting_Han64_EEE-M-C-CrossSection-1
35714719d246c274,/home/sb/Harting_Inspection/data/raw/harting_Han64_EEE-M-C-allSides-2/harting_Han64_EEE-M-C-CrossSection-1/frame_000118.jpg,harting_han64_eee_m_c_allsides_2,cross_section_1,frame_000118,,,unassigned,good,/home/sb/Harting_Inspection/data/raw/harting_Han64_EEE-M-C-allSides-2/harting_Han64_EEE-M-C-CrossSection-1
6fa0254dbd64c639,/home/sb/Harting_Inspection/data/raw/harting_Han64_EEE-M-C-allSides-2/harting_Han64_EEE-M-C-CrossSection-1/frame_000119.jpg,harting_han64_eee_m_c_allsides_2,cross_section_1,frame_000119,,,unassigned,good,/home/sb/Harting_Inspection/data/raw/harting_Han64_EEE-M-C-allSides-2/harting_Han64_EEE-M-C-CrossSection-1
30acc2da4fbdc57f,/home/sb/Harting_Inspection/data/raw/harting_Han64_EEE-M-C-allSides-2/harting_Han64_EEE-M-C-CrossSection-1/frame_000120.jpg,harting_han64_eee_m_c_allsides_2,cross_section_1,frame_000120,,,unassigned,good,/home/sb/Harting_Inspection/data/raw/harting_Han64_EEE-M-C-allSides-2/harting_Han64_EEE-M-C-CrossSection-1
bbe3f5e3c7a77c7e,/home/sb/Harting_Inspection/data/raw/harting_Han64_EEE-M-C-allSides-2/harting_Han64_EEE-M-C-CrossSection-1/frame_000121.jpg,harting_han64_eee_m_c_allsides_2,cross_section_1,frame_000121,,,unassigned,good,/home/sb/Harting_Inspection/data/raw/harting_Han64_EEE-M-C-allSides-2/harting_Han64_EEE-M-C-CrossSection-1
f755568fbf263add,/home/sb/Harting_Inspection/data/raw/harting_Han64_EEE-M-C-allSides-2/harting_Han64_EEE-M-C-CrossSection-1/frame_000122.jpg,harting_han64_eee_m_c_allsides_2,cross_section_1,frame_000122,,,unassigned,good,/home/sb/Harting_Inspection/data/raw/harting_Han64_EEE-M-C-allSides-2/harting_Han64_EEE-M-C-CrossSection-1
01945be190fd533e,/home/sb/Harting_Inspection/data/raw/harting_Han64_EEE-M-C-allSides-2/harting_Han64_EEE-M-C-CrossSection-1/frame_000123.jpg,harting_han64_eee_m_c_allsides_2,cross_section_1,frame_000123,,,unassigned,good,/home/sb/Harting_Inspection/data/raw/harting_Han64_EEE-M-C-allSides-2/harting_Han64_EEE-M-C-CrossSection-1
9692b04035e0e3cb,/home/sb/Harting_Inspection/data/raw/harting_Han64_EEE-M-C-allSides-2/harting_Han64_EEE-M-C-CrossSection-1/frame_000124.jpg,harting_han64_eee_m_c_allsides_2,cross_section_1,frame_000124,,,unassigned,good,/home/sb/Harting_Inspection/data/raw/harting_Han64_EEE-M-C-allSides-2/harting_Han64_EEE-M-C-CrossSection-1
7a13b0aaebc7e230,/home/sb/Harting_Inspection/data/raw/harting_Han64_EEE-M-C-allSides-2/harting_Han64_EEE-M-C-CrossSection-1/frame_000125.jpg,harting_han64_eee_m_c_allsides_2,cross_section_1,frame_000125,,,unassigned,good,/home/sb/Harting_Inspection/data/raw/harting_Han64_EEE-M-C-allSides-2/harting_Han64_EEE-M-C-CrossSection-1
f94f1dd21e46c725,/home/sb/Harting_Inspection/data/raw/harting_Han64_EEE-M-C-allSides-2/harting_Han64_EEE-M-C-CrossSection-1/frame_000126.jpg,harting_han64_eee_m_c_allsides_2,cross_section_1,frame_000126,,,unassigned,good,/home/sb/Harting_Inspection/data/raw/harting_Han64_EEE-M-C-allSides-2/harting_Han64_EEE-M-C-CrossSection-1
cf616c67502e0723,/home/sb/Harting_Inspection/data/raw/harting_Han64_EEE-M-C-allSides-2/harting_Han64_EEE-M-C-CrossSection-1/frame_000127.jpg,harting_han64_eee_m_c_allsides_2,cross_section_1,frame_000127,,,unassigned,good,/home/sb/Harting_Inspection/data/raw/harting_Han64_EEE-M-C-allSides-2/harting_Han64_EEE-M-C-CrossSection-1
827bbf78afa45815,/home/sb/Harting_Inspection/data/raw/harting_Han64_EEE-M-C-allSides-2/harting_Han64_EEE-M-C-CrossSection-1/frame_000128.jpg,harting_han64_eee_m_c_allsides_2,cross_section_1,frame_000128,,,unassigned,good,/home/sb/Harting_Inspection/data/raw/harting_Han64_EEE-M-C-allSides-2/harting_Han64_EEE-M-C-CrossSection-1
fd3beb738070528e,/home/sb/Harting_Inspection/data/raw/harting_Han64_EEE-M-C-allSides-2/harting_Han64_EEE-M-C-CrossSection-1/frame_000129.jpg,harting_han64_eee_m_c_allsides_2,cross_section_1,frame_000129,,,unassigned,good,/home/sb/Harting_Inspection/data/raw/harting_Han64_EEE-M-C-allSides-2/harting_Han64_EEE-M-C-CrossSection-1
b1318ab12ed04962,/home/sb/Harting_Inspection/data/raw/harting_Han64_EEE-M-C-allSides-2/harting_Han64_EEE-M-C-CrossSection-1/frame_000130.jpg,harting_han64_eee_m_c_allsides_2,cross_section_1,frame_000130,,,unassigned,good,/home/sb/Harting_Inspection/data/raw/harting_Han64_EEE-M-C-allSides-2/harting_Han64_EEE-M-C-CrossSection-1
3875c8029d89b9c2,/home/sb/Harting_Inspection/data/raw/harting_Han64_EEE-M-C-allSides-2/harting_Han64_EEE-M-C-CrossSection-1/frame_000131.jpg,harting_han64_eee_m_c_allsides_2,cross_section_1,frame_000131,,,unassigned,good,/home/sb/Harting_Inspection/data/raw/harting_Han64_EEE-M-C-allSides-2/harting_Han64_EEE-M-C-CrossSection-1
d5e063445146fee3,/home/sb/Harting_Inspection/data/raw/harting_Han64_EEE-M-C-allSides-2/harting_Han64_EEE-M-C-CrossSection-1/frame_000132.jpg,harting_han64_eee_m_c_allsides_2,cross_section_1,frame_000132,,,unassigned,good,/home/sb/Harting_Inspection/data/raw/harting_Han64_EEE-M-C-allSides-2/harting_Han64_EEE-M-C-CrossSection-1
936b3af1dbddde67,/home/sb/Harting_Inspection/data/raw/harting_Han64_EEE-M-C-allSides-2/harting_Han64_EEE-M-C-CrossSection-1/frame_000133.jpg,harting_han64_eee_m_c_allsides_2,cross_section_1,frame_000133,,,unassigned,good,/home/sb/Harting_Inspection/data/raw/harting_Han64_EEE-M-C-allSides-2/harting_Han64_EEE-M-C-CrossSection-1
b4f4749d45a5211f,/home/sb/Harting_Inspection/data/raw/harting_Han64_EEE-M-C-allSides-2/harting_Han64_EEE-M-C-CrossSection-1/frame_000134.jpg,harting_han64_eee_m_c_allsides_2,cross_section_1,frame_000134,,,unassigned,good,/home/sb/Harting_Inspection/data/raw/harting_Han64_EEE-M-C-allSides-2/harting_Han64_EEE-M-C-CrossSection-1
cff73821fbc4d682,/home/sb/Harting_Inspection/data/raw/harting_Han64_EEE-M-C-allSides-2/harting_Han64_EEE-M-C-CrossSection-1/frame_000135.jpg,harting_han64_eee_m_c_allsides_2,cross_section_1,frame_000135,,,unassigned,good,/home/sb/Harting_Inspection/data/raw/harting_Han64_EEE-M-C-allSides-2/harting_Han64_EEE-M-C-CrossSection-1
c54a93da5ae77338,/home/sb/Harting_Inspection/data/raw/harting_Han64_EEE-M-C-allSides-2/harting_Han64_EEE-M-C-CrossSection-1/frame_000136.jpg,harting_han64_eee_m_c_allsides_2,cross_section_1,frame_000136,,,unassigned,good,/home/sb/Harting_Inspection/data/raw/harting_Han64_EEE-M-C-allSides-2/harting_Han64_EEE-M-C-CrossSection-1
dc997ec79b2c2c16,/home/sb/Harting_Inspection/data/raw/harting_Han64_EEE-M-C-allSides-2/harting_Han64_EEE-M-C-CrossSection-1/frame_000137.jpg,harting_han64_eee_m_c_allsides_2,cross_section_1,frame_000137,,,unassigned,good,/home/sb/Harting_Inspection/data/raw/harting_Han64_EEE-M-C-allSides-2/harting_Han64_EEE-M-C-CrossSection-1
e1de53a38a4d77b8,/home/sb/Harting_Inspection/data/raw/harting_Han64_EEE-M-C-allSides-2/harting_Han64_EEE-M-C-CrossSection-1/frame_000138.jpg,harting_han64_eee_m_c_allsides_2,cross_section_1,frame_000138,,,unassigned,good,/home/sb/Harting_Inspection/data/raw/harting_Han64_EEE-M-C-allSides-2/harting_Han64_EEE-M-C-CrossSection-1
3b824e1b9ef7c9ef,/home/sb/Harting_Inspection/data/raw/harting_Han64_EEE-M-C-allSides-2/harting_Han64_EEE-M-C-CrossSection-1/frame_000139.jpg,harting_han64_eee_m_c_allsides_2,cross_section_1,frame_000139,,,unassigned,good,/home/sb/Harting_Inspection/data/raw/harting_Han64_EEE-M-C-allSides-2/harting_Han64_EEE-M-C-CrossSection-1
cc82e10474832927,/home/sb/Harting_Inspection/data/raw/harting_Han64_EEE-M-C-allSides-2/harting_Han64_EEE-M-C-CrossSection-1/frame_000140.jpg,harting_han64_eee_m_c_allsides_2,cross_section_1,frame_000140,,,unassigned,good,/home/sb/Harting_Inspection/data/raw/harting_Han64_EEE-M-C-allSides-2/harting_Han64_EEE-M-C-CrossSection-1
7eb4e6acd2b98393,/home/sb/Harting_Inspection/data/raw/harting_Han64_EEE-M-C-allSides-2/harting_Han64_EEE-M-C-CrossSection-1/frame_000141.jpg,harting_han64_eee_m_c_allsides_2,cross_section_1,frame_000141,,,unassigned,good,/home/sb/Harting_Inspection/data/raw/harting_Han64_EEE-M-C-allSides-2/harting_Han64_EEE-M-C-CrossSection-1
ef781b1d5914c8d5,/home/sb/Harting_Inspection/data/raw/harting_Han64_EEE-M-C-allSides-2/harting_Han64_EEE-M-C-CrossSection-1/frame_000142.jpg,harting_han64_eee_m_c_allsides_2,cross_section_1,frame_000142,,,unassigned,good,/home/sb/Harting_Inspection/data/raw/harting_Han64_EEE-M-C-allSides-2/harting_Han64_EEE-M-C-CrossSection-1
2af30f172015ba0c,/home/sb/Harting_Inspection/data/raw/harting_Han64_EEE-M-C-allSides-2/harting_Han64_EEE-M-C-CrossSection-1/frame_000143.jpg,harting_han64_eee_m_c_allsides_2,cross_section_1,frame_000143,,,unassigned,good,/home/sb/Harting_Inspection/data/raw/harting_Han64_EEE-M-C-allSides-2/harting_Han64_EEE-M-C-CrossSection-1
16497212c564bd10,/home/sb/Harting_Inspection/data/raw/harting_Han64_EEE-M-C-allSides-2/harting_Han64_EEE-M-C-CrossSection-1/frame_000144.jpg,harting_han64_eee_m_c_allsides_2,cross_section_1,frame_000144,,,unassigned,good,/home/sb/Harting_Inspection/data/raw/harting_Han64_EEE-M-C-allSides-2/harting_Han64_EEE-M-C-CrossSection-1
be8499178a680d0b,/home/sb/Harting_Inspection/data/raw/harting_Han64_EEE-M-C-allSides-2/harting_Han64_EEE-M-C-CrossSection-1/frame_000145.jpg,harting_han64_eee_m_c_allsides_2,cross_section_1,frame_000145,,,unassigned,good,/home/sb/Harting_Inspection/data/raw/harting_Han64_EEE-M-C-allSides-2/harting_Han64_EEE-M-C-CrossSection-1
6587a9e56d2bfcf9,/home/sb/Harting_Inspection/data/raw/harting_Han64_EEE-M-C-allSides-2/harting_Han64_EEE-M-C-CrossSection-1/frame_000146.jpg,harting_han64_eee_m_c_allsides_2,cross_section_1,frame_000146,,,unassigned,good,/home/sb/Harting_Inspection/data/raw/harting_Han64_EEE-M-C-allSides-2/harting_Han64_EEE-M-C-CrossSection-1
96810fa4d0da81a0,/home/sb/Harting_Inspection/data/raw/harting_Han64_EEE-M-C-allSides-2/harting_Han64_EEE-M-C-CrossSection-1/frame_000147.jpg,harting_han64_eee_m_c_allsides_2,cross_section_1,frame_000147,,,unassigned,good,/home/sb/Harting_Inspection/data/raw/harting_Han64_EEE-M-C-allSides-2/harting_Han64_EEE-M-C-CrossSection-1
4fc88363b7ebf72a,/home/sb/Harting_Inspection/data/raw/harting_Han64_EEE-M-C-allSides-2/harting_Han64_EEE-M-C-CrossSection-1/frame_000148.jpg,harting_han64_eee_m_c_allsides_2,cross_section_1,frame_000148,,,unassigned,good,/home/sb/Harting_Inspection/data/raw/harting_Han64_EEE-M-C-allSides-2/harting_Han64_EEE-M-C-CrossSection-1
388428a0d7ede50d,/home/sb/Harting_Inspection/data/raw/harting_Han64_EEE-M-C-allSides-2/harting_Han64_EEE-M-C-CrossSection-1/frame_000149.jpg,harting_han64_eee_m_c_allsides_2,cross_section_1,frame_000149,,,unassigned,good,/home/sb/Harting_Inspection/data/raw/harting_Han64_EEE-M-C-allSides-2/harting_Han64_EEE-M-C-CrossSection-1
babcd87c1b34c2ba,/home/sb/Harting_Inspection/data/raw/harting_Han64_EEE-M-C-allSides-2/harting_Han64_EEE-M-C-CrossSection-1/frame_000150.jpg,harting_han64_eee_m_c_allsides_2,cross_section_1,frame_000150,,,unassigned,good,/home/sb/Harting_Inspection/data/raw/harting_Han64_EEE-M-C-allSides-2/harting_Han64_EEE-M-C-CrossSection-1
447b51e5d5a209e2,/home/sb/Harting_Inspection/data/raw/harting_Han64_EEE-M-C-allSides-2/harting_Han64_EEE-M-C-CrossSection-1/frame_000151.jpg,harting_han64_eee_m_c_allsides_2,cross_section_1,frame_000151,,,unassigned,good,/home/sb/Harting_Inspection/data/raw/harting_Han64_EEE-M-C-allSides-2/harting_Han64_EEE-M-C-CrossSection-1
f8d8e5a85bf6bd96,/home/sb/Harting_Inspection/data/raw/harting_Han64_EEE-M-C-allSides-2/harting_Han64_EEE-M-C-CrossSection-1/frame_000152.jpg,harting_han64_eee_m_c_allsides_2,cross_section_1,frame_000152,,,unassigned,good,/home/sb/Harting_Inspection/data/raw/harting_Han64_EEE-M-C-allSides-2/harting_Han64_EEE-M-C-CrossSection-1
c18b109cce5f5521,/home/sb/Harting_Inspection/data/raw/harting_Han64_EEE-M-C-allSides-2/harting_Han64_EEE-M-C-CrossSection-1/frame_000153.jpg,harting_han64_eee_m_c_allsides_2,cross_section_1,frame_000153,,,unassigned,good,/home/sb/Harting_Inspection/data/raw/harting_Han64_EEE-M-C-allSides-2/harting_Han64_EEE-M-C-CrossSection-1
75972100e55833ca,/home/sb/Harting_Inspection/data/raw/harting_Han64_EEE-M-C-allSides-2/harting_Han64_EEE-M-C-CrossSection-1/frame_000154.jpg,harting_han64_eee_m_c_allsides_2,cross_section_1,frame_000154,,,unassigned,good,/home/sb/Harting_Inspection/data/raw/harting_Han64_EEE-M-C-allSides-2/harting_Han64_EEE-M-C-CrossSection-1
daf6cbd27704f68f,/home/sb/Harting_Inspection/data/raw/harting_Han64_EEE-M-C-allSides-2/harting_Han64_EEE-M-C-CrossSection-1/frame_000155.jpg,harting_han64_eee_m_c_allsides_2,cross_section_1,frame_000155,,,unassigned,good,/home/sb/Harting_Inspection/data/raw/harting_Han64_EEE-M-C-allSides-2/harting_Han64_EEE-M-C-CrossSection-1
d53318195a08f744,/home/sb/Harting_Inspection/data/raw/harting_Han64_EEE-M-C-allSides-2/harting_Han64_EEE-M-C-CrossSection-1/frame_000156.jpg,harting_han64_eee_m_c_allsides_2,cross_section_1,frame_000156,,,unassigned,good,/home/sb/Harting_Inspection/data/raw/harting_Han64_EEE-M-C-allSides-2/harting_Han64_EEE-M-C-CrossSection-1
707e8bb7f1f140eb,/home/sb/Harting_Inspection/data/raw/harting_Han64_EEE-M-C-allSides-2/harting_Han64_EEE-M-C-CrossSection-1/frame_000157.jpg,harting_han64_eee_m_c_allsides_2,cross_section_1,frame_000157,,,unassigned,good,/home/sb/Harting_Inspection/data/raw/harting_Han64_EEE-M-C-allSides-2/harting_Han64_EEE-M-C-CrossSection-1
c128dc6674b13a87,/home/sb/Harting_Inspection/data/raw/harting_Han64_EEE-M-C-allSides-2/harting_Han64_EEE-M-C-CrossSection-1/frame_000158.jpg,harting_han64_eee_m_c_allsides_2,cross_section_1,frame_000158,,,unassigned,good,/home/sb/Harting_Inspection/data/raw/harting_Han64_EEE-M-C-allSides-2/harting_Han64_EEE-M-C-CrossSection-1
244a7a303142bc0d,/home/sb/Harting_Inspection/data/raw/harting_Han64_EEE-M-C-allSides-2/harting_Han64_EEE-M-C-CrossSection-1/frame_000159.jpg,harting_han64_eee_m_c_allsides_2,cross_section_1,frame_000159,,,unassigned,good,/home/sb/Harting_Inspection/data/raw/harting_Han64_EEE-M-C-allSides-2/harting_Han64_EEE-M-C-CrossSection-1
1e0434e2f1a600f5,/home/sb/Harting_Inspection/data/raw/harting_Han64_EEE-M-C-allSides-2/harting_Han64_EEE-M-C-CrossSection-1/frame_000160.jpg,harting_han64_eee_m_c_allsides_2,cross_section_1,frame_000160,,,unassigned,good,/home/sb/Harting_Inspection/data/raw/harting_Han64_EEE-M-C-allSides-2/harting_Han64_EEE-M-C-CrossSection-1
ed1cb45315d150a5,/home/sb/Harting_Inspection/data/raw/harting_Han64_EEE-M-C-allSides-2/harting_Han64_EEE-M-C-CrossSection-1/frame_000161.jpg,harting_han64_eee_m_c_allsides_2,cross_section_1,frame_000161,,,unassigned,good,/home/sb/Harting_Inspection/data/raw/harting_Han64_EEE-M-C-allSides-2/harting_Han64_EEE-M-C-CrossSection-1
02035d9e8db98236,/home/sb/Harting_Inspection/data/raw/harting_Han64_EEE-M-C-allSides-2/harting_Han64_EEE-M-C-CrossSection-1/frame_000162.jpg,harting_han64_eee_m_c_allsides_2,cross_section_1,frame_000162,,,unassigned,good,/home/sb/Harting_Inspection/data/raw/harting_Han64_EEE-M-C-allSides-2/harting_Han64_EEE-M-C-CrossSection-1
531cd11d0ee1a829,/home/sb/Harting_Inspection/data/raw/harting_Han64_EEE-M-C-allSides-2/harting_Han64_EEE-M-C-CrossSection-1/frame_000163.jpg,harting_han64_eee_m_c_allsides_2,cross_section_1,frame_000163,,,unassigned,good,/home/sb/Harting_Inspection/data/raw/harting_Han64_EEE-M-C-allSides-2/harting_Han64_EEE-M-C-CrossSection-1
89456a663bed6aba,/home/sb/Harting_Inspection/data/raw/harting_Han64_EEE-M-C-allSides-2/harting_Han64_EEE-M-C-CrossSection-1/frame_000164.jpg,harting_han64_eee_m_c_allsides_2,cross_section_1,frame_000164,,,unassigned,good,/home/sb/Harting_Inspection/data/raw/harting_Han64_EEE-M-C-allSides-2/harting_Han64_EEE-M-C-CrossSection-1
aa4e0e5a1d1dc6e1,/home/sb/Harting_Inspection/data/raw/harting_Han64_EEE-M-C-allSides-2/harting_Han64_EEE-M-C-CrossSection-1/frame_000165.jpg,harting_han64_eee_m_c_allsides_2,cross_section_1,frame_000165,,,unassigned,good,/home/sb/Harting_Inspection/data/raw/harting_Han64_EEE-M-C-allSides-2/harting_Han64_EEE-M-C-CrossSection-1
ad0e70438ec0d046,/home/sb/Harting_Inspection/data/raw/harting_Han64_EEE-M-C-allSides-2/harting_Han64_EEE-M-C-CrossSection-1/frame_000166.jpg,harting_han64_eee_m_c_allsides_2,cross_section_1,frame_000166,,,unassigned,good,/home/sb/Harting_Inspection/data/raw/harting_Han64_EEE-M-C-allSides-2/harting_Han64_EEE-M-C-CrossSection-1
5a1752fc2a96f415,/home/sb/Harting_Inspection/data/raw/harting_Han64_EEE-M-C-allSides-2/harting_Han64_EEE-M-C-CrossSection-1/frame_000167.jpg,harting_han64_eee_m_c_allsides_2,cross_section_1,frame_000167,,,unassigned,good,/home/sb/Harting_Inspection/data/raw/harting_Han64_EEE-M-C-allSides-2/harting_Han64_EEE-M-C-CrossSection-1
dca4a42119941044,/home/sb/Harting_Inspection/data/raw/harting_Han64_EEE-M-C-allSides-2/harting_Han64_EEE-M-C-CrossSection-1/frame_000168.jpg,harting_han64_eee_m_c_allsides_2,cross_section_1,frame_000168,,,unassigned,good,/home/sb/Harting_Inspection/data/raw/harting_Han64_EEE-M-C-allSides-2/harting_Han64_EEE-M-C-CrossSection-1
9c79737b2f0a9879,/home/sb/Harting_Inspection/data/raw/harting_Han64_EEE-M-C-allSides-2/harting_Han64_EEE-M-C-CrossSection-1/frame_000169.jpg,harting_han64_eee_m_c_allsides_2,cross_section_1,frame_000169,,,unassigned,good,/home/sb/Harting_Inspection/data/raw/harting_Han64_EEE-M-C-allSides-2/harting_Han64_EEE-M-C-CrossSection-1
040634cc368ca872,/home/sb/Harting_Inspection/data/raw/harting_Han64_EEE-M-C-allSides-2/harting_Han64_EEE-M-C-CrossSection-1/frame_000170.jpg,harting_han64_eee_m_c_allsides_2,cross_section_1,frame_000170,,,unassigned,good,/home/sb/Harting_Inspection/data/raw/harting_Han64_EEE-M-C-allSides-2/harting_Han64_EEE-M-C-CrossSection-1
555f4f895ad9930f,/home/sb/Harting_Inspection/data/raw/harting_Han64_EEE-M-C-allSides-2/harting_Han64_EEE-M-C-CrossSection-1/frame_000171.jpg,harting_han64_eee_m_c_allsides_2,cross_section_1,frame_000171,,,unassigned,good,/home/sb/Harting_Inspection/data/raw/harting_Han64_EEE-M-C-allSides-2/harting_Han64_EEE-M-C-CrossSection-1
221e873072e2bbc3,/home/sb/Harting_Inspection/data/raw/harting_Han64_EEE-M-C-allSides-2/harting_Han64_EEE-M-C-CrossSection-1/frame_000172.jpg,harting_han64_eee_m_c_allsides_2,cross_section_1,frame_000172,,,unassigned,good,/home/sb/Harting_Inspection/data/raw/harting_Han64_EEE-M-C-allSides-2/harting_Han64_EEE-M-C-CrossSection-1
ee658d7f26c5b154,/home/sb/Harting_Inspection/data/raw/harting_Han64_EEE-M-C-allSides-2/harting_Han64_EEE-M-C-CrossSection-1/frame_000173.jpg,harting_han64_eee_m_c_allsides_2,cross_section_1,frame_000173,,,unassigned,good,/home/sb/Harting_Inspection/data/raw/harting_Han64_EEE-M-C-allSides-2/harting_Han64_EEE-M-C-CrossSection-1
aacb749e466fde08,/home/sb/Harting_Inspection/data/raw/harting_Han64_EEE-M-C-allSides-2/harting_Han64_EEE-M-C-CrossSection-1/frame_000174.jpg,harting_han64_eee_m_c_allsides_2,cross_section_1,frame_000174,,,unassigned,good,/home/sb/Harting_Inspection/data/raw/harting_Han64_EEE-M-C-allSides-2/harting_Han64_EEE-M-C-CrossSection-1
093f173dfa42971f,/home/sb/Harting_Inspection/data/raw/harting_Han64_EEE-M-C-allSides-2/harting_Han64_EEE-M-C-CrossSection-1/frame_000175.jpg,harting_han64_eee_m_c_allsides_2,cross_section_1,frame_000175,,,unassigned,good,/home/sb/Harting_Inspection/data/raw/harting_Han64_EEE-M-C-allSides-2/harting_Han64_EEE-M-C-CrossSection-1
f165b7d23cedf215,/home/sb/Harting_Inspection/data/raw/harting_Han64_EEE-M-C-allSides-2/harting_Han64_EEE-M-C-CrossSection-1/frame_000176.jpg,harting_han64_eee_m_c_allsides_2,cross_section_1,frame_000176,,,unassigned,good,/home/sb/Harting_Inspection/data/raw/harting_Han64_EEE-M-C-allSides-2/harting_Han64_EEE-M-C-CrossSection-1
283edc8d10d6286d,/home/sb/Harting_Inspection/data/raw/harting_Han64_EEE-M-C-allSides-2/harting_Han64_EEE-M-C-CrossSection-1/frame_000177.jpg,harting_han64_eee_m_c_allsides_2,cross_section_1,frame_000177,,,unassigned,good,/home/sb/Harting_Inspection/data/raw/harting_Han64_EEE-M-C-allSides-2/harting_Han64_EEE-M-C-CrossSection-1
978b42c42611b31c,/home/sb/Harting_Inspection/data/raw/harting_Han64_EEE-M-C-allSides-2/harting_Han64_EEE-M-C-CrossSection-1/frame_000178.jpg,harting_han64_eee_m_c_allsides_2,cross_section_1,frame_000178,,,unassigned,good,/home/sb/Harting_Inspection/data/raw/harting_Han64_EEE-M-C-allSides-2/harting_Han64_EEE-M-C-CrossSection-1
f8203a41f5fca394,/home/sb/Harting_Inspection/data/raw/harting_Han64_EEE-M-C-allSides-2/harting_Han64_EEE-M-C-CrossSection-1/frame_000179.jpg,harting_han64_eee_m_c_allsides_2,cross_section_1,frame_000179,,,unassigned,good,/home/sb/Harting_Inspection/data/raw/harting_Han64_EEE-M-C-allSides-2/harting_Han64_EEE-M-C-CrossSection-1
0e025627f6271f62,/home/sb/Harting_Inspection/data/raw/harting_Han64_EEE-M-C-allSides-2/harting_Han64_EEE-M-C-CrossSection-1/frame_000180.jpg,harting_han64_eee_m_c_allsides_2,cross_section_1,frame_000180,,,unassigned,good,/home/sb/Harting_Inspection/data/raw/harting_Han64_EEE-M-C-allSides-2/harting_Han64_EEE-M-C-CrossSection-1
08b6bc516d14e956,/home/sb/Harting_Inspection/data/raw/harting_Han64_EEE-M-C-allSides-2/harting_Han64_EEE-M-C-CrossSection-1/frame_000181.jpg,harting_han64_eee_m_c_allsides_2,cross_section_1,frame_000181,,,unassigned,good,/home/sb/Harting_Inspection/data/raw/harting_Han64_EEE-M-C-allSides-2/harting_Han64_EEE-M-C-CrossSection-1
d02b607ad5bdc09e,/home/sb/Harting_Inspection/data/raw/harting_Han64_EEE-M-C-allSides-2/harting_Han64_EEE-M-C-CrossSection-1/frame_000182.jpg,harting_han64_eee_m_c_allsides_2,cross_section_1,frame_000182,,,unassigned,good,/home/sb/Harting_Inspection/data/raw/harting_Han64_EEE-M-C-allSides-2/harting_Han64_EEE-M-C-CrossSection-1
0ce2642403729ca6,/home/sb/Harting_Inspection/data/raw/harting_Han64_EEE-M-C-allSides-2/harting_Han64_EEE-M-C-CrossSection-1/frame_000183.jpg,harting_han64_eee_m_c_allsides_2,cross_section_1,frame_000183,,,unassigned,good,/home/sb/Harting_Inspection/data/raw/harting_Han64_EEE-M-C-allSides-2/harting_Han64_EEE-M-C-CrossSection-1
f045ef0fad0cd91f,/home/sb/Harting_Inspection/data/raw/harting_Han64_EEE-M-C-allSides-2/harting_Han64_EEE-M-C-CrossSection-1/frame_000184.jpg,harting_han64_eee_m_c_allsides_2,cross_section_1,frame_000184,,,unassigned,good,/home/sb/Harting_Inspection/data/raw/harting_Han64_EEE-M-C-allSides-2/harting_Han64_EEE-M-C-CrossSection-1
f949b2cf91256f93,/home/sb/Harting_Inspection/data/raw/harting_Han64_EEE-M-C-allSides-2/harting_Han64_EEE-M-C-CrossSection-1/frame_000185.jpg,harting_han64_eee_m_c_allsides_2,cross_section_1,frame_000185,,,unassigned,good,/home/sb/Harting_Inspection/data/raw/harting_Han64_EEE-M-C-allSides-2/harting_Han64_EEE-M-C-CrossSection-1
fc105d6acd59fa64,/home/sb/Harting_Inspection/data/raw/harting_Han64_EEE-M-C-allSides-2/harting_Han64_EEE-M-C-CrossSection-1/frame_000186.jpg,harting_han64_eee_m_c_allsides_2,cross_section_1,frame_000186,,,unassigned,good,/home/sb/Harting_Inspection/data/raw/harting_Han64_EEE-M-C-allSides-2/harting_Han64_EEE-M-C-CrossSection-1
e2529a81e7dae1b6,/home/sb/Harting_Inspection/data/raw/harting_Han64_EEE-M-C-allSides-2/harting_Han64_EEE-M-C-CrossSection-1/frame_000187.jpg,harting_han64_eee_m_c_allsides_2,cross_section_1,frame_000187,,,unassigned,good,/home/sb/Harting_Inspection/data/raw/harting_Han64_EEE-M-C-allSides-2/harting_Han64_EEE-M-C-CrossSection-1
cb1bb6cab943e549,/home/sb/Harting_Inspection/data/raw/harting_Han64_EEE-M-C-allSides-2/harting_Han64_EEE-M-C-CrossSection-1/frame_000188.jpg,harting_han64_eee_m_c_allsides_2,cross_section_1,frame_000188,,,unassigned,good,/home/sb/Harting_Inspection/data/raw/harting_Han64_EEE-M-C-allSides-2/harting_Han64_EEE-M-C-CrossSection-1
29eee2a99f8e1398,/home/sb/Harting_Inspection/data/raw/harting_Han64_EEE-M-C-allSides-2/harting_Han64_EEE-M-C-CrossSection-1/frame_000189.jpg,harting_han64_eee_m_c_allsides_2,cross_section_1,frame_000189,,,unassigned,good,/home/sb/Harting_Inspection/data/raw/harting_Han64_EEE-M-C-allSides-2/harting_Han64_EEE-M-C-CrossSection-1
a53e87d7ba15cc5c,/home/sb/Harting_Inspection/data/raw/harting_Han64_EEE-M-C-allSides-2/harting_Han64_EEE-M-C-CrossSection-1/frame_000190.jpg,harting_han64_eee_m_c_allsides_2,cross_section_1,frame_000190,,,unassigned,good,/home/sb/Harting_Inspection/data/raw/harting_Han64_EEE-M-C-allSides-2/harting_Han64_EEE-M-C-CrossSection-1
cf3c4956deae8d1e,/home/sb/Harting_Inspection/data/raw/harting_Han64_EEE-M-C-allSides-2/harting_Han64_EEE-M-C-CrossSection-1/frame_000191.jpg,harting_han64_eee_m_c_allsides_2,cross_section_1,frame_000191,,,unassigned,good,/home/sb/Harting_Inspection/data/raw/harting_Han64_EEE-M-C-allSides-2/harting_Han64_EEE-M-C-CrossSection-1
fcfae91db08e0f71,/home/sb/Harting_Inspection/data/raw/harting_Han64_EEE-M-C-allSides-2/harting_Han64_EEE-M-C-CrossSection-1/frame_000192.jpg,harting_han64_eee_m_c_allsides_2,cross_section_1,frame_000192,,,unassigned,good,/home/sb/Harting_Inspection/data/raw/harting_Han64_EEE-M-C-allSides-2/harting_Han64_EEE-M-C-CrossSection-1
dbe45a980338c04a,/home/sb/Harting_Inspection/data/raw/harting_Han64_EEE-M-C-allSides-2/harting_Han64_EEE-M-C-CrossSection-1/frame_000193.jpg,harting_han64_eee_m_c_allsides_2,cross_section_1,frame_000193,,,unassigned,good,/home/sb/Harting_Inspection/data/raw/harting_Han64_EEE-M-C-allSides-2/harting_Han64_EEE-M-C-CrossSection-1
f2166b5c08c25a13,/home/sb/Harting_Inspection/data/raw/harting_Han64_EEE-M-C-allSides-2/harting_Han64_EEE-M-C-CrossSection-1/frame_000194.jpg,harting_han64_eee_m_c_allsides_2,cross_section_1,frame_000194,,,unassigned,good,/home/sb/Harting_Inspection/data/raw/harting_Han64_EEE-M-C-allSides-2/harting_Han64_EEE-M-C-CrossSection-1
99c637145a7ebba7,/home/sb/Harting_Inspection/data/raw/harting_Han64_EEE-M-C-allSides-2/harting_Han64_EEE-M-C-CrossSection-1/frame_000195.jpg,harting_han64_eee_m_c_allsides_2,cross_section_1,frame_000195,,,unassigned,good,/home/sb/Harting_Inspection/data/raw/harting_Han64_EEE-M-C-allSides-2/harting_Han64_EEE-M-C-CrossSection-1
1331b43021fca697,/home/sb/Harting_Inspection/data/raw/harting_Han64_EEE-M-C-allSides-2/harting_Han64_EEE-M-C-CrossSection-1/frame_000196.jpg,harting_han64_eee_m_c_allsides_2,cross_section_1,frame_000196,,,unassigned,good,/home/sb/Harting_Inspection/data/raw/harting_Han64_EEE-M-C-allSides-2/harting_Han64_EEE-M-C-CrossSection-1
f808cfd44c1ab9df,/home/sb/Harting_Inspection/data/raw/harting_Han64_EEE-M-C-allSides-2/harting_Han64_EEE-M-C-CrossSection-1/frame_000197.jpg,harting_han64_eee_m_c_allsides_2,cross_section_1,frame_000197,,,unassigned,good,/home/sb/Harting_Inspection/data/raw/harting_Han64_EEE-M-C-allSides-2/harting_Han64_EEE-M-C-CrossSection-1
71a662a1f4d367bc,/home/sb/Harting_Inspection/data/raw/harting_Han64_EEE-M-C-allSides-2/harting_Han64_EEE-M-C-CrossSection-1/frame_000198.jpg,harting_han64_eee_m_c_allsides_2,cross_section_1,frame_000198,,,unassigned,good,/home/sb/Harting_Inspection/data/raw/harting_Han64_EEE-M-C-allSides-2/harting_Han64_EEE-M-C-CrossSection-1
d90d94f6815181fe,/home/sb/Harting_Inspection/data/raw/harting_Han64_EEE-M-C-allSides-2/harting_Han64_EEE-M-C-CrossSection-1/frame_000199.jpg,harting_han64_eee_m_c_allsides_2,cross_section_1,frame_000199,,,unassigned,good,/home/sb/Harting_Inspection/data/raw/harting_Han64_EEE-M-C-allSides-2/harting_Han64_EEE-M-C-CrossSection-1
6b20431bd71a0835,/home/sb/Harting_Inspection/data/raw/harting_Han64_EEE-M-C-allSides-2/harting_Han64_EEE-M-C-CrossSection-1/frame_000200.jpg,harting_han64_eee_m_c_allsides_2,cross_section_1,frame_000200,,,unassigned,good,/home/sb/Harting_Inspection/data/raw/harting_Han64_EEE-M-C-allSides-2/harting_Han64_EEE-M-C-CrossSection-1
eeab14347e3efc83,/home/sb/Harting_Inspection/data/raw/harting_Han64_EEE-M-C-allSides-2/harting_Han64_EEE-M-C-CrossSection-1/frame_000201.jpg,harting_han64_eee_m_c_allsides_2,cross_section_1,frame_000201,,,unassigned,good,/home/sb/Harting_Inspection/data/raw/harting_Han64_EEE-M-C-allSides-2/harting_Han64_EEE-M-C-CrossSection-1
c06324c713f8fafb,/home/sb/Harting_Inspection/data/raw/harting_Han64_EEE-M-C-allSides-2/harting_Han64_EEE-M-C-CrossSection-1/frame_000202.jpg,harting_han64_eee_m_c_allsides_2,cross_section_1,frame_000202,,,unassigned,good,/home/sb/Harting_Inspection/data/raw/harting_Han64_EEE-M-C-allSides-2/harting_Han64_EEE-M-C-CrossSection-1
9a8be55976551b6a,/home/sb/Harting_Inspection/data/raw/harting_Han64_EEE-M-C-allSides-2/harting_Han64_EEE-M-C-CrossSection-1/frame_000203.jpg,harting_han64_eee_m_c_allsides_2,cross_section_1,frame_000203,,,unassigned,good,/home/sb/Harting_Inspection/data/raw/harting_Han64_EEE-M-C-allSides-2/harting_Han64_EEE-M-C-CrossSection-1
d38bb5688a36e51c,/home/sb/Harting_Inspection/data/raw/harting_Han64_EEE-M-C-allSides-2/harting_Han64_EEE-M-C-CrossSection-1/frame_000204.jpg,harting_han64_eee_m_c_allsides_2,cross_section_1,frame_000204,,,unassigned,good,/home/sb/Harting_Inspection/data/raw/harting_Han64_EEE-M-C-allSides-2/harting_Han64_EEE-M-C-CrossSection-1
454a9e512a1525e1,/home/sb/Harting_Inspection/data/raw/harting_Han64_EEE-M-C-allSides-2/harting_Han64_EEE-M-C-CrossSection-1/frame_000205.jpg,harting_han64_eee_m_c_allsides_2,cross_section_1,frame_000205,,,unassigned,good,/home/sb/Harting_Inspection/data/raw/harting_Han64_EEE-M-C-allSides-2/harting_Han64_EEE-M-C-CrossSection-1
c92d0da92e81cc93,/home/sb/Harting_Inspection/data/raw/harting_Han64_EEE-M-C-allSides-2/harting_Han64_EEE-M-C-CrossSection-1/frame_000206.jpg,harting_han64_eee_m_c_allsides_2,cross_section_1,frame_000206,,,unassigned,good,/home/sb/Harting_Inspection/data/raw/harting_Han64_EEE-M-C-allSides-2/harting_Han64_EEE-M-C-CrossSection-1
9342496a562ea14c,/home/sb/Harting_Inspection/data/raw/harting_Han64_EEE-M-C-allSides-2/harting_Han64_EEE-M-C-CrossSection-1/frame_000207.jpg,harting_han64_eee_m_c_allsides_2,cross_section_1,frame_000207,,,unassigned,good,/home/sb/Harting_Inspection/data/raw/harting_Han64_EEE-M-C-allSides-2/harting_Han64_EEE-M-C-CrossSection-1
f8b3dc3bb24b58df,/home/sb/Harting_Inspection/data/raw/harting_Han64_EEE-M-C-allSides-2/harting_Han64_EEE-M-C-CrossSection-1/frame_000208.jpg,harting_han64_eee_m_c_allsides_2,cross_section_1,frame_000208,,,unassigned,good,/home/sb/Harting_Inspection/data/raw/harting_Han64_EEE-M-C-allSides-2/harting_Han64_EEE-M-C-CrossSection-1
1b4205db753d5b11,/home/sb/Harting_Inspection/data/raw/harting_Han64_EEE-M-C-allSides-2/harting_Han64_EEE-M-C-CrossSection-1/frame_000209.jpg,harting_han64_eee_m_c_allsides_2,cross_section_1,frame_000209,,,unassigned,good,/home/sb/Harting_Inspection/data/raw/harting_Han64_EEE-M-C-allSides-2/harting_Han64_EEE-M-C-CrossSection-1
b2809f29e1f9c19e,/home/sb/Harting_Inspection/data/raw/harting_Han64_EEE-M-C-allSides-2/harting_Han64_EEE-M-C-CrossSection-1/frame_000210.jpg,harting_han64_eee_m_c_allsides_2,cross_section_1,frame_000210,,,unassigned,good,/home/sb/Harting_Inspection/data/raw/harting_Han64_EEE-M-C-allSides-2/harting_Han64_EEE-M-C-CrossSection-1
8fcfabc2b7e6c2ed,/home/sb/Harting_Inspection/data/raw/harting_Han64_EEE-M-C-allSides-2/harting_Han64_EEE-M-C-CrossSection-1/frame_000211.jpg,harting_han64_eee_m_c_allsides_2,cross_section_1,frame_000211,,,unassigned,good,/home/sb/Harting_Inspection/data/raw/harting_Han64_EEE-M-C-allSides-2/harting_Han64_EEE-M-C-CrossSection-1
486c00ffc59c92b7,/home/sb/Harting_Inspection/data/raw/harting_Han64_EEE-M-C-allSides-2/harting_Han64_EEE-M-C-CrossSection-1/frame_000212.jpg,harting_han64_eee_m_c_allsides_2,cross_section_1,frame_000212,,,unassigned,good,/home/sb/Harting_Inspection/data/raw/harting_Han64_EEE-M-C-allSides-2/harting_Han64_EEE-M-C-CrossSection-1
c9c45d856bab6e10,/home/sb/Harting_Inspection/data/raw/harting_Han64_EEE-M-C-allSides-2/harting_Han64_EEE-M-C-CrossSection-1/frame_000213.jpg,harting_han64_eee_m_c_allsides_2,cross_section_1,frame_000213,,,unassigned,good,/home/sb/Harting_Inspection/data/raw/harting_Han64_EEE-M-C-allSides-2/harting_Han64_EEE-M-C-CrossSection-1
4871e981a539f28c,/home/sb/Harting_Inspection/data/raw/harting_Han64_EEE-M-C-allSides-2/harting_Han64_EEE-M-C-CrossSection-1/frame_000214.jpg,harting_han64_eee_m_c_allsides_2,cross_section_1,frame_000214,,,unassigned,good,/home/sb/Harting_Inspection/data/raw/harting_Han64_EEE-M-C-allSides-2/harting_Han64_EEE-M-C-CrossSection-1
1a922f88babc5778,/home/sb/Harting_Inspection/data/raw/harting_Han64_EEE-M-C-allSides-2/harting_Han64_EEE-M-C-CrossSection-1/frame_000215.jpg,harting_han64_eee_m_c_allsides_2,cross_section_1,frame_000215,,,unassigned,good,/home/sb/Harting_Inspection/data/raw/harting_Han64_EEE-M-C-allSides-2/harting_Han64_EEE-M-C-CrossSection-1
ed29939c316cb043,/home/sb/Harting_Inspection/data/raw/harting_Han64_EEE-M-C-allSides-2/harting_Han64_EEE-M-C-CrossSection-1/frame_000216.jpg,harting_han64_eee_m_c_allsides_2,cross_section_1,frame_000216,,,unassigned,good,/home/sb/Harting_Inspection/data/raw/harting_Han64_EEE-M-C-allSides-2/harting_Han64_EEE-M-C-CrossSection-1
95982335e4b893c7,/home/sb/Harting_Inspection/data/raw/harting_Han64_EEE-M-C-allSides-2/harting_Han64_EEE-M-C-CrossSection-1/frame_000217.jpg,harting_han64_eee_m_c_allsides_2,cross_section_1,frame_000217,,,unassigned,good,/home/sb/Harting_Inspection/data/raw/harting_Han64_EEE-M-C-allSides-2/harting_Han64_EEE-M-C-CrossSection-1
7159e467f929129f,/home/sb/Harting_Inspection/data/raw/harting_Han64_EEE-M-C-allSides-2/harting_Han64_EEE-M-C-CrossSection-1/frame_000218.jpg,harting_han64_eee_m_c_allsides_2,cross_section_1,frame_000218,,,unassigned,good,/home/sb/Harting_Inspection/data/raw/harting_Han64_EEE-M-C-allSides-2/harting_Han64_EEE-M-C-CrossSection-1
d6d062c9c07123d8,/home/sb/Harting_Inspection/data/raw/harting_Han64_EEE-M-C-allSides-2/harting_Han64_EEE-M-C-CrossSection-1/frame_000219.jpg,harting_han64_eee_m_c_allsides_2,cross_section_1,frame_000219,,,unassigned,good,/home/sb/Harting_Inspection/data/raw/harting_Han64_EEE-M-C-allSides-2/harting_Han64_EEE-M-C-CrossSection-1
9a121db3c9f1e6ec,/home/sb/Harting_Inspection/data/raw/harting_Han64_EEE-M-C-allSides-2/harting_Han64_EEE-M-C-CrossSection-1/frame_000220.jpg,harting_han64_eee_m_c_allsides_2,cross_section_1,frame_000220,,,unassigned,good,/home/sb/Harting_Inspection/data/raw/harting_Han64_EEE-M-C-allSides-2/harting_Han64_EEE-M-C-CrossSection-1
d392d072b09d1c55,/home/sb/Harting_Inspection/data/raw/harting_Han64_EEE-M-C-allSides-2/harting_Han64_EEE-M-C-CrossSection-1/frame_000221.jpg,harting_han64_eee_m_c_allsides_2,cross_section_1,frame_000221,,,unassigned,good,/home/sb/Harting_Inspection/data/raw/harting_Han64_EEE-M-C-allSides-2/harting_Han64_EEE-M-C-CrossSection-1
97d50ff7318f41af,/home/sb/Harting_Inspection/data/raw/harting_Han64_EEE-M-C-allSides-2/harting_Han64_EEE-M-C-CrossSection-1/frame_000222.jpg,harting_han64_eee_m_c_allsides_2,cross_section_1,frame_000222,,,unassigned,good,/home/sb/Harting_Inspection/data/raw/harting_Han64_EEE-M-C-allSides-2/harting_Han64_EEE-M-C-CrossSection-1
dafa79cf7a45c1ff,/home/sb/Harting_Inspection/data/raw/harting_Han64_EEE-M-C-allSides-2/harting_Han64_EEE-M-C-CrossSection-1/frame_000223.jpg,harting_han64_eee_m_c_allsides_2,cross_section_1,frame_000223,,,unassigned,good,/home/sb/Harting_Inspection/data/raw/harting_Han64_EEE-M-C-allSides-2/harting_Han64_EEE-M-C-CrossSection-1
220c2bf012e1f67c,/home/sb/Harting_Inspection/data/raw/harting_Han64_EEE-M-C-allSides-2/harting_Han64_EEE-M-C-CrossSection-1/frame_000224.jpg,harting_han64_eee_m_c_allsides_2,cross_section_1,frame_000224,,,unassigned,good,/home/sb/Harting_Inspection/data/raw/harting_Han64_EEE-M-C-allSides-2/harting_Han64_EEE-M-C-CrossSection-1
969941928fa9cf42,/home/sb/Harting_Inspection/data/raw/harting_Han64_EEE-M-C-allSides-2/harting_Han64_EEE-M-C-CrossSection-1/frame_000225.jpg,harting_han64_eee_m_c_allsides_2,cross_section_1,frame_000225,,,unassigned,good,/home/sb/Harting_Inspection/data/raw/harting_Han64_EEE-M-C-allSides-2/harting_Han64_EEE-M-C-CrossSection-1
feb1cb25da347491,/home/sb/Harting_Inspection/data/raw/harting_Han64_EEE-M-C-allSides-2/harting_Han64_EEE-M-C-CrossSection-1/frame_000226.jpg,harting_han64_eee_m_c_allsides_2,cross_section_1,frame_000226,,,unassigned,good,/home/sb/Harting_Inspection/data/raw/harting_Han64_EEE-M-C-allSides-2/harting_Han64_EEE-M-C-CrossSection-1
817f86855ad4bb07,/home/sb/Harting_Inspection/data/raw/harting_Han64_EEE-M-C-allSides-2/harting_Han64_EEE-M-C-CrossSection-1/frame_000227.jpg,harting_han64_eee_m_c_allsides_2,cross_section_1,frame_000227,,,unassigned,good,/home/sb/Harting_Inspection/data/raw/harting_Han64_EEE-M-C-allSides-2/harting_Han64_EEE-M-C-CrossSection-1
48a3a7c8efb0d52b,/home/sb/Harting_Inspection/data/raw/harting_Han64_EEE-M-C-allSides-2/harting_Han64_EEE-M-C-CrossSection-1/frame_000228.jpg,harting_han64_eee_m_c_allsides_2,cross_section_1,frame_000228,,,unassigned,good,/home/sb/Harting_Inspection/data/raw/harting_Han64_EEE-M-C-allSides-2/harting_Han64_EEE-M-C-CrossSection-1
119153fe2e4cebe4,/home/sb/Harting_Inspection/data/raw/harting_Han64_EEE-M-C-allSides-2/harting_Han64_EEE-M-C-CrossSection-1/frame_000229.jpg,harting_han64_eee_m_c_allsides_2,cross_section_1,frame_000229,,,unassigned,good,/home/sb/Harting_Inspection/data/raw/harting_Han64_EEE-M-C-allSides-2/harting_Han64_EEE-M-C-CrossSection-1
7a15aa6fcd8fc727,/home/sb/Harting_Inspection/data/raw/harting_Han64_EEE-M-C-allSides-2/harting_Han64_EEE-M-C-CrossSection-1/frame_000230.jpg,harting_han64_eee_m_c_allsides_2,cross_section_1,frame_000230,,,unassigned,good,/home/sb/Harting_Inspection/data/raw/harting_Han64_EEE-M-C-allSides-2/harting_Han64_EEE-M-C-CrossSection-1
0ae84945305cadb7,/home/sb/Harting_Inspection/data/raw/harting_Han64_EEE-M-C-allSides-2/harting_Han64_EEE-M-C-CrossSection-1/frame_000231.jpg,harting_han64_eee_m_c_allsides_2,cross_section_1,frame_000231,,,unassigned,good,/home/sb/Harting_Inspection/data/raw/harting_Han64_EEE-M-C-allSides-2/harting_Han64_EEE-M-C-CrossSection-1
aa5e6f7d0b9f181f,/home/sb/Harting_Inspection/data/raw/harting_Han64_EEE-M-C-allSides-2/harting_Han64_EEE-M-C-CrossSection-1/frame_000232.jpg,harting_han64_eee_m_c_allsides_2,cross_section_1,frame_000232,,,unassigned,good,/home/sb/Harting_Inspection/data/raw/harting_Han64_EEE-M-C-allSides-2/harting_Han64_EEE-M-C-CrossSection-1
0b4bd5e8f16e618e,/home/sb/Harting_Inspection/data/raw/harting_Han64_EEE-M-C-allSides-2/harting_Han64_EEE-M-C-CrossSection-1/frame_000233.jpg,harting_han64_eee_m_c_allsides_2,cross_section_1,frame_000233,,,unassigned,good,/home/sb/Harting_Inspection/data/raw/harting_Han64_EEE-M-C-allSides-2/harting_Han64_EEE-M-C-CrossSection-1
54cb9e2fef623d3b,/home/sb/Harting_Inspection/data/raw/harting_Han64_EEE-M-C-allSides-2/harting_Han64_EEE-M-C-CrossSection-1/frame_000234.jpg,harting_han64_eee_m_c_allsides_2,cross_section_1,frame_000234,,,unassigned,good,/home/sb/Harting_Inspection/data/raw/harting_Han64_EEE-M-C-allSides-2/harting_Han64_EEE-M-C-CrossSection-1
a5437e554935432d,/home/sb/Harting_Inspection/data/raw/harting_Han64_EEE-M-C-allSides-2/harting_Han64_EEE-M-C-CrossSection-1/frame_000235.jpg,harting_han64_eee_m_c_allsides_2,cross_section_1,frame_000235,,,unassigned,good,/home/sb/Harting_Inspection/data/raw/harting_Han64_EEE-M-C-allSides-2/harting_Han64_EEE-M-C-CrossSection-1
87e7aef0f1a403e2,/home/sb/Harting_Inspection/data/raw/harting_Han64_EEE-M-C-allSides-2/harting_Han64_EEE-M-C-CrossSection-1/frame_000236.jpg,harting_han64_eee_m_c_allsides_2,cross_section_1,frame_000236,,,unassigned,good,/home/sb/Harting_Inspection/data/raw/harting_Han64_EEE-M-C-allSides-2/harting_Han64_EEE-M-C-CrossSection-1
ae8b73e9a2e01430,/home/sb/Harting_Inspection/data/raw/harting_Han64_EEE-M-C-allSides-2/harting_Han64_EEE-M-C-CrossSection-1/frame_000237.jpg,harting_han64_eee_m_c_allsides_2,cross_section_1,frame_000237,,,unassigned,good,/home/sb/Harting_Inspection/data/raw/harting_Han64_EEE-M-C-allSides-2/harting_Han64_EEE-M-C-CrossSection-1
e7e3f2fa43136baa,/home/sb/Harting_Inspection/data/raw/harting_Han64_EEE-M-C-allSides-2/harting_Han64_EEE-M-C-CrossSection-1/frame_000238.jpg,harting_han64_eee_m_c_allsides_2,cross_section_1,frame_000238,,,unassigned,good,/home/sb/Harting_Inspection/data/raw/harting_Han64_EEE-M-C-allSides-2/harting_Han64_EEE-M-C-CrossSection-1
7077064f3816cb69,/home/sb/Harting_Inspection/data/raw/harting_Han64_EEE-M-C-allSides-2/harting_Han64_EEE-M-C-CrossSection-1/frame_000239.jpg,harting_han64_eee_m_c_allsides_2,cross_section_1,frame_000239,,,unassigned,good,/home/sb/Harting_Inspection/data/raw/harting_Han64_EEE-M-C-allSides-2/harting_Han64_EEE-M-C-CrossSection-1
54ba8f5cc4d06f1d,/home/sb/Harting_Inspection/data/raw/harting_Han64_EEE-M-C-allSides-2/harting_Han64_EEE-M-C-CrossSection-1/frame_000240.jpg,harting_han64_eee_m_c_allsides_2,cross_section_1,frame_000240,,,unassigned,good,/home/sb/Harting_Inspection/data/raw/harting_Han64_EEE-M-C-allSides-2/harting_Han64_EEE-M-C-CrossSection-1
91d6cb08be177e12,/home/sb/Harting_Inspection/data/raw/harting_Han64_EEE-M-C-allSides-2/harting_Han64_EEE-M-C-CrossSection-1/frame_000241.jpg,harting_han64_eee_m_c_allsides_2,cross_section_1,frame_000241,,,unassigned,good,/home/sb/Harting_Inspection/data/raw/harting_Han64_EEE-M-C-allSides-2/harting_Han64_EEE-M-C-CrossSection-1
13550b61ddf821b2,/home/sb/Harting_Inspection/data/raw/harting_Han64_EEE-M-C-allSides-2/harting_Han64_EEE-M-C-CrossSection-1/frame_000242.jpg,harting_han64_eee_m_c_allsides_2,cross_section_1,frame_000242,,,unassigned,good,/home/sb/Harting_Inspection/data/raw/harting_Han64_EEE-M-C-allSides-2/harting_Han64_EEE-M-C-CrossSection-1
58d801edab2a6cf6,/home/sb/Harting_Inspection/data/raw/harting_Han64_EEE-M-C-allSides-2/harting_Han64_EEE-M-C-CrossSection-1/frame_000243.jpg,harting_han64_eee_m_c_allsides_2,cross_section_1,frame_000243,,,unassigned,good,/home/sb/Harting_Inspection/data/raw/harting_Han64_EEE-M-C-allSides-2/harting_Han64_EEE-M-C-CrossSection-1
7cfeb252a6dba33b,/home/sb/Harting_Inspection/data/raw/harting_Han64_EEE-M-C-allSides-2/harting_Han64_EEE-M-C-CrossSection-1/frame_000244.jpg,harting_han64_eee_m_c_allsides_2,cross_section_1,frame_000244,,,unassigned,good,/home/sb/Harting_Inspection/data/raw/harting_Han64_EEE-M-C-allSides-2/harting_Han64_EEE-M-C-CrossSection-1
c570fda5411e38b2,/home/sb/Harting_Inspection/data/raw/harting_Han64_EEE-M-C-allSides-2/harting_Han64_EEE-M-C-CrossSection-1/frame_000245.jpg,harting_han64_eee_m_c_allsides_2,cross_section_1,frame_000245,,,unassigned,good,/home/sb/Harting_Inspection/data/raw/harting_Han64_EEE-M-C-allSides-2/harting_Han64_EEE-M-C-CrossSection-1
ac0711a92e65e3a9,/home/sb/Harting_Inspection/data/raw/harting_Han64_EEE-M-C-allSides-2/harting_Han64_EEE-M-C-CrossSection-1/frame_000246.jpg,harting_han64_eee_m_c_allsides_2,cross_section_1,frame_000246,,,unassigned,good,/home/sb/Harting_Inspection/data/raw/harting_Han64_EEE-M-C-allSides-2/harting_Han64_EEE-M-C-CrossSection-1
2452ae0db247f054,/home/sb/Harting_Inspection/data/raw/harting_Han64_EEE-M-C-allSides-2/harting_Han64_EEE-M-C-CrossSection-1/frame_000247.jpg,harting_han64_eee_m_c_allsides_2,cross_section_1,frame_000247,,,unassigned,good,/home/sb/Harting_Inspection/data/raw/harting_Han64_EEE-M-C-allSides-2/harting_Han64_EEE-M-C-CrossSection-1
079b10977598d731,/home/sb/Harting_Inspection/data/raw/harting_Han64_EEE-M-C-allSides-2/harting_Han64_EEE-M-C-CrossSection-1/frame_000248.jpg,harting_han64_eee_m_c_allsides_2,cross_section_1,frame_000248,,,unassigned,good,/home/sb/Harting_Inspection/data/raw/harting_Han64_EEE-M-C-allSides-2/harting_Han64_EEE-M-C-CrossSection-1
d0ee15a959dadfc5,/home/sb/Harting_Inspection/data/raw/harting_Han64_EEE-M-C-allSides-2/harting_Han64_EEE-M-C-CrossSection-1/frame_000249.jpg,harting_han64_eee_m_c_allsides_2,cross_section_1,frame_000249,,,unassigned,good,/home/sb/Harting_Inspection/data/raw/harting_Han64_EEE-M-C-allSides-2/harting_Han64_EEE-M-C-CrossSection-1
f64bb15f1fd28b84,/home/sb/Harting_Inspection/data/raw/harting_Han64_EEE-M-C-allSides-2/harting_Han64_EEE-M-C-CrossSection-1/frame_000250.jpg,harting_han64_eee_m_c_allsides_2,cross_section_1,frame_000250,,,unassigned,good,/home/sb/Harting_Inspection/data/raw/harting_Han64_EEE-M-C-allSides-2/harting_Han64_EEE-M-C-CrossSection-1
c55578c90420e54c,/home/sb/Harting_Inspection/data/raw/harting_Han64_EEE-M-C-allSides-2/harting_Han64_EEE-M-C-CrossSection-1/frame_000251.jpg,harting_han64_eee_m_c_allsides_2,cross_section_1,frame_000251,,,unassigned,good,/home/sb/Harting_Inspection/data/raw/harting_Han64_EEE-M-C-allSides-2/harting_Han64_EEE-M-C-CrossSection-1
84171964d168e3aa,/home/sb/Harting_Inspection/data/raw/harting_Han64_EEE-M-C-allSides-2/harting_Han64_EEE-M-C-CrossSection-1/frame_000252.jpg,harting_han64_eee_m_c_allsides_2,cross_section_1,frame_000252,,,unassigned,good,/home/sb/Harting_Inspection/data/raw/harting_Han64_EEE-M-C-allSides-2/harting_Han64_EEE-M-C-CrossSection-1
76ea022b2b166cd2,/home/sb/Harting_Inspection/data/raw/harting_Han64_EEE-M-C-allSides-2/harting_Han64_EEE-M-C-CrossSection-1/frame_000253.jpg,harting_han64_eee_m_c_allsides_2,cross_section_1,frame_000253,,,unassigned,good,/home/sb/Harting_Inspection/data/raw/harting_Han64_EEE-M-C-allSides-2/harting_Han64_EEE-M-C-CrossSection-1
9c2d403ecb1c4877,/home/sb/Harting_Inspection/data/raw/harting_Han64_EEE-M-C-allSides-2/harting_Han64_EEE-M-C-CrossSection-1/frame_000254.jpg,harting_han64_eee_m_c_allsides_2,cross_section_1,frame_000254,,,unassigned,good,/home/sb/Harting_Inspection/data/raw/harting_Han64_EEE-M-C-allSides-2/harting_Han64_EEE-M-C-CrossSection-1
6ba7d41970614719,/home/sb/Harting_Inspection/data/raw/harting_Han64_EEE-M-C-allSides-2/harting_Han64_EEE-M-C-CrossSection-1/frame_000255.jpg,harting_han64_eee_m_c_allsides_2,cross_section_1,frame_000255,,,unassigned,good,/home/sb/Harting_Inspection/data/raw/harting_Han64_EEE-M-C-allSides-2/harting_Han64_EEE-M-C-CrossSection-1
987e3eeea9118ec2,/home/sb/Harting_Inspection/data/raw/harting_Han64_EEE-M-C-allSides-2/harting_Han64_EEE-M-C-CrossSection-1/frame_000256.jpg,harting_han64_eee_m_c_allsides_2,cross_section_1,frame_000256,,,unassigned,good,/home/sb/Harting_Inspection/data/raw/harting_Han64_EEE-M-C-allSides-2/harting_Han64_EEE-M-C-CrossSection-1
e19e53d9ac1d94f4,/home/sb/Harting_Inspection/data/raw/harting_Han64_EEE-M-C-allSides-2/harting_Han64_EEE-M-C-CrossSection-1/frame_000257.jpg,harting_han64_eee_m_c_allsides_2,cross_section_1,frame_000257,,,unassigned,good,/home/sb/Harting_Inspection/data/raw/harting_Han64_EEE-M-C-allSides-2/harting_Han64_EEE-M-C-CrossSection-1
c13890e93e762863,/home/sb/Harting_Inspection/data/raw/harting_Han64_EEE-M-C-allSides-2/harting_Han64_EEE-M-C-CrossSection-1/frame_000258.jpg,harting_han64_eee_m_c_allsides_2,cross_section_1,frame_000258,,,unassigned,good,/home/sb/Harting_Inspection/data/raw/harting_Han64_EEE-M-C-allSides-2/harting_Han64_EEE-M-C-CrossSection-1
abeaf0bcd5612d9c,/home/sb/Harting_Inspection/data/raw/harting_Han64_EEE-M-C-allSides-2/harting_Han64_EEE-M-C-CrossSection-1/frame_000259.jpg,harting_han64_eee_m_c_allsides_2,cross_section_1,frame_000259,,,unassigned,good,/home/sb/Harting_Inspection/data/raw/harting_Han64_EEE-M-C-allSides-2/harting_Han64_EEE-M-C-CrossSection-1
f0121e0397e214cf,/home/sb/Harting_Inspection/data/raw/harting_Han64_EEE-M-C-allSides-2/harting_Han64_EEE-M-C-CrossSection-1/frame_000260.jpg,harting_han64_eee_m_c_allsides_2,cross_section_1,frame_000260,,,unassigned,good,/home/sb/Harting_Inspection/data/raw/harting_Han64_EEE-M-C-allSides-2/harting_Han64_EEE-M-C-CrossSection-1
4cd2b7954c523218,/home/sb/Harting_Inspection/data/raw/harting_Han64_EEE-M-C-allSides-2/harting_Han64_EEE-M-C-CrossSection-1/frame_000261.jpg,harting_han64_eee_m_c_allsides_2,cross_section_1,frame_000261,,,unassigned,good,/home/sb/Harting_Inspection/data/raw/harting_Han64_EEE-M-C-allSides-2/harting_Han64_EEE-M-C-CrossSection-1
83b5c899c54be1a2,/home/sb/Harting_Inspection/data/raw/harting_Han64_EEE-M-C-allSides-2/harting_Han64_EEE-M-C-CrossSection-1/frame_000262.jpg,harting_han64_eee_m_c_allsides_2,cross_section_1,frame_000262,,,unassigned,good,/home/sb/Harting_Inspection/data/raw/harting_Han64_EEE-M-C-allSides-2/harting_Han64_EEE-M-C-CrossSection-1
aee777fe4d182f7f,/home/sb/Harting_Inspection/data/raw/harting_Han64_EEE-M-C-allSides-2/harting_Han64_EEE-M-C-CrossSection-1/frame_000263.jpg,harting_han64_eee_m_c_allsides_2,cross_section_1,frame_000263,,,unassigned,good,/home/sb/Harting_Inspection/data/raw/harting_Han64_EEE-M-C-allSides-2/harting_Han64_EEE-M-C-CrossSection-1
39e49d9852b74c23,/home/sb/Harting_Inspection/data/raw/harting_Han64_EEE-M-C-allSides-2/harting_Han64_EEE-M-C-CrossSection-1/frame_000264.jpg,harting_han64_eee_m_c_allsides_2,cross_section_1,frame_000264,,,unassigned,good,/home/sb/Harting_Inspection/data/raw/harting_Han64_EEE-M-C-allSides-2/harting_Han64_EEE-M-C-CrossSection-1
6b6f4c4110205cb0,/home/sb/Harting_Inspection/data/raw/harting_Han64_EEE-M-C-allSides-2/harting_Han64_EEE-M-C-CrossSection-1/frame_000265.jpg,harting_han64_eee_m_c_allsides_2,cross_section_1,frame_000265,,,unassigned,good,/home/sb/Harting_Inspection/data/raw/harting_Han64_EEE-M-C-allSides-2/harting_Han64_EEE-M-C-CrossSection-1
8832cd2706561d2e,/home/sb/Harting_Inspection/data/raw/harting_Han64_EEE-M-C-allSides-2/harting_Han64_EEE-M-C-CrossSection-1/frame_000266.jpg,harting_han64_eee_m_c_allsides_2,cross_section_1,frame_000266,,,unassigned,good,/home/sb/Harting_Inspection/data/raw/harting_Han64_EEE-M-C-allSides-2/harting_Han64_EEE-M-C-CrossSection-1
26a467c52a7612c7,/home/sb/Harting_Inspection/data/raw/harting_Han64_EEE-M-C-allSides-2/harting_Han64_EEE-M-C-CrossSection-1/frame_000267.jpg,harting_han64_eee_m_c_allsides_2,cross_section_1,frame_000267,,,unassigned,good,/home/sb/Harting_Inspection/data/raw/harting_Han64_EEE-M-C-allSides-2/harting_Han64_EEE-M-C-CrossSection-1
59ca2623cd22f1f2,/home/sb/Harting_Inspection/data/raw/harting_Han64_EEE-M-C-allSides-2/harting_Han64_EEE-M-C-CrossSection-1/frame_000268.jpg,harting_han64_eee_m_c_allsides_2,cross_section_1,frame_000268,,,unassigned,good,/home/sb/Harting_Inspection/data/raw/harting_Han64_EEE-M-C-allSides-2/harting_Han64_EEE-M-C-CrossSection-1
f9172741f8c729c4,/home/sb/Harting_Inspection/data/raw/harting_Han64_EEE-M-C-allSides-2/harting_Han64_EEE-M-C-CrossSection-1/frame_000269.jpg,harting_han64_eee_m_c_allsides_2,cross_section_1,frame_000269,,,unassigned,good,/home/sb/Harting_Inspection/data/raw/harting_Han64_EEE-M-C-allSides-2/harting_Han64_EEE-M-C-CrossSection-1
6b903717e9e2e4d1,/home/sb/Harting_Inspection/data/raw/harting_Han64_EEE-M-C-allSides-2/harting_Han64_EEE-M-C-CrossSection-1/frame_000270.jpg,harting_han64_eee_m_c_allsides_2,cross_section_1,frame_000270,,,unassigned,good,/home/sb/Harting_Inspection/data/raw/harting_Han64_EEE-M-C-allSides-2/harting_Han64_EEE-M-C-CrossSection-1
4416e8e5cabbbc91,/home/sb/Harting_Inspection/data/raw/harting_Han64_EEE-M-C-allSides-2/harting_Han64_EEE-M-C-CrossSection-1/frame_000271.jpg,harting_han64_eee_m_c_allsides_2,cross_section_1,frame_000271,,,unassigned,good,/home/sb/Harting_Inspection/data/raw/harting_Han64_EEE-M-C-allSides-2/harting_Han64_EEE-M-C-CrossSection-1
8b401d13979ed1c5,/home/sb/Harting_Inspection/data/raw/harting_Han64_EEE-M-C-allSides-2/harting_Han64_EEE-M-C-CrossSection-1/frame_000272.jpg,harting_han64_eee_m_c_allsides_2,cross_section_1,frame_000272,,,unassigned,good,/home/sb/Harting_Inspection/data/raw/harting_Han64_EEE-M-C-allSides-2/harting_Han64_EEE-M-C-CrossSection-1
91ac5b79d3e151a0,/home/sb/Harting_Inspection/data/raw/harting_Han64_EEE-M-C-allSides-2/harting_Han64_EEE-M-C-CrossSection-1/frame_000273.jpg,harting_han64_eee_m_c_allsides_2,cross_section_1,frame_000273,,,unassigned,good,/home/sb/Harting_Inspection/data/raw/harting_Han64_EEE-M-C-allSides-2/harting_Han64_EEE-M-C-CrossSection-1
0e2c6c833ab63582,/home/sb/Harting_Inspection/data/raw/harting_Han64_EEE-M-C-allSides-2/harting_Han64_EEE-M-C-CrossSection-1/frame_000274.jpg,harting_han64_eee_m_c_allsides_2,cross_section_1,frame_000274,,,unassigned,good,/home/sb/Harting_Inspection/data/raw/harting_Han64_EEE-M-C-allSides-2/harting_Han64_EEE-M-C-CrossSection-1
8a0d3083674be6b1,/home/sb/Harting_Inspection/data/raw/harting_Han64_EEE-M-C-allSides-2/harting_Han64_EEE-M-C-CrossSection-1/frame_000275.jpg,harting_han64_eee_m_c_allsides_2,cross_section_1,frame_000275,,,unassigned,good,/home/sb/Harting_Inspection/data/raw/harting_Han64_EEE-M-C-allSides-2/harting_Han64_EEE-M-C-CrossSection-1
83b3f6fe3c6af058,/home/sb/Harting_Inspection/data/raw/harting_Han64_EEE-M-C-allSides-2/harting_Han64_EEE-M-C-CrossSection-1/frame_000276.jpg,harting_han64_eee_m_c_allsides_2,cross_section_1,frame_000276,,,unassigned,good,/home/sb/Harting_Inspection/data/raw/harting_Han64_EEE-M-C-allSides-2/harting_Han64_EEE-M-C-CrossSection-1
96bc709ea9de5729,/home/sb/Harting_Inspection/data/raw/harting_Han64_EEE-M-C-allSides-2/harting_Han64_EEE-M-C-CrossSection-1/frame_000277.jpg,harting_han64_eee_m_c_allsides_2,cross_section_1,frame_000277,,,unassigned,good,/home/sb/Harting_Inspection/data/raw/harting_Han64_EEE-M-C-allSides-2/harting_Han64_EEE-M-C-CrossSection-1
751df888b0de7d93,/home/sb/Harting_Inspection/data/raw/harting_Han64_EEE-M-C-allSides-2/harting_Han64_EEE-M-C-CrossSection-1/frame_000278.jpg,harting_han64_eee_m_c_allsides_2,cross_section_1,frame_000278,,,unassigned,good,/home/sb/Harting_Inspection/data/raw/harting_Han64_EEE-M-C-allSides-2/harting_Han64_EEE-M-C-CrossSection-1
556b2d8d481ac41b,/home/sb/Harting_Inspection/data/raw/harting_Han64_EEE-M-C-allSides-2/harting_Han64_EEE-M-C-CrossSection-1/frame_000279.jpg,harting_han64_eee_m_c_allsides_2,cross_section_1,frame_000279,,,unassigned,good,/home/sb/Harting_Inspection/data/raw/harting_Han64_EEE-M-C-allSides-2/harting_Han64_EEE-M-C-CrossSection-1
8fc322284c68219a,/home/sb/Harting_Inspection/data/raw/harting_Han64_EEE-M-C-allSides-2/harting_Han64_EEE-M-C-CrossSection-1/frame_000280.jpg,harting_han64_eee_m_c_allsides_2,cross_section_1,frame_000280,,,unassigned,good,/home/sb/Harting_Inspection/data/raw/harting_Han64_EEE-M-C-allSides-2/harting_Han64_EEE-M-C-CrossSection-1
b7e8601de51ecca1,/home/sb/Harting_Inspection/data/raw/harting_Han64_EEE-M-C-allSides-2/harting_Han64_EEE-M-C-CrossSection-1/frame_000281.jpg,harting_han64_eee_m_c_allsides_2,cross_section_1,frame_000281,,,unassigned,good,/home/sb/Harting_Inspection/data/raw/harting_Han64_EEE-M-C-allSides-2/harting_Han64_EEE-M-C-CrossSection-1
5865c2a66d2f204e,/home/sb/Harting_Inspection/data/raw/harting_Han64_EEE-M-C-allSides-2/harting_Han64_EEE-M-C-CrossSection-1/frame_000282.jpg,harting_han64_eee_m_c_allsides_2,cross_section_1,frame_000282,,,unassigned,good,/home/sb/Harting_Inspection/data/raw/harting_Han64_EEE-M-C-allSides-2/harting_Han64_EEE-M-C-CrossSection-1
17748e29447c09d8,/home/sb/Harting_Inspection/data/raw/harting_Han64_EEE-M-C-allSides-2/harting_Han64_EEE-M-C-CrossSection-1/frame_000283.jpg,harting_han64_eee_m_c_allsides_2,cross_section_1,frame_000283,,,unassigned,good,/home/sb/Harting_Inspection/data/raw/harting_Han64_EEE-M-C-allSides-2/harting_Han64_EEE-M-C-CrossSection-1
2f10fc1ca325ba22,/home/sb/Harting_Inspection/data/raw/harting_Han64_EEE-M-C-allSides-2/harting_Han64_EEE-M-C-CrossSection-1/frame_000284.jpg,harting_han64_eee_m_c_allsides_2,cross_section_1,frame_000284,,,unassigned,good,/home/sb/Harting_Inspection/data/raw/harting_Han64_EEE-M-C-allSides-2/harting_Han64_EEE-M-C-CrossSection-1
a7627d47b04c1841,/home/sb/Harting_Inspection/data/raw/harting_Han64_EEE-M-C-allSides-2/harting_Han64_EEE-M-C-CrossSection-1/frame_000285.jpg,harting_han64_eee_m_c_allsides_2,cross_section_1,frame_000285,,,unassigned,good,/home/sb/Harting_Inspection/data/raw/harting_Han64_EEE-M-C-allSides-2/harting_Han64_EEE-M-C-CrossSection-1
4049d727136bf1aa,/home/sb/Harting_Inspection/data/raw/harting_Han64_EEE-M-C-allSides-2/harting_Han64_EEE-M-C-CrossSection-1/frame_000286.jpg,harting_han64_eee_m_c_allsides_2,cross_section_1,frame_000286,,,unassigned,good,/home/sb/Harting_Inspection/data/raw/harting_Han64_EEE-M-C-allSides-2/harting_Han64_EEE-M-C-CrossSection-1
a926e2f9cd405e15,/home/sb/Harting_Inspection/data/raw/harting_Han64_EEE-M-C-allSides-2/harting_Han64_EEE-M-C-CrossSection-1/frame_000287.jpg,harting_han64_eee_m_c_allsides_2,cross_section_1,frame_000287,,,unassigned,good,/home/sb/Harting_Inspection/data/raw/harting_Han64_EEE-M-C-allSides-2/harting_Han64_EEE-M-C-CrossSection-1
7a104b163d50e889,/home/sb/Harting_Inspection/data/raw/harting_Han64_EEE-M-C-allSides-2/harting_Han64_EEE-M-C-CrossSection-1/frame_000288.jpg,harting_han64_eee_m_c_allsides_2,cross_section_1,frame_000288,,,unassigned,good,/home/sb/Harting_Inspection/data/raw/harting_Han64_EEE-M-C-allSides-2/harting_Han64_EEE-M-C-CrossSection-1
1a199892fcf7f285,/home/sb/Harting_Inspection/data/raw/harting_Han64_EEE-M-C-allSides-2/harting_Han64_EEE-M-C-CrossSection-1/frame_000289.jpg,harting_han64_eee_m_c_allsides_2,cross_section_1,frame_000289,,,unassigned,good,/home/sb/Harting_Inspection/data/raw/harting_Han64_EEE-M-C-allSides-2/harting_Han64_EEE-M-C-CrossSection-1
ddcecb052c55013b,/home/sb/Harting_Inspection/data/raw/harting_Han64_EEE-M-C-allSides-2/harting_Han64_EEE-M-C-CrossSection-1/frame_000290.jpg,harting_han64_eee_m_c_allsides_2,cross_section_1,frame_000290,,,unassigned,good,/home/sb/Harting_Inspection/data/raw/harting_Han64_EEE-M-C-allSides-2/harting_Han64_EEE-M-C-CrossSection-1
43823b5ea4fc73a8,/home/sb/Harting_Inspection/data/raw/harting_Han64_EEE-M-C-allSides-2/harting_Han64_EEE-M-C-CrossSection-1/frame_000291.jpg,harting_han64_eee_m_c_allsides_2,cross_section_1,frame_000291,,,unassigned,good,/home/sb/Harting_Inspection/data/raw/harting_Han64_EEE-M-C-allSides-2/harting_Han64_EEE-M-C-CrossSection-1
ac0443f4d73e278d,/home/sb/Harting_Inspection/data/raw/harting_Han64_EEE-M-C-allSides-2/harting_Han64_EEE-M-C-CrossSection-1/frame_000292.jpg,harting_han64_eee_m_c_allsides_2,cross_section_1,frame_000292,,,unassigned,good,/home/sb/Harting_Inspection/data/raw/harting_Han64_EEE-M-C-allSides-2/harting_Han64_EEE-M-C-CrossSection-1
147956445bcf0f97,/home/sb/Harting_Inspection/data/raw/harting_Han64_EEE-M-C-allSides-2/harting_Han64_EEE-M-C-CrossSection-1/frame_000293.jpg,harting_han64_eee_m_c_allsides_2,cross_section_1,frame_000293,,,unassigned,good,/home/sb/Harting_Inspection/data/raw/harting_Han64_EEE-M-C-allSides-2/harting_Han64_EEE-M-C-CrossSection-1
3bb2e40140ad98b8,/home/sb/Harting_Inspection/data/raw/harting_Han64_EEE-M-C-allSides-2/harting_Han64_EEE-M-C-CrossSection-1/frame_000294.jpg,harting_han64_eee_m_c_allsides_2,cross_section_1,frame_000294,,,unassigned,good,/home/sb/Harting_Inspection/data/raw/harting_Han64_EEE-M-C-allSides-2/harting_Han64_EEE-M-C-CrossSection-1
7e791b23663ccaed,/home/sb/Harting_Inspection/data/raw/harting_Han64_EEE-M-C-allSides-2/harting_Han64_EEE-M-C-CrossSection-1/frame_000295.jpg,harting_han64_eee_m_c_allsides_2,cross_section_1,frame_000295,,,unassigned,good,/home/sb/Harting_Inspection/data/raw/harting_Han64_EEE-M-C-allSides-2/harting_Han64_EEE-M-C-CrossSection-1
aa56de42b114e50f,/home/sb/Harting_Inspection/data/raw/harting_Han64_EEE-M-C-allSides-2/harting_Han64_EEE-M-C-CrossSection-1/frame_000296.jpg,harting_han64_eee_m_c_allsides_2,cross_section_1,frame_000296,,,unassigned,good,/home/sb/Harting_Inspection/data/raw/harting_Han64_EEE-M-C-allSides-2/harting_Han64_EEE-M-C-CrossSection-1
b095841d3fe70403,/home/sb/Harting_Inspection/data/raw/harting_Han64_EEE-M-C-allSides-2/harting_Han64_EEE-M-C-CrossSection-1/frame_000297.jpg,harting_han64_eee_m_c_allsides_2,cross_section_1,frame_000297,,,unassigned,good,/home/sb/Harting_Inspection/data/raw/harting_Han64_EEE-M-C-allSides-2/harting_Han64_EEE-M-C-CrossSection-1
3629d91e96dce7a0,/home/sb/Harting_Inspection/data/raw/harting_Han64_EEE-M-C-allSides-2/harting_Han64_EEE-M-C-CrossSection-1/frame_000298.jpg,harting_han64_eee_m_c_allsides_2,cross_section_1,frame_000298,,,unassigned,good,/home/sb/Harting_Inspection/data/raw/harting_Han64_EEE-M-C-allSides-2/harting_Han64_EEE-M-C-CrossSection-1
11db4645929e5b66,/home/sb/Harting_Inspection/data/raw/harting_Han64_EEE-M-C-allSides-2/harting_Han64_EEE-M-C-CrossSection-1/frame_000299.jpg,harting_han64_eee_m_c_allsides_2,cross_section_1,frame_000299,,,unassigned,good,/home/sb/Harting_Inspection/data/raw/harting_Han64_EEE-M-C-allSides-2/harting_Han64_EEE-M-C-CrossSection-1
2a4f3875e2c4c15a,/home/sb/Harting_Inspection/data/raw/harting_Han64_EEE-M-C-allSides-2/harting_Han64_EEE-M-C-CrossSection-1/frame_000300.jpg,harting_han64_eee_m_c_allsides_2,cross_section_1,frame_000300,,,unassigned,good,/home/sb/Harting_Inspection/data/raw/harting_Han64_EEE-M-C-allSides-2/harting_Han64_EEE-M-C-CrossSection-1
250b7d3eee69b420,/home/sb/Harting_Inspection/data/raw/harting_Han64_EEE-M-C-allSides-2/harting_Han64_EEE-M-C-CrossSection-1/frame_000301.jpg,harting_han64_eee_m_c_allsides_2,cross_section_1,frame_000301,,,unassigned,good,/home/sb/Harting_Inspection/data/raw/harting_Han64_EEE-M-C-allSides-2/harting_Han64_EEE-M-C-CrossSection-1
51f68a4ffbad70ea,/home/sb/Harting_Inspection/data/raw/harting_Han64_EEE-M-C-allSides-2/harting_Han64_EEE-M-C-CrossSection-1/frame_000302.jpg,harting_han64_eee_m_c_allsides_2,cross_section_1,frame_000302,,,unassigned,good,/home/sb/Harting_Inspection/data/raw/harting_Han64_EEE-M-C-allSides-2/harting_Han64_EEE-M-C-CrossSection-1
69c9be796f8fe430,/home/sb/Harting_Inspection/data/raw/harting_Han64_EEE-M-C-allSides-2/harting_Han64_EEE-M-C-CrossSection-1/frame_000303.jpg,harting_han64_eee_m_c_allsides_2,cross_section_1,frame_000303,,,unassigned,good,/home/sb/Harting_Inspection/data/raw/harting_Han64_EEE-M-C-allSides-2/harting_Han64_EEE-M-C-CrossSection-1
e67f809dec015627,/home/sb/Harting_Inspection/data/raw/harting_Han64_EEE-M-C-allSides-2/harting_Han64_EEE-M-C-CrossSection-1/frame_000304.jpg,harting_han64_eee_m_c_allsides_2,cross_section_1,frame_000304,,,unassigned,good,/home/sb/Harting_Inspection/data/raw/harting_Han64_EEE-M-C-allSides-2/harting_Han64_EEE-M-C-CrossSection-1
17b93b7fd0811189,/home/sb/Harting_Inspection/data/raw/harting_Han64_EEE-M-C-allSides-2/harting_Han64_EEE-M-C-CrossSection-1/frame_000305.jpg,harting_han64_eee_m_c_allsides_2,cross_section_1,frame_000305,,,unassigned,good,/home/sb/Harting_Inspection/data/raw/harting_Han64_EEE-M-C-allSides-2/harting_Han64_EEE-M-C-CrossSection-1
194135ef50919ac0,/home/sb/Harting_Inspection/data/raw/harting_Han64_EEE-M-C-allSides-2/harting_Han64_EEE-M-C-CrossSection-1/frame_000306.jpg,harting_han64_eee_m_c_allsides_2,cross_section_1,frame_000306,,,unassigned,good,/home/sb/Harting_Inspection/data/raw/harting_Han64_EEE-M-C-allSides-2/harting_Han64_EEE-M-C-CrossSection-1
f41de1bf262a4dd0,/home/sb/Harting_Inspection/data/raw/harting_Han64_EEE-M-C-allSides-2/harting_Han64_EEE-M-C-CrossSection-1/frame_000307.jpg,harting_han64_eee_m_c_allsides_2,cross_section_1,frame_000307,,,unassigned,good,/home/sb/Harting_Inspection/data/raw/harting_Han64_EEE-M-C-allSides-2/harting_Han64_EEE-M-C-CrossSection-1
69296640f04e63a3,/home/sb/Harting_Inspection/data/raw/harting_Han64_EEE-M-C-allSides-2/harting_Han64_EEE-M-C-CrossSection-1/frame_000308.jpg,harting_han64_eee_m_c_allsides_2,cross_section_1,frame_000308,,,unassigned,good,/home/sb/Harting_Inspection/data/raw/harting_Han64_EEE-M-C-allSides-2/harting_Han64_EEE-M-C-CrossSection-1
3d53688c4e1b73b0,/home/sb/Harting_Inspection/data/raw/harting_Han64_EEE-M-C-allSides-2/harting_Han64_EEE-M-C-CrossSection-1/frame_000309.jpg,harting_han64_eee_m_c_allsides_2,cross_section_1,frame_000309,,,unassigned,good,/home/sb/Harting_Inspection/data/raw/harting_Han64_EEE-M-C-allSides-2/harting_Han64_EEE-M-C-CrossSection-1
c5355eb8f38fa7ec,/home/sb/Harting_Inspection/data/raw/harting_Han64_EEE-M-C-allSides-2/harting_Han64_EEE-M-C-CrossSection-1/frame_000310.jpg,harting_han64_eee_m_c_allsides_2,cross_section_1,frame_000310,,,unassigned,good,/home/sb/Harting_Inspection/data/raw/harting_Han64_EEE-M-C-allSides-2/harting_Han64_EEE-M-C-CrossSection-1
0a67d52abdeb6daf,/home/sb/Harting_Inspection/data/raw/harting_Han64_EEE-M-C-allSides-2/harting_Han64_EEE-M-C-CrossSection-1/frame_000311.jpg,harting_han64_eee_m_c_allsides_2,cross_section_1,frame_000311,,,unassigned,good,/home/sb/Harting_Inspection/data/raw/harting_Han64_EEE-M-C-allSides-2/harting_Han64_EEE-M-C-CrossSection-1
32e86b3ed73c8b14,/home/sb/Harting_Inspection/data/raw/harting_Han64_EEE-M-C-allSides-2/harting_Han64_EEE-M-C-CrossSection-1/frame_000312.jpg,harting_han64_eee_m_c_allsides_2,cross_section_1,frame_000312,,,unassigned,good,/home/sb/Harting_Inspection/data/raw/harting_Han64_EEE-M-C-allSides-2/harting_Han64_EEE-M-C-CrossSection-1
3c876b3bfe19ad64,/home/sb/Harting_Inspection/data/raw/harting_Han64_EEE-M-C-allSides-2/harting_Han64_EEE-M-C-CrossSection-1/frame_000313.jpg,harting_han64_eee_m_c_allsides_2,cross_section_1,frame_000313,,,unassigned,good,/home/sb/Harting_Inspection/data/raw/harting_Han64_EEE-M-C-allSides-2/harting_Han64_EEE-M-C-CrossSection-1
1a25142c2a2af119,/home/sb/Harting_Inspection/data/raw/harting_Han64_EEE-M-C-allSides-2/harting_Han64_EEE-M-C-CrossSection-1/frame_000314.jpg,harting_han64_eee_m_c_allsides_2,cross_section_1,frame_000314,,,unassigned,good,/home/sb/Harting_Inspection/data/raw/harting_Han64_EEE-M-C-allSides-2/harting_Han64_EEE-M-C-CrossSection-1
9c431398a7f8d148,/home/sb/Harting_Inspection/data/raw/harting_Han64_EEE-M-C-allSides-2/harting_Han64_EEE-M-C-CrossSection-1/frame_000315.jpg,harting_han64_eee_m_c_allsides_2,cross_section_1,frame_000315,,,unassigned,good,/home/sb/Harting_Inspection/data/raw/harting_Han64_EEE-M-C-allSides-2/harting_Han64_EEE-M-C-CrossSection-1
ef59cf5c954c4e25,/home/sb/Harting_Inspection/data/raw/harting_Han64_EEE-M-C-allSides-2/harting_Han64_EEE-M-C-CrossSection-1/frame_000316.jpg,harting_han64_eee_m_c_allsides_2,cross_section_1,frame_000316,,,unassigned,good,/home/sb/Harting_Inspection/data/raw/harting_Han64_EEE-M-C-allSides-2/harting_Han64_EEE-M-C-CrossSection-1
a85f2f741af24549,/home/sb/Harting_Inspection/data/raw/harting_Han64_EEE-M-C-allSides-2/harting_Han64_EEE-M-C-CrossSection-1/frame_000317.jpg,harting_han64_eee_m_c_allsides_2,cross_section_1,frame_000317,,,unassigned,good,/home/sb/Harting_Inspection/data/raw/harting_Han64_EEE-M-C-allSides-2/harting_Han64_EEE-M-C-CrossSection-1
919f5f2d06565f31,/home/sb/Harting_Inspection/data/raw/harting_Han64_EEE-M-C-allSides-2/harting_Han64_EEE-M-C-CrossSection-1/frame_000318.jpg,harting_han64_eee_m_c_allsides_2,cross_section_1,frame_000318,,,unassigned,good,/home/sb/Harting_Inspection/data/raw/harting_Han64_EEE-M-C-allSides-2/harting_Han64_EEE-M-C-CrossSection-1
8d1026b64a005507,/home/sb/Harting_Inspection/data/raw/harting_Han64_EEE-M-C-allSides-2/harting_Han64_EEE-M-C-CrossSection-1/frame_000319.jpg,harting_han64_eee_m_c_allsides_2,cross_section_1,frame_000319,,,unassigned,good,/home/sb/Harting_Inspection/data/raw/harting_Han64_EEE-M-C-allSides-2/harting_Han64_EEE-M-C-CrossSection-1
37bbdc233a9ba9b0,/home/sb/Harting_Inspection/data/raw/harting_Han64_EEE-M-C-allSides-2/harting_Han64_EEE-M-C-CrossSection-1/frame_000320.jpg,harting_han64_eee_m_c_allsides_2,cross_section_1,frame_000320,,,unassigned,good,/home/sb/Harting_Inspection/data/raw/harting_Han64_EEE-M-C-allSides-2/harting_Han64_EEE-M-C-CrossSection-1
cedf2584fb285339,/home/sb/Harting_Inspection/data/raw/harting_Han64_EEE-M-C-allSides-2/harting_Han64_EEE-M-C-CrossSection-1/frame_000321.jpg,harting_han64_eee_m_c_allsides_2,cross_section_1,frame_000321,,,unassigned,good,/home/sb/Harting_Inspection/data/raw/harting_Han64_EEE-M-C-allSides-2/harting_Han64_EEE-M-C-CrossSection-1
33feb7c6e42bcd4b,/home/sb/Harting_Inspection/data/raw/harting_Han64_EEE-M-C-allSides-2/harting_Han64_EEE-M-C-CrossSection-1/frame_000322.jpg,harting_han64_eee_m_c_allsides_2,cross_section_1,frame_000322,,,unassigned,good,/home/sb/Harting_Inspection/data/raw/harting_Han64_EEE-M-C-allSides-2/harting_Han64_EEE-M-C-CrossSection-1
6ae755f8f5d74c12,/home/sb/Harting_Inspection/data/raw/harting_Han64_EEE-M-C-allSides-2/harting_Han64_EEE-M-C-CrossSection-1/frame_000323.jpg,harting_han64_eee_m_c_allsides_2,cross_section_1,frame_000323,,,unassigned,good,/home/sb/Harting_Inspection/data/raw/harting_Han64_EEE-M-C-allSides-2/harting_Han64_EEE-M-C-CrossSection-1
dc672d052e583bcf,/home/sb/Harting_Inspection/data/raw/harting_Han64_EEE-M-C-allSides-2/harting_Han64_EEE-M-C-CrossSection-1/frame_000324.jpg,harting_han64_eee_m_c_allsides_2,cross_section_1,frame_000324,,,unassigned,good,/home/sb/Harting_Inspection/data/raw/harting_Han64_EEE-M-C-allSides-2/harting_Han64_EEE-M-C-CrossSection-1
320c06e0f57aa3f1,/home/sb/Harting_Inspection/data/raw/harting_Han64_EEE-M-C-allSides-2/harting_Han64_EEE-M-C-CrossSection-1/frame_000325.jpg,harting_han64_eee_m_c_allsides_2,cross_section_1,frame_000325,,,unassigned,good,/home/sb/Harting_Inspection/data/raw/harting_Han64_EEE-M-C-allSides-2/harting_Han64_EEE-M-C-CrossSection-1
975f15b11bc83fae,/home/sb/Harting_Inspection/data/raw/harting_Han64_EEE-M-C-allSides-2/harting_Han64_EEE-M-C-CrossSection-1/frame_000326.jpg,harting_han64_eee_m_c_allsides_2,cross_section_1,frame_000326,,,unassigned,good,/home/sb/Harting_Inspection/data/raw/harting_Han64_EEE-M-C-allSides-2/harting_Han64_EEE-M-C-CrossSection-1
e39e6192a65f3a7c,/home/sb/Harting_Inspection/data/raw/harting_Han64_EEE-M-C-allSides-2/harting_Han64_EEE-M-C-CrossSection-1/frame_000327.jpg,harting_han64_eee_m_c_allsides_2,cross_section_1,frame_000327,,,unassigned,good,/home/sb/Harting_Inspection/data/raw/harting_Han64_EEE-M-C-allSides-2/harting_Han64_EEE-M-C-CrossSection-1
3450c3b945757aa3,/home/sb/Harting_Inspection/data/raw/harting_Han64_EEE-M-C-allSides-2/harting_Han64_EEE-M-C-CrossSection-1/frame_000328.jpg,harting_han64_eee_m_c_allsides_2,cross_section_1,frame_000328,,,unassigned,good,/home/sb/Harting_Inspection/data/raw/harting_Han64_EEE-M-C-allSides-2/harting_Han64_EEE-M-C-CrossSection-1
2d096d325d7b071f,/home/sb/Harting_Inspection/data/raw/harting_Han64_EEE-M-C-allSides-2/harting_Han64_EEE-M-C-CrossSection-1/frame_000329.jpg,harting_han64_eee_m_c_allsides_2,cross_section_1,frame_000329,,,unassigned,good,/home/sb/Harting_Inspection/data/raw/harting_Han64_EEE-M-C-allSides-2/harting_Han64_EEE-M-C-CrossSection-1
8ab35b4b3fa9445e,/home/sb/Harting_Inspection/data/raw/harting_Han64_EEE-M-C-allSides-2/harting_Han64_EEE-M-C-CrossSection-1/frame_000330.jpg,harting_han64_eee_m_c_allsides_2,cross_section_1,frame_000330,,,unassigned,good,/home/sb/Harting_Inspection/data/raw/harting_Han64_EEE-M-C-allSides-2/harting_Han64_EEE-M-C-CrossSection-1
51d047ab867bbc1e,/home/sb/Harting_Inspection/data/raw/harting_Han64_EEE-M-C-allSides-2/harting_Han64_EEE-M-C-CrossSection-1/frame_000331.jpg,harting_han64_eee_m_c_allsides_2,cross_section_1,frame_000331,,,unassigned,good,/home/sb/Harting_Inspection/data/raw/harting_Han64_EEE-M-C-allSides-2/harting_Han64_EEE-M-C-CrossSection-1
aa2734843fbfa956,/home/sb/Harting_Inspection/data/raw/harting_Han64_EEE-M-C-allSides-2/harting_Han64_EEE-M-C-CrossSection-1/frame_000332.jpg,harting_han64_eee_m_c_allsides_2,cross_section_1,frame_000332,,,unassigned,good,/home/sb/Harting_Inspection/data/raw/harting_Han64_EEE-M-C-allSides-2/harting_Han64_EEE-M-C-CrossSection-1
0c1dc3b9585bdfa1,/home/sb/Harting_Inspection/data/raw/harting_Han64_EEE-M-C-allSides-2/harting_Han64_EEE-M-C-CrossSection-1/frame_000333.jpg,harting_han64_eee_m_c_allsides_2,cross_section_1,frame_000333,,,unassigned,good,/home/sb/Harting_Inspection/data/raw/harting_Han64_EEE-M-C-allSides-2/harting_Han64_EEE-M-C-CrossSection-1
18781ea0612e9821,/home/sb/Harting_Inspection/data/raw/harting_Han64_EEE-M-C-allSides-2/harting_Han64_EEE-M-C-CrossSection-1/frame_000334.jpg,harting_han64_eee_m_c_allsides_2,cross_section_1,frame_000334,,,unassigned,good,/home/sb/Harting_Inspection/data/raw/harting_Han64_EEE-M-C-allSides-2/harting_Han64_EEE-M-C-CrossSection-1
3ebe3afd07d1b567,/home/sb/Harting_Inspection/data/raw/harting_Han64_EEE-M-C-allSides-2/harting_Han64_EEE-M-C-CrossSection-1/frame_000335.jpg,harting_han64_eee_m_c_allsides_2,cross_section_1,frame_000335,,,unassigned,good,/home/sb/Harting_Inspection/data/raw/harting_Han64_EEE-M-C-allSides-2/harting_Han64_EEE-M-C-CrossSection-1
138aaf662a45f8de,/home/sb/Harting_Inspection/data/raw/harting_Han64_EEE-M-C-allSides-2/harting_Han64_EEE-M-C-CrossSection-1/frame_000336.jpg,harting_han64_eee_m_c_allsides_2,cross_section_1,frame_000336,,,unassigned,good,/home/sb/Harting_Inspection/data/raw/harting_Han64_EEE-M-C-allSides-2/harting_Han64_EEE-M-C-CrossSection-1
4184c96596461bf7,/home/sb/Harting_Inspection/data/raw/harting_Han64_EEE-M-C-allSides-2/harting_Han64_EEE-M-C-CrossSection-1/frame_000337.jpg,harting_han64_eee_m_c_allsides_2,cross_section_1,frame_000337,,,unassigned,good,/home/sb/Harting_Inspection/data/raw/harting_Han64_EEE-M-C-allSides-2/harting_Han64_EEE-M-C-CrossSection-1
d5b9e1ad5ea4635e,/home/sb/Harting_Inspection/data/raw/harting_Han64_EEE-M-C-allSides-2/harting_Han64_EEE-M-C-CrossSection-1/frame_000338.jpg,harting_han64_eee_m_c_allsides_2,cross_section_1,frame_000338,,,unassigned,good,/home/sb/Harting_Inspection/data/raw/harting_Han64_EEE-M-C-allSides-2/harting_Han64_EEE-M-C-CrossSection-1
387e0eb5c8802c9a,/home/sb/Harting_Inspection/data/raw/harting_Han64_EEE-M-C-allSides-2/harting_Han64_EEE-M-C-CrossSection-1/frame_000339.jpg,harting_han64_eee_m_c_allsides_2,cross_section_1,frame_000339,,,unassigned,good,/home/sb/Harting_Inspection/data/raw/harting_Han64_EEE-M-C-allSides-2/harting_Han64_EEE-M-C-CrossSection-1
f8bd7e1cd53fec27,/home/sb/Harting_Inspection/data/raw/harting_Han64_EEE-M-C-allSides-2/harting_Han64_EEE-M-C-CrossSection-1/frame_000340.jpg,harting_han64_eee_m_c_allsides_2,cross_section_1,frame_000340,,,unassigned,good,/home/sb/Harting_Inspection/data/raw/harting_Han64_EEE-M-C-allSides-2/harting_Han64_EEE-M-C-CrossSection-1
2273f4727af2589b,/home/sb/Harting_Inspection/data/raw/harting_Han64_EEE-M-C-allSides-2/harting_Han64_EEE-M-C-CrossSection-1/frame_000341.jpg,harting_han64_eee_m_c_allsides_2,cross_section_1,frame_000341,,,unassigned,good,/home/sb/Harting_Inspection/data/raw/harting_Han64_EEE-M-C-allSides-2/harting_Han64_EEE-M-C-CrossSection-1
affffa2f89979a13,/home/sb/Harting_Inspection/data/raw/harting_Han64_EEE-M-C-allSides-2/harting_Han64_EEE-M-C-CrossSection-1/frame_000342.jpg,harting_han64_eee_m_c_allsides_2,cross_section_1,frame_000342,,,unassigned,good,/home/sb/Harting_Inspection/data/raw/harting_Han64_EEE-M-C-allSides-2/harting_Han64_EEE-M-C-CrossSection-1
72dc9bde5a809910,/home/sb/Harting_Inspection/data/raw/harting_Han64_EEE-M-C-allSides-2/harting_Han64_EEE-M-C-CrossSection-1/frame_000343.jpg,harting_han64_eee_m_c_allsides_2,cross_section_1,frame_000343,,,unassigned,good,/home/sb/Harting_Inspection/data/raw/harting_Han64_EEE-M-C-allSides-2/harting_Han64_EEE-M-C-CrossSection-1
8a87f1613b6e6ec7,/home/sb/Harting_Inspection/data/raw/harting_Han64_EEE-M-C-allSides-2/harting_Han64_EEE-M-C-CrossSection-1/frame_000344.jpg,harting_han64_eee_m_c_allsides_2,cross_section_1,frame_000344,,,unassigned,good,/home/sb/Harting_Inspection/data/raw/harting_Han64_EEE-M-C-allSides-2/harting_Han64_EEE-M-C-CrossSection-1
0fbc9ca7d4832091,/home/sb/Harting_Inspection/data/raw/harting_Han64_EEE-M-C-allSides-2/harting_Han64_EEE-M-C-CrossSection-1/frame_000345.jpg,harting_han64_eee_m_c_allsides_2,cross_section_1,frame_000345,,,unassigned,good,/home/sb/Harting_Inspection/data/raw/harting_Han64_EEE-M-C-allSides-2/harting_Han64_EEE-M-C-CrossSection-1
74b77442191bf597,/home/sb/Harting_Inspection/data/raw/harting_Han64_EEE-M-C-allSides-2/harting_Han64_EEE-M-C-CrossSection-1/frame_000346.jpg,harting_han64_eee_m_c_allsides_2,cross_section_1,frame_000346,,,unassigned,good,/home/sb/Harting_Inspection/data/raw/harting_Han64_EEE-M-C-allSides-2/harting_Han64_EEE-M-C-CrossSection-1
988b3bcfa7f9a8d8,/home/sb/Harting_Inspection/data/raw/harting_Han64_EEE-M-C-allSides-2/harting_Han64_EEE-M-C-CrossSection-1/frame_000347.jpg,harting_han64_eee_m_c_allsides_2,cross_section_1,frame_000347,,,unassigned,good,/home/sb/Harting_Inspection/data/raw/harting_Han64_EEE-M-C-allSides-2/harting_Han64_EEE-M-C-CrossSection-1
b634b834dcf60701,/home/sb/Harting_Inspection/data/raw/harting_Han64_EEE-M-C-allSides-2/harting_Han64_EEE-M-C-CrossSection-1/frame_000348.jpg,harting_han64_eee_m_c_allsides_2,cross_section_1,frame_000348,,,unassigned,good,/home/sb/Harting_Inspection/data/raw/harting_Han64_EEE-M-C-allSides-2/harting_Han64_EEE-M-C-CrossSection-1
80ec5e049cce058e,/home/sb/Harting_Inspection/data/raw/harting_Han64_EEE-M-C-allSides-2/harting_Han64_EEE-M-C-CrossSection-1/frame_000349.jpg,harting_han64_eee_m_c_allsides_2,cross_section_1,frame_000349,,,unassigned,good,/home/sb/Harting_Inspection/data/raw/harting_Han64_EEE-M-C-allSides-2/harting_Han64_EEE-M-C-CrossSection-1
437bdb2610bf4879,/home/sb/Harting_Inspection/data/raw/harting_Han64_EEE-M-C-allSides-2/harting_Han64_EEE-M-C-CrossSection-1/frame_000350.jpg,harting_han64_eee_m_c_allsides_2,cross_section_1,frame_000350,,,unassigned,good,/home/sb/Harting_Inspection/data/raw/harting_Han64_EEE-M-C-allSides-2/harting_Han64_EEE-M-C-CrossSection-1
86770d7864db1b80,/home/sb/Harting_Inspection/data/raw/harting_Han64_EEE-M-C-allSides-2/harting_Han64_EEE-M-C-CrossSection-1/frame_000351.jpg,harting_han64_eee_m_c_allsides_2,cross_section_1,frame_000351,,,unassigned,good,/home/sb/Harting_Inspection/data/raw/harting_Han64_EEE-M-C-allSides-2/harting_Han64_EEE-M-C-CrossSection-1
f02c8c91d22255af,/home/sb/Harting_Inspection/data/raw/harting_Han64_EEE-M-C-allSides-2/harting_Han64_EEE-M-C-CrossSection-1/frame_000352.jpg,harting_han64_eee_m_c_allsides_2,cross_section_1,frame_000352,,,unassigned,good,/home/sb/Harting_Inspection/data/raw/harting_Han64_EEE-M-C-allSides-2/harting_Han64_EEE-M-C-CrossSection-1
ff49002a8a72d19a,/home/sb/Harting_Inspection/data/raw/harting_Han64_EEE-M-C-allSides-2/harting_Han64_EEE-M-C-CrossSection-1/frame_000353.jpg,harting_han64_eee_m_c_allsides_2,cross_section_1,frame_000353,,,unassigned,good,/home/sb/Harting_Inspection/data/raw/harting_Han64_EEE-M-C-allSides-2/harting_Han64_EEE-M-C-CrossSection-1
4c401f9eabe4a514,/home/sb/Harting_Inspection/data/raw/harting_Han64_EEE-M-C-allSides-2/harting_Han64_EEE-M-C-CrossSection-1/frame_000354.jpg,harting_han64_eee_m_c_allsides_2,cross_section_1,frame_000354,,,unassigned,good,/home/sb/Harting_Inspection/data/raw/harting_Han64_EEE-M-C-allSides-2/harting_Han64_EEE-M-C-CrossSection-1
c75cb942446db4b1,/home/sb/Harting_Inspection/data/raw/harting_Han64_EEE-M-C-allSides-2/harting_Han64_EEE-M-C-CrossSection-1/frame_000355.jpg,harting_han64_eee_m_c_allsides_2,cross_section_1,frame_000355,,,unassigned,good,/home/sb/Harting_Inspection/data/raw/harting_Han64_EEE-M-C-allSides-2/harting_Han64_EEE-M-C-CrossSection-1
c29073c7694fb921,/home/sb/Harting_Inspection/data/raw/harting_Han64_EEE-M-C-allSides-2/harting_Han64_EEE-M-C-CrossSection-1/frame_000356.jpg,harting_han64_eee_m_c_allsides_2,cross_section_1,frame_000356,,,unassigned,good,/home/sb/Harting_Inspection/data/raw/harting_Han64_EEE-M-C-allSides-2/harting_Han64_EEE-M-C-CrossSection-1
e0567367a8a26644,/home/sb/Harting_Inspection/data/raw/harting_Han64_EEE-M-C-allSides-2/harting_Han64_EEE-M-C-CrossSection-1/frame_000357.jpg,harting_han64_eee_m_c_allsides_2,cross_section_1,frame_000357,,,unassigned,good,/home/sb/Harting_Inspection/data/raw/harting_Han64_EEE-M-C-allSides-2/harting_Han64_EEE-M-C-CrossSection-1
968cd05bb582b3c5,/home/sb/Harting_Inspection/data/raw/harting_Han64_EEE-M-C-allSides-2/harting_Han64_EEE-M-C-CrossSection-1/frame_000358.jpg,harting_han64_eee_m_c_allsides_2,cross_section_1,frame_000358,,,unassigned,good,/home/sb/Harting_Inspection/data/raw/harting_Han64_EEE-M-C-allSides-2/harting_Han64_EEE-M-C-CrossSection-1
71f923ea3a6bced2,/home/sb/Harting_Inspection/data/raw/harting_Han64_EEE-M-C-allSides-2/harting_Han64_EEE-M-C-CrossSection-1/frame_000359.jpg,harting_han64_eee_m_c_allsides_2,cross_section_1,frame_000359,,,unassigned,good,/home/sb/Harting_Inspection/data/raw/harting_Han64_EEE-M-C-allSides-2/harting_Han64_EEE-M-C-CrossSection-1
fa550b5933459aed,/home/sb/Harting_Inspection/data/raw/harting_Han64_EEE-M-C-allSides-2/harting_Han64_EEE-M-C-CrossSection-1/frame_000360.jpg,harting_han64_eee_m_c_allsides_2,cross_section_1,frame_000360,,,unassigned,good,/home/sb/Harting_Inspection/data/raw/harting_Han64_EEE-M-C-allSides-2/harting_Han64_EEE-M-C-CrossSection-1
bbb99cb3be5ac458,/home/sb/Harting_Inspection/data/raw/harting_Han64_EEE-M-C-allSides-2/harting_Han64_EEE-M-C-CrossSection-1/frame_000361.jpg,harting_han64_eee_m_c_allsides_2,cross_section_1,frame_000361,,,unassigned,good,/home/sb/Harting_Inspection/data/raw/harting_Han64_EEE-M-C-allSides-2/harting_Han64_EEE-M-C-CrossSection-1
1ee2d4d40ba22cdb,/home/sb/Harting_Inspection/data/raw/harting_Han64_EEE-M-C-allSides-2/harting_Han64_EEE-M-C-CrossSection-1/frame_000362.jpg,harting_han64_eee_m_c_allsides_2,cross_section_1,frame_000362,,,unassigned,good,/home/sb/Harting_Inspection/data/raw/harting_Han64_EEE-M-C-allSides-2/harting_Han64_EEE-M-C-CrossSection-1
b2ab6eab8ca6c3e0,/home/sb/Harting_Inspection/data/raw/harting_Han64_EEE-M-C-allSides-2/harting_Han64_EEE-M-C-CrossSection-1/frame_000363.jpg,harting_han64_eee_m_c_allsides_2,cross_section_1,frame_000363,,,unassigned,good,/home/sb/Harting_Inspection/data/raw/harting_Han64_EEE-M-C-allSides-2/harting_Han64_EEE-M-C-CrossSection-1
1c1da4465875c378,/home/sb/Harting_Inspection/data/raw/harting_Han64_EEE-M-C-allSides-2/harting_Han64_EEE-M-C-CrossSection-1/frame_000364.jpg,harting_han64_eee_m_c_allsides_2,cross_section_1,frame_000364,,,unassigned,good,/home/sb/Harting_Inspection/data/raw/harting_Han64_EEE-M-C-allSides-2/harting_Han64_EEE-M-C-CrossSection-1
bfc45c6f150e3570,/home/sb/Harting_Inspection/data/raw/harting_Han64_EEE-M-C-allSides-2/harting_Han64_EEE-M-C-CrossSection-1/frame_000365.jpg,harting_han64_eee_m_c_allsides_2,cross_section_1,frame_000365,,,unassigned,good,/home/sb/Harting_Inspection/data/raw/harting_Han64_EEE-M-C-allSides-2/harting_Han64_EEE-M-C-CrossSection-1
b059488723e2e202,/home/sb/Harting_Inspection/data/raw/harting_Han64_EEE-M-C-allSides-2/harting_Han64_EEE-M-C-CrossSection-1/frame_000366.jpg,harting_han64_eee_m_c_allsides_2,cross_section_1,frame_000366,,,unassigned,good,/home/sb/Harting_Inspection/data/raw/harting_Han64_EEE-M-C-allSides-2/harting_Han64_EEE-M-C-CrossSection-1
ac82bbf211206c99,/home/sb/Harting_Inspection/data/raw/harting_Han64_EEE-M-C-allSides-2/harting_Han64_EEE-M-C-CrossSection-1/frame_000367.jpg,harting_han64_eee_m_c_allsides_2,cross_section_1,frame_000367,,,unassigned,good,/home/sb/Harting_Inspection/data/raw/harting_Han64_EEE-M-C-allSides-2/harting_Han64_EEE-M-C-CrossSection-1
7fb38072d25f977d,/home/sb/Harting_Inspection/data/raw/harting_Han64_EEE-M-C-allSides-2/harting_Han64_EEE-M-C-CrossSection-1/frame_000368.jpg,harting_han64_eee_m_c_allsides_2,cross_section_1,frame_000368,,,unassigned,good,/home/sb/Harting_Inspection/data/raw/harting_Han64_EEE-M-C-allSides-2/harting_Han64_EEE-M-C-CrossSection-1
00fface5a82d1786,/home/sb/Harting_Inspection/data/raw/harting_Han64_EEE-M-C-allSides-2/harting_Han64_EEE-M-C-CrossSection-1/frame_000369.jpg,harting_han64_eee_m_c_allsides_2,cross_section_1,frame_000369,,,unassigned,good,/home/sb/Harting_Inspection/data/raw/harting_Han64_EEE-M-C-allSides-2/harting_Han64_EEE-M-C-CrossSection-1
e615ad5b5fade991,/home/sb/Harting_Inspection/data/raw/harting_Han64_EEE-M-C-allSides-2/harting_Han64_EEE-M-C-CrossSection-1/frame_000370.jpg,harting_han64_eee_m_c_allsides_2,cross_section_1,frame_000370,,,unassigned,good,/home/sb/Harting_Inspection/data/raw/harting_Han64_EEE-M-C-allSides-2/harting_Han64_EEE-M-C-CrossSection-1
91df1af4ab5f95ae,/home/sb/Harting_Inspection/data/raw/harting_Han64_EEE-M-C-allSides-2/harting_Han64_EEE-M-C-CrossSection-1/frame_000371.jpg,harting_han64_eee_m_c_allsides_2,cross_section_1,frame_000371,,,unassigned,good,/home/sb/Harting_Inspection/data/raw/harting_Han64_EEE-M-C-allSides-2/harting_Han64_EEE-M-C-CrossSection-1
98ead0f6323f36ef,/home/sb/Harting_Inspection/data/raw/harting_Han64_EEE-M-C-allSides-2/harting_Han64_EEE-M-C-CrossSection-1/frame_000372.jpg,harting_han64_eee_m_c_allsides_2,cross_section_1,frame_000372,,,unassigned,good,/home/sb/Harting_Inspection/data/raw/harting_Han64_EEE-M-C-allSides-2/harting_Han64_EEE-M-C-CrossSection-1
29a3de2b28dc9014,/home/sb/Harting_Inspection/data/raw/harting_Han64_EEE-M-C-allSides-2/harting_Han64_EEE-M-C-CrossSection-1/frame_000373.jpg,harting_han64_eee_m_c_allsides_2,cross_section_1,frame_000373,,,unassigned,good,/home/sb/Harting_Inspection/data/raw/harting_Han64_EEE-M-C-allSides-2/harting_Han64_EEE-M-C-CrossSection-1
fd8ae919cb760d37,/home/sb/Harting_Inspection/data/raw/harting_Han64_EEE-M-C-allSides-2/harting_Han64_EEE-M-C-CrossSection-1/frame_000374.jpg,harting_han64_eee_m_c_allsides_2,cross_section_1,frame_000374,,,unassigned,good,/home/sb/Harting_Inspection/data/raw/harting_Han64_EEE-M-C-allSides-2/harting_Han64_EEE-M-C-CrossSection-1
a715959b43b64574,/home/sb/Harting_Inspection/data/raw/harting_Han64_EEE-M-C-allSides-2/harting_Han64_EEE-M-C-CrossSection-1/frame_000375.jpg,harting_han64_eee_m_c_allsides_2,cross_section_1,frame_000375,,,unassigned,good,/home/sb/Harting_Inspection/data/raw/harting_Han64_EEE-M-C-allSides-2/harting_Han64_EEE-M-C-CrossSection-1
51dc45b0c0f81872,/home/sb/Harting_Inspection/data/raw/harting_Han64_EEE-M-C-allSides-2/harting_Han64_EEE-M-C-CrossSection-1/frame_000376.jpg,harting_han64_eee_m_c_allsides_2,cross_section_1,frame_000376,,,unassigned,good,/home/sb/Harting_Inspection/data/raw/harting_Han64_EEE-M-C-allSides-2/harting_Han64_EEE-M-C-CrossSection-1
127fa659a3897d3c,/home/sb/Harting_Inspection/data/raw/harting_Han64_EEE-M-C-allSides-2/harting_Han64_EEE-M-C-CrossSection-1/frame_000377.jpg,harting_han64_eee_m_c_allsides_2,cross_section_1,frame_000377,,,unassigned,good,/home/sb/Harting_Inspection/data/raw/harting_Han64_EEE-M-C-allSides-2/harting_Han64_EEE-M-C-CrossSection-1
1df1652b68985316,/home/sb/Harting_Inspection/data/raw/harting_Han64_EEE-M-C-allSides-2/harting_Han64_EEE-M-C-CrossSection-1/frame_000378.jpg,harting_han64_eee_m_c_allsides_2,cross_section_1,frame_000378,,,unassigned,good,/home/sb/Harting_Inspection/data/raw/harting_Han64_EEE-M-C-allSides-2/harting_Han64_EEE-M-C-CrossSection-1
f3f874d1a3e25644,/home/sb/Harting_Inspection/data/raw/harting_Han64_EEE-M-C-allSides-2/harting_Han64_EEE-M-C-CrossSection-1/frame_000379.jpg,harting_han64_eee_m_c_allsides_2,cross_section_1,frame_000379,,,unassigned,good,/home/sb/Harting_Inspection/data/raw/harting_Han64_EEE-M-C-allSides-2/harting_Han64_EEE-M-C-CrossSection-1
97806722ff4c9aac,/home/sb/Harting_Inspection/data/raw/harting_Han64_EEE-M-C-allSides-2/harting_Han64_EEE-M-C-CrossSection-1/frame_000380.jpg,harting_han64_eee_m_c_allsides_2,cross_section_1,frame_000380,,,unassigned,good,/home/sb/Harting_Inspection/data/raw/harting_Han64_EEE-M-C-allSides-2/harting_Han64_EEE-M-C-CrossSection-1
4bfca9d68d0bc871,/home/sb/Harting_Inspection/data/raw/harting_Han64_EEE-M-C-allSides-2/harting_Han64_EEE-M-C-CrossSection-1/frame_000381.jpg,harting_han64_eee_m_c_allsides_2,cross_section_1,frame_000381,,,unassigned,good,/home/sb/Harting_Inspection/data/raw/harting_Han64_EEE-M-C-allSides-2/harting_Han64_EEE-M-C-CrossSection-1
fd1209f67ecfbf84,/home/sb/Harting_Inspection/data/raw/harting_Han64_EEE-M-C-allSides-2/harting_Han64_EEE-M-C-CrossSection-1/frame_000382.jpg,harting_han64_eee_m_c_allsides_2,cross_section_1,frame_000382,,,unassigned,good,/home/sb/Harting_Inspection/data/raw/harting_Han64_EEE-M-C-allSides-2/harting_Han64_EEE-M-C-CrossSection-1
782ec592bfc1e6f3,/home/sb/Harting_Inspection/data/raw/harting_Han64_EEE-M-C-allSides-2/harting_Han64_EEE-M-C-CrossSection-1/frame_000383.jpg,harting_han64_eee_m_c_allsides_2,cross_section_1,frame_000383,,,unassigned,good,/home/sb/Harting_Inspection/data/raw/harting_Han64_EEE-M-C-allSides-2/harting_Han64_EEE-M-C-CrossSection-1
9a808e7450f2db88,/home/sb/Harting_Inspection/data/raw/harting_Han64_EEE-M-C-allSides-2/harting_Han64_EEE-M-C-CrossSection-1/frame_000384.jpg,harting_han64_eee_m_c_allsides_2,cross_section_1,frame_000384,,,unassigned,good,/home/sb/Harting_Inspection/data/raw/harting_Han64_EEE-M-C-allSides-2/harting_Han64_EEE-M-C-CrossSection-1
441add9cb68b3d32,/home/sb/Harting_Inspection/data/raw/harting_Han64_EEE-M-C-allSides-2/harting_Han64_EEE-M-C-CrossSection-1/frame_000385.jpg,harting_han64_eee_m_c_allsides_2,cross_section_1,frame_000385,,,unassigned,good,/home/sb/Harting_Inspection/data/raw/harting_Han64_EEE-M-C-allSides-2/harting_Han64_EEE-M-C-CrossSection-1
4e0f6f3e0fcbc920,/home/sb/Harting_Inspection/data/raw/harting_Han64_EEE-M-C-allSides-2/harting_Han64_EEE-M-C-CrossSection-1/frame_000386.jpg,harting_han64_eee_m_c_allsides_2,cross_section_1,frame_000386,,,unassigned,good,/home/sb/Harting_Inspection/data/raw/harting_Han64_EEE-M-C-allSides-2/harting_Han64_EEE-M-C-CrossSection-1
e4ac3b9d880ca8e9,/home/sb/Harting_Inspection/data/raw/harting_Han64_EEE-M-C-allSides-2/harting_Han64_EEE-M-C-CrossSection-1/frame_000387.jpg,harting_han64_eee_m_c_allsides_2,cross_section_1,frame_000387,,,unassigned,good,/home/sb/Harting_Inspection/data/raw/harting_Han64_EEE-M-C-allSides-2/harting_Han64_EEE-M-C-CrossSection-1
b50fb65802b86bdd,/home/sb/Harting_Inspection/data/raw/harting_Han64_EEE-M-C-allSides-2/harting_Han64_EEE-M-C-CrossSection-1/frame_000388.jpg,harting_han64_eee_m_c_allsides_2,cross_section_1,frame_000388,,,unassigned,good,/home/sb/Harting_Inspection/data/raw/harting_Han64_EEE-M-C-allSides-2/harting_Han64_EEE-M-C-CrossSection-1
9ac2bac302730feb,/home/sb/Harting_Inspection/data/raw/harting_Han64_EEE-M-C-allSides-2/harting_Han64_EEE-M-C-CrossSection-1/frame_000389.jpg,harting_han64_eee_m_c_allsides_2,cross_section_1,frame_000389,,,unassigned,good,/home/sb/Harting_Inspection/data/raw/harting_Han64_EEE-M-C-allSides-2/harting_Han64_EEE-M-C-CrossSection-1
3a011aba8df8ef8a,/home/sb/Harting_Inspection/data/raw/harting_Han64_EEE-M-C-allSides-2/harting_Han64_EEE-M-C-CrossSection-1/frame_000390.jpg,harting_han64_eee_m_c_allsides_2,cross_section_1,frame_000390,,,unassigned,good,/home/sb/Harting_Inspection/data/raw/harting_Han64_EEE-M-C-allSides-2/harting_Han64_EEE-M-C-CrossSection-1
f1ccd1d2dd28a7a3,/home/sb/Harting_Inspection/data/raw/harting_Han64_EEE-M-C-allSides-2/harting_Han64_EEE-M-C-CrossSection-1/frame_000391.jpg,harting_han64_eee_m_c_allsides_2,cross_section_1,frame_000391,,,unassigned,good,/home/sb/Harting_Inspection/data/raw/harting_Han64_EEE-M-C-allSides-2/harting_Han64_EEE-M-C-CrossSection-1
14b1722f25e32905,/home/sb/Harting_Inspection/data/raw/harting_Han64_EEE-M-C-allSides-2/harting_Han64_EEE-M-C-CrossSection-1/frame_000392.jpg,harting_han64_eee_m_c_allsides_2,cross_section_1,frame_000392,,,unassigned,good,/home/sb/Harting_Inspection/data/raw/harting_Han64_EEE-M-C-allSides-2/harting_Han64_EEE-M-C-CrossSection-1
cca5fe2eaffb237f,/home/sb/Harting_Inspection/data/raw/harting_Han64_EEE-M-C-allSides-2/harting_Han64_EEE-M-C-CrossSection-1/frame_000393.jpg,harting_han64_eee_m_c_allsides_2,cross_section_1,frame_000393,,,unassigned,good,/home/sb/Harting_Inspection/data/raw/harting_Han64_EEE-M-C-allSides-2/harting_Han64_EEE-M-C-CrossSection-1
5ac9ed9f68343f81,/home/sb/Harting_Inspection/data/raw/harting_Han64_EEE-M-C-allSides-2/harting_Han64_EEE-M-C-CrossSection-1/frame_000394.jpg,harting_han64_eee_m_c_allsides_2,cross_section_1,frame_000394,,,unassigned,good,/home/sb/Harting_Inspection/data/raw/harting_Han64_EEE-M-C-allSides-2/harting_Han64_EEE-M-C-CrossSection-1
2ff688e9507aacfb,/home/sb/Harting_Inspection/data/raw/harting_Han64_EEE-M-C-allSides-2/harting_Han64_EEE-M-C-CrossSection-1/frame_000395.jpg,harting_han64_eee_m_c_allsides_2,cross_section_1,frame_000395,,,unassigned,good,/home/sb/Harting_Inspection/data/raw/harting_Han64_EEE-M-C-allSides-2/harting_Han64_EEE-M-C-CrossSection-1
27dc4de42934d3ad,/home/sb/Harting_Inspection/data/raw/harting_Han64_EEE-M-C-allSides-2/harting_Han64_EEE-M-C-CrossSection-1/frame_000396.jpg,harting_han64_eee_m_c_allsides_2,cross_section_1,frame_000396,,,unassigned,good,/home/sb/Harting_Inspection/data/raw/harting_Han64_EEE-M-C-allSides-2/harting_Han64_EEE-M-C-CrossSection-1
3339c67928cd6388,/home/sb/Harting_Inspection/data/raw/harting_Han64_EEE-M-C-allSides-2/harting_Han64_EEE-M-C-CrossSection-1/frame_000397.jpg,harting_han64_eee_m_c_allsides_2,cross_section_1,frame_000397,,,unassigned,good,/home/sb/Harting_Inspection/data/raw/harting_Han64_EEE-M-C-allSides-2/harting_Han64_EEE-M-C-CrossSection-1
c947f678aef5ae44,/home/sb/Harting_Inspection/data/raw/harting_Han64_EEE-M-C-allSides-2/harting_Han64_EEE-M-C-CrossSection-1/frame_000398.jpg,harting_han64_eee_m_c_allsides_2,cross_section_1,frame_000398,,,unassigned,good,/home/sb/Harting_Inspection/data/raw/harting_Han64_EEE-M-C-allSides-2/harting_Han64_EEE-M-C-CrossSection-1
dd40caf0e01c1d55,/home/sb/Harting_Inspection/data/raw/harting_Han64_EEE-M-C-allSides-2/harting_Han64_EEE-M-C-CrossSection-1/frame_000399.jpg,harting_han64_eee_m_c_allsides_2,cross_section_1,frame_000399,,,unassigned,good,/home/sb/Harting_Inspection/data/raw/harting_Han64_EEE-M-C-allSides-2/harting_Han64_EEE-M-C-CrossSection-1
8f80409eac62bbab,/home/sb/Harting_Inspection/data/raw/harting_Han64_EEE-M-C-allSides-2/harting_Han64_EEE-M-C-CrossSection-1/frame_000400.jpg,harting_han64_eee_m_c_allsides_2,cross_section_1,frame_000400,,,unassigned,good,/home/sb/Harting_Inspection/data/raw/harting_Han64_EEE-M-C-allSides-2/harting_Han64_EEE-M-C-CrossSection-1
d91a7fa64efa1794,/home/sb/Harting_Inspection/data/raw/harting_Han64_EEE-M-C-allSides-2/harting_Han64_EEE-M-C-CrossSection-1/frame_000401.jpg,harting_han64_eee_m_c_allsides_2,cross_section_1,frame_000401,,,unassigned,good,/home/sb/Harting_Inspection/data/raw/harting_Han64_EEE-M-C-allSides-2/harting_Han64_EEE-M-C-CrossSection-1
108d08f490f7192a,/home/sb/Harting_Inspection/data/raw/harting_Han64_EEE-M-C-allSides-2/harting_Han64_EEE-M-C-CrossSection-1/frame_000402.jpg,harting_han64_eee_m_c_allsides_2,cross_section_1,frame_000402,,,unassigned,good,/home/sb/Harting_Inspection/data/raw/harting_Han64_EEE-M-C-allSides-2/harting_Han64_EEE-M-C-CrossSection-1
daf7dedaef17c38e,/home/sb/Harting_Inspection/data/raw/harting_Han64_EEE-M-C-allSides-2/harting_Han64_EEE-M-C-CrossSection-1/frame_000403.jpg,harting_han64_eee_m_c_allsides_2,cross_section_1,frame_000403,,,unassigned,good,/home/sb/Harting_Inspection/data/raw/harting_Han64_EEE-M-C-allSides-2/harting_Han64_EEE-M-C-CrossSection-1
9176c2aa7374342e,/home/sb/Harting_Inspection/data/raw/harting_Han64_EEE-M-C-allSides-2/harting_Han64_EEE-M-C-CrossSection-1/frame_000404.jpg,harting_han64_eee_m_c_allsides_2,cross_section_1,frame_000404,,,unassigned,good,/home/sb/Harting_Inspection/data/raw/harting_Han64_EEE-M-C-allSides-2/harting_Han64_EEE-M-C-CrossSection-1
4006e4c05facd2e4,/home/sb/Harting_Inspection/data/raw/harting_Han64_EEE-M-C-allSides-2/harting_Han64_EEE-M-C-CrossSection-1/frame_000405.jpg,harting_han64_eee_m_c_allsides_2,cross_section_1,frame_000405,,,unassigned,good,/home/sb/Harting_Inspection/data/raw/harting_Han64_EEE-M-C-allSides-2/harting_Han64_EEE-M-C-CrossSection-1
dcbcd59cf6776624,/home/sb/Harting_Inspection/data/raw/harting_Han64_EEE-M-C-allSides-2/harting_Han64_EEE-M-C-CrossSection-1/frame_000406.jpg,harting_han64_eee_m_c_allsides_2,cross_section_1,frame_000406,,,unassigned,good,/home/sb/Harting_Inspection/data/raw/harting_Han64_EEE-M-C-allSides-2/harting_Han64_EEE-M-C-CrossSection-1
548e6d0f7bae567d,/home/sb/Harting_Inspection/data/raw/harting_Han64_EEE-M-C-allSides-2/harting_Han64_EEE-M-C-CrossSection-1/frame_000407.jpg,harting_han64_eee_m_c_allsides_2,cross_section_1,frame_000407,,,unassigned,good,/home/sb/Harting_Inspection/data/raw/harting_Han64_EEE-M-C-allSides-2/harting_Han64_EEE-M-C-CrossSection-1
143bdd92b4f4a589,/home/sb/Harting_Inspection/data/raw/harting_Han64_EEE-M-C-allSides-2/harting_Han64_EEE-M-C-CrossSection-1/frame_000408.jpg,harting_han64_eee_m_c_allsides_2,cross_section_1,frame_000408,,,unassigned,good,/home/sb/Harting_Inspection/data/raw/harting_Han64_EEE-M-C-allSides-2/harting_Han64_EEE-M-C-CrossSection-1
c7720fe25b1b7466,/home/sb/Harting_Inspection/data/raw/harting_Han64_EEE-M-C-allSides-2/harting_Han64_EEE-M-C-CrossSection-1/frame_000409.jpg,harting_han64_eee_m_c_allsides_2,cross_section_1,frame_000409,,,unassigned,good,/home/sb/Harting_Inspection/data/raw/harting_Han64_EEE-M-C-allSides-2/harting_Han64_EEE-M-C-CrossSection-1
3cb2f43612b973ae,/home/sb/Harting_Inspection/data/raw/harting_Han64_EEE-M-C-allSides-2/harting_Han64_EEE-M-C-CrossSection-1/frame_000410.jpg,harting_han64_eee_m_c_allsides_2,cross_section_1,frame_000410,,,unassigned,good,/home/sb/Harting_Inspection/data/raw/harting_Han64_EEE-M-C-allSides-2/harting_Han64_EEE-M-C-CrossSection-1
71bab167bace24d8,/home/sb/Harting_Inspection/data/raw/harting_Han64_EEE-M-C-allSides-2/harting_Han64_EEE-M-C-CrossSection-1/frame_000411.jpg,harting_han64_eee_m_c_allsides_2,cross_section_1,frame_000411,,,unassigned,good,/home/sb/Harting_Inspection/data/raw/harting_Han64_EEE-M-C-allSides-2/harting_Han64_EEE-M-C-CrossSection-1
7e2f11e1b355f347,/home/sb/Harting_Inspection/data/raw/harting_Han64_EEE-M-C-allSides-2/harting_Han64_EEE-M-C-CrossSection-1/frame_000412.jpg,harting_han64_eee_m_c_allsides_2,cross_section_1,frame_000412,,,unassigned,good,/home/sb/Harting_Inspection/data/raw/harting_Han64_EEE-M-C-allSides-2/harting_Han64_EEE-M-C-CrossSection-1
7017816b5b39b8a4,/home/sb/Harting_Inspection/data/raw/harting_Han64_EEE-M-C-allSides-2/harting_Han64_EEE-M-C-CrossSection-1/frame_000413.jpg,harting_han64_eee_m_c_allsides_2,cross_section_1,frame_000413,,,unassigned,good,/home/sb/Harting_Inspection/data/raw/harting_Han64_EEE-M-C-allSides-2/harting_Han64_EEE-M-C-CrossSection-1
be9989dcf718c0da,/home/sb/Harting_Inspection/data/raw/harting_Han64_EEE-M-C-allSides-2/harting_Han64_EEE-M-C-CrossSection-1/frame_000414.jpg,harting_han64_eee_m_c_allsides_2,cross_section_1,frame_000414,,,unassigned,good,/home/sb/Harting_Inspection/data/raw/harting_Han64_EEE-M-C-allSides-2/harting_Han64_EEE-M-C-CrossSection-1
538ddc6772fc7ccf,/home/sb/Harting_Inspection/data/raw/harting_Han64_EEE-M-C-allSides-2/harting_Han64_EEE-M-C-CrossSection-1/frame_000415.jpg,harting_han64_eee_m_c_allsides_2,cross_section_1,frame_000415,,,unassigned,good,/home/sb/Harting_Inspection/data/raw/harting_Han64_EEE-M-C-allSides-2/harting_Han64_EEE-M-C-CrossSection-1
664d9bbc43635dbb,/home/sb/Harting_Inspection/data/raw/harting_Han64_EEE-M-C-allSides-2/harting_Han64_EEE-M-C-CrossSection-1/frame_000416.jpg,harting_han64_eee_m_c_allsides_2,cross_section_1,frame_000416,,,unassigned,good,/home/sb/Harting_Inspection/data/raw/harting_Han64_EEE-M-C-allSides-2/harting_Han64_EEE-M-C-CrossSection-1
41c89297567a8c02,/home/sb/Harting_Inspection/data/raw/harting_Han64_EEE-M-C-allSides-2/harting_Han64_EEE-M-C-CrossSection-1/frame_000417.jpg,harting_han64_eee_m_c_allsides_2,cross_section_1,frame_000417,,,unassigned,good,/home/sb/Harting_Inspection/data/raw/harting_Han64_EEE-M-C-allSides-2/harting_Han64_EEE-M-C-CrossSection-1
516602c4668c101e,/home/sb/Harting_Inspection/data/raw/harting_Han64_EEE-M-C-allSides-2/harting_Han64_EEE-M-C-CrossSection-1/frame_000418.jpg,harting_han64_eee_m_c_allsides_2,cross_section_1,frame_000418,,,unassigned,good,/home/sb/Harting_Inspection/data/raw/harting_Han64_EEE-M-C-allSides-2/harting_Han64_EEE-M-C-CrossSection-1
4180efad96f36a65,/home/sb/Harting_Inspection/data/raw/harting_Han64_EEE-M-C-allSides-2/harting_Han64_EEE-M-C-CrossSection-1/frame_000419.jpg,harting_han64_eee_m_c_allsides_2,cross_section_1,frame_000419,,,unassigned,good,/home/sb/Harting_Inspection/data/raw/harting_Han64_EEE-M-C-allSides-2/harting_Han64_EEE-M-C-CrossSection-1
1fe76fc2586f4610,/home/sb/Harting_Inspection/data/raw/harting_Han64_EEE-M-C-allSides-2/harting_Han64_EEE-M-C-CrossSection-1/frame_000420.jpg,harting_han64_eee_m_c_allsides_2,cross_section_1,frame_000420,,,unassigned,good,/home/sb/Harting_Inspection/data/raw/harting_Han64_EEE-M-C-allSides-2/harting_Han64_EEE-M-C-CrossSection-1
a24f2f0c90bdcbae,/home/sb/Harting_Inspection/data/raw/harting_Han64_EEE-M-C-allSides-2/harting_Han64_EEE-M-C-CrossSection-1/frame_000421.jpg,harting_han64_eee_m_c_allsides_2,cross_section_1,frame_000421,,,unassigned,good,/home/sb/Harting_Inspection/data/raw/harting_Han64_EEE-M-C-allSides-2/harting_Han64_EEE-M-C-CrossSection-1
821b116b7ca2ad0b,/home/sb/Harting_Inspection/data/raw/harting_Han64_EEE-M-C-allSides-2/harting_Han64_EEE-M-C-CrossSection-1/frame_000422.jpg,harting_han64_eee_m_c_allsides_2,cross_section_1,frame_000422,,,unassigned,good,/home/sb/Harting_Inspection/data/raw/harting_Han64_EEE-M-C-allSides-2/harting_Han64_EEE-M-C-CrossSection-1
8368fdafbbd369a1,/home/sb/Harting_Inspection/data/raw/harting_Han64_EEE-M-C-allSides-2/harting_Han64_EEE-M-C-CrossSection-1/frame_000423.jpg,harting_han64_eee_m_c_allsides_2,cross_section_1,frame_000423,,,unassigned,good,/home/sb/Harting_Inspection/data/raw/harting_Han64_EEE-M-C-allSides-2/harting_Han64_EEE-M-C-CrossSection-1
2ce32df0931e08c1,/home/sb/Harting_Inspection/data/raw/harting_Han64_EEE-M-C-allSides-2/harting_Han64_EEE-M-C-CrossSection-1/frame_000424.jpg,harting_han64_eee_m_c_allsides_2,cross_section_1,frame_000424,,,unassigned,good,/home/sb/Harting_Inspection/data/raw/harting_Han64_EEE-M-C-allSides-2/harting_Han64_EEE-M-C-CrossSection-1
a21c064dc20b3719,/home/sb/Harting_Inspection/data/raw/harting_Han64_EEE-M-C-allSides-2/harting_Han64_EEE-M-C-CrossSection-1/frame_000425.jpg,harting_han64_eee_m_c_allsides_2,cross_section_1,frame_000425,,,unassigned,good,/home/sb/Harting_Inspection/data/raw/harting_Han64_EEE-M-C-allSides-2/harting_Han64_EEE-M-C-CrossSection-1
4f840f571d4ac9f5,/home/sb/Harting_Inspection/data/raw/harting_Han64_EEE-M-C-allSides-2/harting_Han64_EEE-M-C-CrossSection-1/frame_000426.jpg,harting_han64_eee_m_c_allsides_2,cross_section_1,frame_000426,,,unassigned,good,/home/sb/Harting_Inspection/data/raw/harting_Han64_EEE-M-C-allSides-2/harting_Han64_EEE-M-C-CrossSection-1
73a74f3ae3805222,/home/sb/Harting_Inspection/data/raw/harting_Han64_EEE-M-C-allSides-2/harting_Han64_EEE-M-C-CrossSection-1/frame_000427.jpg,harting_han64_eee_m_c_allsides_2,cross_section_1,frame_000427,,,unassigned,good,/home/sb/Harting_Inspection/data/raw/harting_Han64_EEE-M-C-allSides-2/harting_Han64_EEE-M-C-CrossSection-1
e4afd243b54f14ec,/home/sb/Harting_Inspection/data/raw/harting_Han64_EEE-M-C-allSides-2/harting_Han64_EEE-M-C-CrossSection-1/frame_000428.jpg,harting_han64_eee_m_c_allsides_2,cross_section_1,frame_000428,,,unassigned,good,/home/sb/Harting_Inspection/data/raw/harting_Han64_EEE-M-C-allSides-2/harting_Han64_EEE-M-C-CrossSection-1
37fe0dca46078924,/home/sb/Harting_Inspection/data/raw/harting_Han64_EEE-M-C-allSides-2/harting_Han64_EEE-M-C-CrossSection-1/frame_000429.jpg,harting_han64_eee_m_c_allsides_2,cross_section_1,frame_000429,,,unassigned,good,/home/sb/Harting_Inspection/data/raw/harting_Han64_EEE-M-C-allSides-2/harting_Han64_EEE-M-C-CrossSection-1
bdf10d27bc77d2ce,/home/sb/Harting_Inspection/data/raw/harting_Han64_EEE-M-C-allSides-2/harting_Han64_EEE-M-C-CrossSection-1/frame_000430.jpg,harting_han64_eee_m_c_allsides_2,cross_section_1,frame_000430,,,unassigned,good,/home/sb/Harting_Inspection/data/raw/harting_Han64_EEE-M-C-allSides-2/harting_Han64_EEE-M-C-CrossSection-1
f9f643e9a5741dc9,/home/sb/Harting_Inspection/data/raw/harting_Han64_EEE-M-C-allSides-2/harting_Han64_EEE-M-C-CrossSection-1/frame_000431.jpg,harting_han64_eee_m_c_allsides_2,cross_section_1,frame_000431,,,unassigned,good,/home/sb/Harting_Inspection/data/raw/harting_Han64_EEE-M-C-allSides-2/harting_Han64_EEE-M-C-CrossSection-1
6b76434cac8727d4,/home/sb/Harting_Inspection/data/raw/harting_Han64_EEE-M-C-allSides-2/harting_Han64_EEE-M-C-CrossSection-1/frame_000432.jpg,harting_han64_eee_m_c_allsides_2,cross_section_1,frame_000432,,,unassigned,good,/home/sb/Harting_Inspection/data/raw/harting_Han64_EEE-M-C-allSides-2/harting_Han64_EEE-M-C-CrossSection-1
504316b899586f09,/home/sb/Harting_Inspection/data/raw/harting_Han64_EEE-M-C-allSides-2/harting_Han64_EEE-M-C-CrossSection-1/frame_000433.jpg,harting_han64_eee_m_c_allsides_2,cross_section_1,frame_000433,,,unassigned,good,/home/sb/Harting_Inspection/data/raw/harting_Han64_EEE-M-C-allSides-2/harting_Han64_EEE-M-C-CrossSection-1
2ad944dbf3a0ded7,/home/sb/Harting_Inspection/data/raw/harting_Han64_EEE-M-C-allSides-2/harting_Han64_EEE-M-C-CrossSection-1/frame_000434.jpg,harting_han64_eee_m_c_allsides_2,cross_section_1,frame_000434,,,unassigned,good,/home/sb/Harting_Inspection/data/raw/harting_Han64_EEE-M-C-allSides-2/harting_Han64_EEE-M-C-CrossSection-1
a839c5e4764c5ebe,/home/sb/Harting_Inspection/data/raw/harting_Han64_EEE-M-C-allSides-2/harting_Han64_EEE-M-C-CrossSection-1/frame_000435.jpg,harting_han64_eee_m_c_allsides_2,cross_section_1,frame_000435,,,unassigned,good,/home/sb/Harting_Inspection/data/raw/harting_Han64_EEE-M-C-allSides-2/harting_Han64_EEE-M-C-CrossSection-1
13286c579cf879d4,/home/sb/Harting_Inspection/data/raw/harting_Han64_EEE-M-C-allSides-2/harting_Han64_EEE-M-C-CrossSection-1/frame_000436.jpg,harting_han64_eee_m_c_allsides_2,cross_section_1,frame_000436,,,unassigned,good,/home/sb/Harting_Inspection/data/raw/harting_Han64_EEE-M-C-allSides-2/harting_Han64_EEE-M-C-CrossSection-1
0850e5dfc3f571d8,/home/sb/Harting_Inspection/data/raw/harting_Han64_EEE-M-C-allSides-2/harting_Han64_EEE-M-C-CrossSection-1/frame_000437.jpg,harting_han64_eee_m_c_allsides_2,cross_section_1,frame_000437,,,unassigned,good,/home/sb/Harting_Inspection/data/raw/harting_Han64_EEE-M-C-allSides-2/harting_Han64_EEE-M-C-CrossSection-1
2b8440d39807f82d,/home/sb/Harting_Inspection/data/raw/harting_Han64_EEE-M-C-allSides-2/harting_Han64_EEE-M-C-CrossSection-1/frame_000438.jpg,harting_han64_eee_m_c_allsides_2,cross_section_1,frame_000438,,,unassigned,good,/home/sb/Harting_Inspection/data/raw/harting_Han64_EEE-M-C-allSides-2/harting_Han64_EEE-M-C-CrossSection-1
f54cb78dd136ea78,/home/sb/Harting_Inspection/data/raw/harting_Han64_EEE-M-C-allSides-2/harting_Han64_EEE-M-C-CrossSection-1/frame_000439.jpg,harting_han64_eee_m_c_allsides_2,cross_section_1,frame_000439,,,unassigned,good,/home/sb/Harting_Inspection/data/raw/harting_Han64_EEE-M-C-allSides-2/harting_Han64_EEE-M-C-CrossSection-1
80ad799f82fc1915,/home/sb/Harting_Inspection/data/raw/harting_Han64_EEE-M-C-allSides-2/harting_Han64_EEE-M-C-CrossSection-1/frame_000440.jpg,harting_han64_eee_m_c_allsides_2,cross_section_1,frame_000440,,,unassigned,good,/home/sb/Harting_Inspection/data/raw/harting_Han64_EEE-M-C-allSides-2/harting_Han64_EEE-M-C-CrossSection-1
695d7d2b8d3d35d0,/home/sb/Harting_Inspection/data/raw/harting_Han64_EEE-M-C-allSides-2/harting_Han64_EEE-M-C-CrossSection-1/frame_000441.jpg,harting_han64_eee_m_c_allsides_2,cross_section_1,frame_000441,,,unassigned,good,/home/sb/Harting_Inspection/data/raw/harting_Han64_EEE-M-C-allSides-2/harting_Han64_EEE-M-C-CrossSection-1
78fc49b5e16796dd,/home/sb/Harting_Inspection/data/raw/harting_Han64_EEE-M-C-allSides-2/harting_Han64_EEE-M-C-CrossSection-1/frame_000442.jpg,harting_han64_eee_m_c_allsides_2,cross_section_1,frame_000442,,,unassigned,good,/home/sb/Harting_Inspection/data/raw/harting_Han64_EEE-M-C-allSides-2/harting_Han64_EEE-M-C-CrossSection-1
989c10daa7a9aabd,/home/sb/Harting_Inspection/data/raw/harting_Han64_EEE-M-C-allSides-2/harting_Han64_EEE-M-C-CrossSection-1/frame_000443.jpg,harting_han64_eee_m_c_allsides_2,cross_section_1,frame_000443,,,unassigned,good,/home/sb/Harting_Inspection/data/raw/harting_Han64_EEE-M-C-allSides-2/harting_Han64_EEE-M-C-CrossSection-1
8a386296b65506f8,/home/sb/Harting_Inspection/data/raw/harting_Han64_EEE-M-C-allSides-2/harting_Han64_EEE-M-C-CrossSection-1/frame_000444.jpg,harting_han64_eee_m_c_allsides_2,cross_section_1,frame_000444,,,unassigned,good,/home/sb/Harting_Inspection/data/raw/harting_Han64_EEE-M-C-allSides-2/harting_Han64_EEE-M-C-CrossSection-1
e74692f707c63068,/home/sb/Harting_Inspection/data/raw/harting_Han64_EEE-M-C-allSides-2/harting_Han64_EEE-M-C-CrossSection-1/frame_000445.jpg,harting_han64_eee_m_c_allsides_2,cross_section_1,frame_000445,,,unassigned,good,/home/sb/Harting_Inspection/data/raw/harting_Han64_EEE-M-C-allSides-2/harting_Han64_EEE-M-C-CrossSection-1
835b77dce16377e9,/home/sb/Harting_Inspection/data/raw/harting_Han64_EEE-M-C-allSides-2/harting_Han64_EEE-M-C-CrossSection-1/frame_000446.jpg,harting_han64_eee_m_c_allsides_2,cross_section_1,frame_000446,,,unassigned,good,/home/sb/Harting_Inspection/data/raw/harting_Han64_EEE-M-C-allSides-2/harting_Han64_EEE-M-C-CrossSection-1
39c0d9d1209aec3d,/home/sb/Harting_Inspection/data/raw/harting_Han64_EEE-M-C-allSides-2/harting_Han64_EEE-M-C-CrossSection-1/frame_000447.jpg,harting_han64_eee_m_c_allsides_2,cross_section_1,frame_000447,,,unassigned,good,/home/sb/Harting_Inspection/data/raw/harting_Han64_EEE-M-C-allSides-2/harting_Han64_EEE-M-C-CrossSection-1
6e73564e03701d81,/home/sb/Harting_Inspection/data/raw/harting_Han64_EEE-M-C-allSides-2/harting_Han64_EEE-M-C-CrossSection-1/frame_000448.jpg,harting_han64_eee_m_c_allsides_2,cross_section_1,frame_000448,,,unassigned,good,/home/sb/Harting_Inspection/data/raw/harting_Han64_EEE-M-C-allSides-2/harting_Han64_EEE-M-C-CrossSection-1
b8b5573ad3b5334f,/home/sb/Harting_Inspection/data/raw/harting_Han64_EEE-M-C-allSides-2/harting_Han64_EEE-M-C-CrossSection-1/frame_000449.jpg,harting_han64_eee_m_c_allsides_2,cross_section_1,frame_000449,,,unassigned,good,/home/sb/Harting_Inspection/data/raw/harting_Han64_EEE-M-C-allSides-2/harting_Han64_EEE-M-C-CrossSection-1
b9c055fc3b5c44e3,/home/sb/Harting_Inspection/data/raw/harting_Han64_EEE-M-C-allSides-2/harting_Han64_EEE-M-C-CrossSection-1/frame_000450.jpg,harting_han64_eee_m_c_allsides_2,cross_section_1,frame_000450,,,unassigned,good,/home/sb/Harting_Inspection/data/raw/harting_Han64_EEE-M-C-allSides-2/harting_Han64_EEE-M-C-CrossSection-1
d3d851c0f14a56b3,/home/sb/Harting_Inspection/data/raw/harting_Han64_EEE-M-C-allSides-2/harting_Han64_EEE-M-C-CrossSection-1/frame_000451.jpg,harting_han64_eee_m_c_allsides_2,cross_section_1,frame_000451,,,unassigned,good,/home/sb/Harting_Inspection/data/raw/harting_Han64_EEE-M-C-allSides-2/harting_Han64_EEE-M-C-CrossSection-1
f679bb8463375659,/home/sb/Harting_Inspection/data/raw/harting_Han64_EEE-M-C-allSides-2/harting_Han64_EEE-M-C-CrossSection-1/frame_000452.jpg,harting_han64_eee_m_c_allsides_2,cross_section_1,frame_000452,,,unassigned,good,/home/sb/Harting_Inspection/data/raw/harting_Han64_EEE-M-C-allSides-2/harting_Han64_EEE-M-C-CrossSection-1
768a66902289496f,/home/sb/Harting_Inspection/data/raw/harting_Han64_EEE-M-C-allSides-2/harting_Han64_EEE-M-C-CrossSection-1/frame_000453.jpg,harting_han64_eee_m_c_allsides_2,cross_section_1,frame_000453,,,unassigned,good,/home/sb/Harting_Inspection/data/raw/harting_Han64_EEE-M-C-allSides-2/harting_Han64_EEE-M-C-CrossSection-1
f66824d50e693992,/home/sb/Harting_Inspection/data/raw/harting_Han64_EEE-M-C-allSides-2/harting_Han64_EEE-M-C-CrossSection-1/frame_000454.jpg,harting_han64_eee_m_c_allsides_2,cross_section_1,frame_000454,,,unassigned,good,/home/sb/Harting_Inspection/data/raw/harting_Han64_EEE-M-C-allSides-2/harting_Han64_EEE-M-C-CrossSection-1
7f915e6e5ff5f1e8,/home/sb/Harting_Inspection/data/raw/harting_Han64_EEE-M-C-allSides-2/harting_Han64_EEE-M-C-CrossSection-1/frame_000455.jpg,harting_han64_eee_m_c_allsides_2,cross_section_1,frame_000455,,,unassigned,good,/home/sb/Harting_Inspection/data/raw/harting_Han64_EEE-M-C-allSides-2/harting_Han64_EEE-M-C-CrossSection-1
524ec5541a3c2e9f,/home/sb/Harting_Inspection/data/raw/harting_Han64_EEE-M-C-allSides-2/harting_Han64_EEE-M-C-CrossSection-1/frame_000456.jpg,harting_han64_eee_m_c_allsides_2,cross_section_1,frame_000456,,,unassigned,good,/home/sb/Harting_Inspection/data/raw/harting_Han64_EEE-M-C-allSides-2/harting_Han64_EEE-M-C-CrossSection-1
91070dc481a73f40,/home/sb/Harting_Inspection/data/raw/harting_Han64_EEE-M-C-allSides-2/harting_Han64_EEE-M-C-CrossSection-1/frame_000457.jpg,harting_han64_eee_m_c_allsides_2,cross_section_1,frame_000457,,,unassigned,good,/home/sb/Harting_Inspection/data/raw/harting_Han64_EEE-M-C-allSides-2/harting_Han64_EEE-M-C-CrossSection-1
57261e9dc7444591,/home/sb/Harting_Inspection/data/raw/harting_Han64_EEE-M-C-allSides-2/harting_Han64_EEE-M-C-CrossSection-1/frame_000458.jpg,harting_han64_eee_m_c_allsides_2,cross_section_1,frame_000458,,,unassigned,good,/home/sb/Harting_Inspection/data/raw/harting_Han64_EEE-M-C-allSides-2/harting_Han64_EEE-M-C-CrossSection-1
abe3b0e2a0f60b55,/home/sb/Harting_Inspection/data/raw/harting_Han64_EEE-M-C-allSides-2/harting_Han64_EEE-M-C-CrossSection-1/frame_000459.jpg,harting_han64_eee_m_c_allsides_2,cross_section_1,frame_000459,,,unassigned,good,/home/sb/Harting_Inspection/data/raw/harting_Han64_EEE-M-C-allSides-2/harting_Han64_EEE-M-C-CrossSection-1
aa9febc3736cf496,/home/sb/Harting_Inspection/data/raw/harting_Han64_EEE-M-C-allSides-2/harting_Han64_EEE-M-C-CrossSection-1/frame_000460.jpg,harting_han64_eee_m_c_allsides_2,cross_section_1,frame_000460,,,unassigned,good,/home/sb/Harting_Inspection/data/raw/harting_Han64_EEE-M-C-allSides-2/harting_Han64_EEE-M-C-CrossSection-1
a9a14c36d6861792,/home/sb/Harting_Inspection/data/raw/harting_Han64_EEE-M-C-allSides-2/harting_Han64_EEE-M-C-CrossSection-1/frame_000461.jpg,harting_han64_eee_m_c_allsides_2,cross_section_1,frame_000461,,,unassigned,good,/home/sb/Harting_Inspection/data/raw/harting_Han64_EEE-M-C-allSides-2/harting_Han64_EEE-M-C-CrossSection-1
f2a4321da0eedde9,/home/sb/Harting_Inspection/data/raw/harting_Han64_EEE-M-C-allSides-2/harting_Han64_EEE-M-C-CrossSection-1/frame_000462.jpg,harting_han64_eee_m_c_allsides_2,cross_section_1,frame_000462,,,unassigned,good,/home/sb/Harting_Inspection/data/raw/harting_Han64_EEE-M-C-allSides-2/harting_Han64_EEE-M-C-CrossSection-1
936028d109c3602d,/home/sb/Harting_Inspection/data/raw/harting_Han64_EEE-M-C-allSides-2/harting_Han64_EEE-M-C-CrossSection-1/frame_000463.jpg,harting_han64_eee_m_c_allsides_2,cross_section_1,frame_000463,,,unassigned,good,/home/sb/Harting_Inspection/data/raw/harting_Han64_EEE-M-C-allSides-2/harting_Han64_EEE-M-C-CrossSection-1
af5fea92d6527b63,/home/sb/Harting_Inspection/data/raw/harting_Han64_EEE-M-C-allSides-2/harting_Han64_EEE-M-C-CrossSection-1/frame_000464.jpg,harting_han64_eee_m_c_allsides_2,cross_section_1,frame_000464,,,unassigned,good,/home/sb/Harting_Inspection/data/raw/harting_Han64_EEE-M-C-allSides-2/harting_Han64_EEE-M-C-CrossSection-1
d965dc7b04d817cf,/home/sb/Harting_Inspection/data/raw/harting_Han64_EEE-M-C-allSides-2/harting_Han64_EEE-M-C-CrossSection-1/frame_000465.jpg,harting_han64_eee_m_c_allsides_2,cross_section_1,frame_000465,,,unassigned,good,/home/sb/Harting_Inspection/data/raw/harting_Han64_EEE-M-C-allSides-2/harting_Han64_EEE-M-C-CrossSection-1
7d4e472f39b2018f,/home/sb/Harting_Inspection/data/raw/harting_Han64_EEE-M-C-allSides-2/harting_Han64_EEE-M-C-CrossSection-1/frame_000466.jpg,harting_han64_eee_m_c_allsides_2,cross_section_1,frame_000466,,,unassigned,good,/home/sb/Harting_Inspection/data/raw/harting_Han64_EEE-M-C-allSides-2/harting_Han64_EEE-M-C-CrossSection-1
ac5c25fa4b6f2d03,/home/sb/Harting_Inspection/data/raw/harting_Han64_EEE-M-C-allSides-2/harting_Han64_EEE-M-C-CrossSection-1/frame_000467.jpg,harting_han64_eee_m_c_allsides_2,cross_section_1,frame_000467,,,unassigned,good,/home/sb/Harting_Inspection/data/raw/harting_Han64_EEE-M-C-allSides-2/harting_Han64_EEE-M-C-CrossSection-1
905d51e97274f572,/home/sb/Harting_Inspection/data/raw/harting_Han64_EEE-M-C-allSides-2/harting_Han64_EEE-M-C-CrossSection-1/frame_000468.jpg,harting_han64_eee_m_c_allsides_2,cross_section_1,frame_000468,,,unassigned,good,/home/sb/Harting_Inspection/data/raw/harting_Han64_EEE-M-C-allSides-2/harting_Han64_EEE-M-C-CrossSection-1
387d0a9b1d3c185b,/home/sb/Harting_Inspection/data/raw/harting_Han64_EEE-M-C-allSides-2/harting_Han64_EEE-M-C-CrossSection-1/frame_000469.jpg,harting_han64_eee_m_c_allsides_2,cross_section_1,frame_000469,,,unassigned,good,/home/sb/Harting_Inspection/data/raw/harting_Han64_EEE-M-C-allSides-2/harting_Han64_EEE-M-C-CrossSection-1
3c88c91ff9a520b2,/home/sb/Harting_Inspection/data/raw/harting_Han64_EEE-M-C-allSides-2/harting_Han64_EEE-M-C-CrossSection-1/frame_000470.jpg,harting_han64_eee_m_c_allsides_2,cross_section_1,frame_000470,,,unassigned,good,/home/sb/Harting_Inspection/data/raw/harting_Han64_EEE-M-C-allSides-2/harting_Han64_EEE-M-C-CrossSection-1
8fe8c8b19fc5ac8b,/home/sb/Harting_Inspection/data/raw/harting_Han64_EEE-M-C-allSides-2/harting_Han64_EEE-M-C-CrossSection-1/frame_000471.jpg,harting_han64_eee_m_c_allsides_2,cross_section_1,frame_000471,,,unassigned,good,/home/sb/Harting_Inspection/data/raw/harting_Han64_EEE-M-C-allSides-2/harting_Han64_EEE-M-C-CrossSection-1
27721e55a615ebbb,/home/sb/Harting_Inspection/data/raw/harting_Han64_EEE-M-C-allSides-2/harting_Han64_EEE-M-C-CrossSection-1/frame_000472.jpg,harting_han64_eee_m_c_allsides_2,cross_section_1,frame_000472,,,unassigned,good,/home/sb/Harting_Inspection/data/raw/harting_Han64_EEE-M-C-allSides-2/harting_Han64_EEE-M-C-CrossSection-1
f01a7e627dde7010,/home/sb/Harting_Inspection/data/raw/harting_Han64_EEE-M-C-allSides-2/harting_Han64_EEE-M-C-CrossSection-1/frame_000473.jpg,harting_han64_eee_m_c_allsides_2,cross_section_1,frame_000473,,,unassigned,good,/home/sb/Harting_Inspection/data/raw/harting_Han64_EEE-M-C-allSides-2/harting_Han64_EEE-M-C-CrossSection-1
5b4fb4947a9c0d8b,/home/sb/Harting_Inspection/data/raw/harting_Han64_EEE-M-C-allSides-2/harting_Han64_EEE-M-C-CrossSection-1/frame_000474.jpg,harting_han64_eee_m_c_allsides_2,cross_section_1,frame_000474,,,unassigned,good,/home/sb/Harting_Inspection/data/raw/harting_Han64_EEE-M-C-allSides-2/harting_Han64_EEE-M-C-CrossSection-1
e2efce5b17ec8510,/home/sb/Harting_Inspection/data/raw/harting_Han64_EEE-M-C-allSides-2/harting_Han64_EEE-M-C-CrossSection-1/frame_000475.jpg,harting_han64_eee_m_c_allsides_2,cross_section_1,frame_000475,,,unassigned,good,/home/sb/Harting_Inspection/data/raw/harting_Han64_EEE-M-C-allSides-2/harting_Han64_EEE-M-C-CrossSection-1
8e885061ba6af91b,/home/sb/Harting_Inspection/data/raw/harting_Han64_EEE-M-C-allSides-2/harting_Han64_EEE-M-C-CrossSection-1/frame_000476.jpg,harting_han64_eee_m_c_allsides_2,cross_section_1,frame_000476,,,unassigned,good,/home/sb/Harting_Inspection/data/raw/harting_Han64_EEE-M-C-allSides-2/harting_Han64_EEE-M-C-CrossSection-1
afc00971a9d29ee1,/home/sb/Harting_Inspection/data/raw/harting_Han64_EEE-M-C-allSides-2/harting_Han64_EEE-M-C-CrossSection-1/frame_000477.jpg,harting_han64_eee_m_c_allsides_2,cross_section_1,frame_000477,,,unassigned,good,/home/sb/Harting_Inspection/data/raw/harting_Han64_EEE-M-C-allSides-2/harting_Han64_EEE-M-C-CrossSection-1
9c40a6924fffe044,/home/sb/Harting_Inspection/data/raw/harting_Han64_EEE-M-C-allSides-2/harting_Han64_EEE-M-C-CrossSection-1/frame_000478.jpg,harting_han64_eee_m_c_allsides_2,cross_section_1,frame_000478,,,unassigned,good,/home/sb/Harting_Inspection/data/raw/harting_Han64_EEE-M-C-allSides-2/harting_Han64_EEE-M-C-CrossSection-1
9d54175ba877f26b,/home/sb/Harting_Inspection/data/raw/harting_Han64_EEE-M-C-allSides-2/harting_Han64_EEE-M-C-CrossSection-1/frame_000479.jpg,harting_han64_eee_m_c_allsides_2,cross_section_1,frame_000479,,,unassigned,good,/home/sb/Harting_Inspection/data/raw/harting_Han64_EEE-M-C-allSides-2/harting_Han64_EEE-M-C-CrossSection-1
b5e94f4213192c09,/home/sb/Harting_Inspection/data/raw/harting_Han64_EEE-M-C-allSides-2/harting_Han64_EEE-M-C-CrossSection-1/frame_000480.jpg,harting_han64_eee_m_c_allsides_2,cross_section_1,frame_000480,,,unassigned,good,/home/sb/Harting_Inspection/data/raw/harting_Han64_EEE-M-C-allSides-2/harting_Han64_EEE-M-C-CrossSection-1
b50d71fecbdf6463,/home/sb/Harting_Inspection/data/raw/harting_Han64_EEE-M-C-allSides-2/harting_Han64_EEE-M-C-CrossSection-1/frame_000481.jpg,harting_han64_eee_m_c_allsides_2,cross_section_1,frame_000481,,,unassigned,good,/home/sb/Harting_Inspection/data/raw/harting_Han64_EEE-M-C-allSides-2/harting_Han64_EEE-M-C-CrossSection-1
c9486798b0cb7a54,/home/sb/Harting_Inspection/data/raw/harting_Han64_EEE-M-C-allSides-2/harting_Han64_EEE-M-C-CrossSection-1/frame_000482.jpg,harting_han64_eee_m_c_allsides_2,cross_section_1,frame_000482,,,unassigned,good,/home/sb/Harting_Inspection/data/raw/harting_Han64_EEE-M-C-allSides-2/harting_Han64_EEE-M-C-CrossSection-1
98ba52b5ee927a6f,/home/sb/Harting_Inspection/data/raw/harting_Han64_EEE-M-C-allSides-2/harting_Han64_EEE-M-C-CrossSection-1/frame_000483.jpg,harting_han64_eee_m_c_allsides_2,cross_section_1,frame_000483,,,unassigned,good,/home/sb/Harting_Inspection/data/raw/harting_Han64_EEE-M-C-allSides-2/harting_Han64_EEE-M-C-CrossSection-1
2f3ecdfa6d9bd06a,/home/sb/Harting_Inspection/data/raw/harting_Han64_EEE-M-C-allSides-2/harting_Han64_EEE-M-C-CrossSection-1/frame_000484.jpg,harting_han64_eee_m_c_allsides_2,cross_section_1,frame_000484,,,unassigned,good,/home/sb/Harting_Inspection/data/raw/harting_Han64_EEE-M-C-allSides-2/harting_Han64_EEE-M-C-CrossSection-1
a272033a742205d1,/home/sb/Harting_Inspection/data/raw/harting_Han64_EEE-M-C-allSides-2/harting_Han64_EEE-M-C-CrossSection-1/frame_000485.jpg,harting_han64_eee_m_c_allsides_2,cross_section_1,frame_000485,,,unassigned,good,/home/sb/Harting_Inspection/data/raw/harting_Han64_EEE-M-C-allSides-2/harting_Han64_EEE-M-C-CrossSection-1
d98a823157dbc5b3,/home/sb/Harting_Inspection/data/raw/harting_Han64_EEE-M-C-allSides-2/harting_Han64_EEE-M-C-CrossSection-1/frame_000486.jpg,harting_han64_eee_m_c_allsides_2,cross_section_1,frame_000486,,,unassigned,good,/home/sb/Harting_Inspection/data/raw/harting_Han64_EEE-M-C-allSides-2/harting_Han64_EEE-M-C-CrossSection-1
a8c6d5dc53e992cb,/home/sb/Harting_Inspection/data/raw/harting_Han64_EEE-M-C-allSides-2/harting_Han64_EEE-M-C-CrossSection-1/frame_000487.jpg,harting_han64_eee_m_c_allsides_2,cross_section_1,frame_000487,,,unassigned,good,/home/sb/Harting_Inspection/data/raw/harting_Han64_EEE-M-C-allSides-2/harting_Han64_EEE-M-C-CrossSection-1
0db332596aecc54a,/home/sb/Harting_Inspection/data/raw/harting_Han64_EEE-M-C-allSides-2/harting_Han64_EEE-M-C-CrossSection-1/frame_000488.jpg,harting_han64_eee_m_c_allsides_2,cross_section_1,frame_000488,,,unassigned,good,/home/sb/Harting_Inspection/data/raw/harting_Han64_EEE-M-C-allSides-2/harting_Han64_EEE-M-C-CrossSection-1
11a461d377ddb76b,/home/sb/Harting_Inspection/data/raw/harting_Han64_EEE-M-C-allSides-2/harting_Han64_EEE-M-C-CrossSection-1/frame_000489.jpg,harting_han64_eee_m_c_allsides_2,cross_section_1,frame_000489,,,unassigned,good,/home/sb/Harting_Inspection/data/raw/harting_Han64_EEE-M-C-allSides-2/harting_Han64_EEE-M-C-CrossSection-1
8d0c2ea40e45781f,/home/sb/Harting_Inspection/data/raw/harting_Han64_EEE-M-C-allSides-2/harting_Han64_EEE-M-C-CrossSection-1/frame_000490.jpg,harting_han64_eee_m_c_allsides_2,cross_section_1,frame_000490,,,unassigned,good,/home/sb/Harting_Inspection/data/raw/harting_Han64_EEE-M-C-allSides-2/harting_Han64_EEE-M-C-CrossSection-1
51a1140e7b537ebd,/home/sb/Harting_Inspection/data/raw/harting_Han64_EEE-M-C-allSides-2/harting_Han64_EEE-M-C-CrossSection-1/frame_000491.jpg,harting_han64_eee_m_c_allsides_2,cross_section_1,frame_000491,,,unassigned,good,/home/sb/Harting_Inspection/data/raw/harting_Han64_EEE-M-C-allSides-2/harting_Han64_EEE-M-C-CrossSection-1
ae9fbcf5c9dcf859,/home/sb/Harting_Inspection/data/raw/harting_Han64_EEE-M-C-allSides-2/harting_Han64_EEE-M-C-CrossSection-1/frame_000492.jpg,harting_han64_eee_m_c_allsides_2,cross_section_1,frame_000492,,,unassigned,good,/home/sb/Harting_Inspection/data/raw/harting_Han64_EEE-M-C-allSides-2/harting_Han64_EEE-M-C-CrossSection-1
4bbf8f71ede9575a,/home/sb/Harting_Inspection/data/raw/harting_Han64_EEE-M-C-allSides-2/harting_Han64_EEE-M-C-CrossSection-1/frame_000493.jpg,harting_han64_eee_m_c_allsides_2,cross_section_1,frame_000493,,,unassigned,good,/home/sb/Harting_Inspection/data/raw/harting_Han64_EEE-M-C-allSides-2/harting_Han64_EEE-M-C-CrossSection-1
d0f3d49c08419fce,/home/sb/Harting_Inspection/data/raw/harting_Han64_EEE-M-C-allSides-2/harting_Han64_EEE-M-C-CrossSection-1/frame_000494.jpg,harting_han64_eee_m_c_allsides_2,cross_section_1,frame_000494,,,unassigned,good,/home/sb/Harting_Inspection/data/raw/harting_Han64_EEE-M-C-allSides-2/harting_Han64_EEE-M-C-CrossSection-1
b6866b2de38a95a7,/home/sb/Harting_Inspection/data/raw/harting_Han64_EEE-M-C-allSides-2/harting_Han64_EEE-M-C-CrossSection-1/frame_000495.jpg,harting_han64_eee_m_c_allsides_2,cross_section_1,frame_000495,,,unassigned,good,/home/sb/Harting_Inspection/data/raw/harting_Han64_EEE-M-C-allSides-2/harting_Han64_EEE-M-C-CrossSection-1
90eea19bfef5ee06,/home/sb/Harting_Inspection/data/raw/harting_Han64_EEE-M-C-allSides-2/harting_Han64_EEE-M-C-CrossSection-1/frame_000496.jpg,harting_han64_eee_m_c_allsides_2,cross_section_1,frame_000496,,,unassigned,good,/home/sb/Harting_Inspection/data/raw/harting_Han64_EEE-M-C-allSides-2/harting_Han64_EEE-M-C-CrossSection-1
1ca2afb677810ff7,/home/sb/Harting_Inspection/data/raw/harting_Han64_EEE-M-C-allSides-2/harting_Han64_EEE-M-C-CrossSection-1/frame_000497.jpg,harting_han64_eee_m_c_allsides_2,cross_section_1,frame_000497,,,unassigned,good,/home/sb/Harting_Inspection/data/raw/harting_Han64_EEE-M-C-allSides-2/harting_Han64_EEE-M-C-CrossSection-1
2cf86c101294ab6b,/home/sb/Harting_Inspection/data/raw/harting_Han64_EEE-M-C-allSides-2/harting_Han64_EEE-M-C-CrossSection-1/frame_000498.jpg,harting_han64_eee_m_c_allsides_2,cross_section_1,frame_000498,,,unassigned,good,/home/sb/Harting_Inspection/data/raw/harting_Han64_EEE-M-C-allSides-2/harting_Han64_EEE-M-C-CrossSection-1
7f631016f4ccb925,/home/sb/Harting_Inspection/data/raw/harting_Han64_EEE-M-C-allSides-2/harting_Han64_EEE-M-C-CrossSection-1/frame_000499.jpg,harting_han64_eee_m_c_allsides_2,cross_section_1,frame_000499,,,unassigned,good,/home/sb/Harting_Inspection/data/raw/harting_Han64_EEE-M-C-allSides-2/harting_Han64_EEE-M-C-CrossSection-1
d4f6a8603fca858c,/home/sb/Harting_Inspection/data/raw/harting_Han64_EEE-M-C-allSides-2/harting_Han64_EEE-M-C-CrossSection-1/frame_000500.jpg,harting_han64_eee_m_c_allsides_2,cross_section_1,frame_000500,,,unassigned,good,/home/sb/Harting_Inspection/data/raw/harting_Han64_EEE-M-C-allSides-2/harting_Han64_EEE-M-C-CrossSection-1
5a3e1da60df32a21,/home/sb/Harting_Inspection/data/raw/harting_Han64_EEE-M-C-allSides-2/harting_Han64_EEE-M-C-CrossSection-1/frame_000501.jpg,harting_han64_eee_m_c_allsides_2,cross_section_1,frame_000501,,,unassigned,good,/home/sb/Harting_Inspection/data/raw/harting_Han64_EEE-M-C-allSides-2/harting_Han64_EEE-M-C-CrossSection-1
9b6858e0a5f6055b,/home/sb/Harting_Inspection/data/raw/harting_Han64_EEE-M-C-allSides-2/harting_Han64_EEE-M-C-CrossSection-1/frame_000502.jpg,harting_han64_eee_m_c_allsides_2,cross_section_1,frame_000502,,,unassigned,good,/home/sb/Harting_Inspection/data/raw/harting_Han64_EEE-M-C-allSides-2/harting_Han64_EEE-M-C-CrossSection-1
2df93e4db7bdea66,/home/sb/Harting_Inspection/data/raw/harting_Han64_EEE-M-C-allSides-2/harting_Han64_EEE-M-C-CrossSection-1/frame_000503.jpg,harting_han64_eee_m_c_allsides_2,cross_section_1,frame_000503,,,unassigned,good,/home/sb/Harting_Inspection/data/raw/harting_Han64_EEE-M-C-allSides-2/harting_Han64_EEE-M-C-CrossSection-1
1a3f93b00f66c66c,/home/sb/Harting_Inspection/data/raw/harting_Han64_EEE-M-C-allSides-2/harting_Han64_EEE-M-C-CrossSection-1/frame_000504.jpg,harting_han64_eee_m_c_allsides_2,cross_section_1,frame_000504,,,unassigned,good,/home/sb/Harting_Inspection/data/raw/harting_Han64_EEE-M-C-allSides-2/harting_Han64_EEE-M-C-CrossSection-1
efab6c2716ce0ee5,/home/sb/Harting_Inspection/data/raw/harting_Han64_EEE-M-C-allSides-2/harting_Han64_EEE-M-C-CrossSection-1/frame_000505.jpg,harting_han64_eee_m_c_allsides_2,cross_section_1,frame_000505,,,unassigned,good,/home/sb/Harting_Inspection/data/raw/harting_Han64_EEE-M-C-allSides-2/harting_Han64_EEE-M-C-CrossSection-1
57fc44926f037992,/home/sb/Harting_Inspection/data/raw/harting_Han64_EEE-M-C-allSides-2/harting_Han64_EEE-M-C-CrossSection-1/frame_000506.jpg,harting_han64_eee_m_c_allsides_2,cross_section_1,frame_000506,,,unassigned,good,/home/sb/Harting_Inspection/data/raw/harting_Han64_EEE-M-C-allSides-2/harting_Han64_EEE-M-C-CrossSection-1
4d7bdc386bebb630,/home/sb/Harting_Inspection/data/raw/harting_Han64_EEE-M-C-allSides-2/harting_Han64_EEE-M-C-CrossSection-1/frame_000507.jpg,harting_han64_eee_m_c_allsides_2,cross_section_1,frame_000507,,,unassigned,good,/home/sb/Harting_Inspection/data/raw/harting_Han64_EEE-M-C-allSides-2/harting_Han64_EEE-M-C-CrossSection-1
178f773f85b7fdff,/home/sb/Harting_Inspection/data/raw/harting_Han64_EEE-M-C-allSides-2/harting_Han64_EEE-M-C-CrossSection-1/frame_000508.jpg,harting_han64_eee_m_c_allsides_2,cross_section_1,frame_000508,,,unassigned,good,/home/sb/Harting_Inspection/data/raw/harting_Han64_EEE-M-C-allSides-2/harting_Han64_EEE-M-C-CrossSection-1
0cfb3a2395990915,/home/sb/Harting_Inspection/data/raw/harting_Han64_EEE-M-C-allSides-2/harting_Han64_EEE-M-C-CrossSection-1/frame_000509.jpg,harting_han64_eee_m_c_allsides_2,cross_section_1,frame_000509,,,unassigned,good,/home/sb/Harting_Inspection/data/raw/harting_Han64_EEE-M-C-allSides-2/harting_Han64_EEE-M-C-CrossSection-1
a9fcad194b47c62a,/home/sb/Harting_Inspection/data/raw/harting_Han64_EEE-M-C-allSides-2/harting_Han64_EEE-M-C-CrossSection-1/frame_000510.jpg,harting_han64_eee_m_c_allsides_2,cross_section_1,frame_000510,,,unassigned,good,/home/sb/Harting_Inspection/data/raw/harting_Han64_EEE-M-C-allSides-2/harting_Han64_EEE-M-C-CrossSection-1
b767a596837590c5,/home/sb/Harting_Inspection/data/raw/harting_Han64_EEE-M-C-allSides-2/harting_Han64_EEE-M-C-CrossSection-1/frame_000511.jpg,harting_han64_eee_m_c_allsides_2,cross_section_1,frame_000511,,,unassigned,good,/home/sb/Harting_Inspection/data/raw/harting_Han64_EEE-M-C-allSides-2/harting_Han64_EEE-M-C-CrossSection-1
33a3f7f3c2379376,/home/sb/Harting_Inspection/data/raw/harting_Han64_EEE-M-C-allSides-2/harting_Han64_EEE-M-C-CrossSection-1/frame_000512.jpg,harting_han64_eee_m_c_allsides_2,cross_section_1,frame_000512,,,unassigned,good,/home/sb/Harting_Inspection/data/raw/harting_Han64_EEE-M-C-allSides-2/harting_Han64_EEE-M-C-CrossSection-1
b352394c6054c902,/home/sb/Harting_Inspection/data/raw/harting_Han64_EEE-M-C-allSides-2/harting_Han64_EEE-M-C-CrossSection-1/frame_000513.jpg,harting_han64_eee_m_c_allsides_2,cross_section_1,frame_000513,,,unassigned,good,/home/sb/Harting_Inspection/data/raw/harting_Han64_EEE-M-C-allSides-2/harting_Han64_EEE-M-C-CrossSection-1
d0fd6ea451ce1d56,/home/sb/Harting_Inspection/data/raw/harting_Han64_EEE-M-C-allSides-2/harting_Han64_EEE-M-C-CrossSection-1/frame_000514.jpg,harting_han64_eee_m_c_allsides_2,cross_section_1,frame_000514,,,unassigned,good,/home/sb/Harting_Inspection/data/raw/harting_Han64_EEE-M-C-allSides-2/harting_Han64_EEE-M-C-CrossSection-1
265b40b5d496ac51,/home/sb/Harting_Inspection/data/raw/harting_Han64_EEE-M-C-allSides-2/harting_Han64_EEE-M-C-CrossSection-1/frame_000515.jpg,harting_han64_eee_m_c_allsides_2,cross_section_1,frame_000515,,,unassigned,good,/home/sb/Harting_Inspection/data/raw/harting_Han64_EEE-M-C-allSides-2/harting_Han64_EEE-M-C-CrossSection-1
c94c3b88b3b46678,/home/sb/Harting_Inspection/data/raw/harting_Han64_EEE-M-C-allSides-2/harting_Han64_EEE-M-C-CrossSection-1/frame_000516.jpg,harting_han64_eee_m_c_allsides_2,cross_section_1,frame_000516,,,unassigned,good,/home/sb/Harting_Inspection/data/raw/harting_Han64_EEE-M-C-allSides-2/harting_Han64_EEE-M-C-CrossSection-1
ce2686409e9d51e2,/home/sb/Harting_Inspection/data/raw/harting_Han64_EEE-M-C-allSides-2/harting_Han64_EEE-M-C-CrossSection-1/frame_000517.jpg,harting_han64_eee_m_c_allsides_2,cross_section_1,frame_000517,,,unassigned,good,/home/sb/Harting_Inspection/data/raw/harting_Han64_EEE-M-C-allSides-2/harting_Han64_EEE-M-C-CrossSection-1
447eefc1e829dca8,/home/sb/Harting_Inspection/data/raw/harting_Han64_EEE-M-C-allSides-2/harting_Han64_EEE-M-C-CrossSection-1/frame_000518.jpg,harting_han64_eee_m_c_allsides_2,cross_section_1,frame_000518,,,unassigned,good,/home/sb/Harting_Inspection/data/raw/harting_Han64_EEE-M-C-allSides-2/harting_Han64_EEE-M-C-CrossSection-1
331801716a52851a,/home/sb/Harting_Inspection/data/raw/harting_Han64_EEE-M-C-allSides-2/harting_Han64_EEE-M-C-CrossSection-1/frame_000519.jpg,harting_han64_eee_m_c_allsides_2,cross_section_1,frame_000519,,,unassigned,good,/home/sb/Harting_Inspection/data/raw/harting_Han64_EEE-M-C-allSides-2/harting_Han64_EEE-M-C-CrossSection-1
3b94535b72277ff6,/home/sb/Harting_Inspection/data/raw/harting_Han64_EEE-M-C-allSides-2/harting_Han64_EEE-M-C-CrossSection-2/frame_000000.jpg,harting_han64_eee_m_c_allsides_2,cross_section_2,frame_000000,,,unassigned,good,/home/sb/Harting_Inspection/data/raw/harting_Han64_EEE-M-C-allSides-2/harting_Han64_EEE-M-C-CrossSection-2
00973ba1c5c06a10,/home/sb/Harting_Inspection/data/raw/harting_Han64_EEE-M-C-allSides-2/harting_Han64_EEE-M-C-CrossSection-2/frame_000001.jpg,harting_han64_eee_m_c_allsides_2,cross_section_2,frame_000001,,,unassigned,good,/home/sb/Harting_Inspection/data/raw/harting_Han64_EEE-M-C-allSides-2/harting_Han64_EEE-M-C-CrossSection-2
4b6ddf583b0676fe,/home/sb/Harting_Inspection/data/raw/harting_Han64_EEE-M-C-allSides-2/harting_Han64_EEE-M-C-CrossSection-2/frame_000002.jpg,harting_han64_eee_m_c_allsides_2,cross_section_2,frame_000002,,,unassigned,good,/home/sb/Harting_Inspection/data/raw/harting_Han64_EEE-M-C-allSides-2/harting_Han64_EEE-M-C-CrossSection-2
4cfb9a699185c9ed,/home/sb/Harting_Inspection/data/raw/harting_Han64_EEE-M-C-allSides-2/harting_Han64_EEE-M-C-CrossSection-2/frame_000003.jpg,harting_han64_eee_m_c_allsides_2,cross_section_2,frame_000003,,,unassigned,good,/home/sb/Harting_Inspection/data/raw/harting_Han64_EEE-M-C-allSides-2/harting_Han64_EEE-M-C-CrossSection-2
019ec9c306427795,/home/sb/Harting_Inspection/data/raw/harting_Han64_EEE-M-C-allSides-2/harting_Han64_EEE-M-C-CrossSection-2/frame_000004.jpg,harting_han64_eee_m_c_allsides_2,cross_section_2,frame_000004,,,unassigned,good,/home/sb/Harting_Inspection/data/raw/harting_Han64_EEE-M-C-allSides-2/harting_Han64_EEE-M-C-CrossSection-2
69077914acecbabc,/home/sb/Harting_Inspection/data/raw/harting_Han64_EEE-M-C-allSides-2/harting_Han64_EEE-M-C-CrossSection-2/frame_000005.jpg,harting_han64_eee_m_c_allsides_2,cross_section_2,frame_000005,,,unassigned,good,/home/sb/Harting_Inspection/data/raw/harting_Han64_EEE-M-C-allSides-2/harting_Han64_EEE-M-C-CrossSection-2
28488fbce9b69167,/home/sb/Harting_Inspection/data/raw/harting_Han64_EEE-M-C-allSides-2/harting_Han64_EEE-M-C-CrossSection-2/frame_000006.jpg,harting_han64_eee_m_c_allsides_2,cross_section_2,frame_000006,,,unassigned,good,/home/sb/Harting_Inspection/data/raw/harting_Han64_EEE-M-C-allSides-2/harting_Han64_EEE-M-C-CrossSection-2
3bbc7c361a9bbadb,/home/sb/Harting_Inspection/data/raw/harting_Han64_EEE-M-C-allSides-2/harting_Han64_EEE-M-C-CrossSection-2/frame_000007.jpg,harting_han64_eee_m_c_allsides_2,cross_section_2,frame_000007,,,unassigned,good,/home/sb/Harting_Inspection/data/raw/harting_Han64_EEE-M-C-allSides-2/harting_Han64_EEE-M-C-CrossSection-2
62697a238567d186,/home/sb/Harting_Inspection/data/raw/harting_Han64_EEE-M-C-allSides-2/harting_Han64_EEE-M-C-CrossSection-2/frame_000008.jpg,harting_han64_eee_m_c_allsides_2,cross_section_2,frame_000008,,,unassigned,good,/home/sb/Harting_Inspection/data/raw/harting_Han64_EEE-M-C-allSides-2/harting_Han64_EEE-M-C-CrossSection-2
3bc5f88c0cbd334d,/home/sb/Harting_Inspection/data/raw/harting_Han64_EEE-M-C-allSides-2/harting_Han64_EEE-M-C-CrossSection-2/frame_000009.jpg,harting_han64_eee_m_c_allsides_2,cross_section_2,frame_000009,,,unassigned,good,/home/sb/Harting_Inspection/data/raw/harting_Han64_EEE-M-C-allSides-2/harting_Han64_EEE-M-C-CrossSection-2
cb8b5bcce268f7f2,/home/sb/Harting_Inspection/data/raw/harting_Han64_EEE-M-C-allSides-2/harting_Han64_EEE-M-C-CrossSection-2/frame_000010.jpg,harting_han64_eee_m_c_allsides_2,cross_section_2,frame_000010,,,unassigned,good,/home/sb/Harting_Inspection/data/raw/harting_Han64_EEE-M-C-allSides-2/harting_Han64_EEE-M-C-CrossSection-2
31ca51af4de967d1,/home/sb/Harting_Inspection/data/raw/harting_Han64_EEE-M-C-allSides-2/harting_Han64_EEE-M-C-CrossSection-2/frame_000011.jpg,harting_han64_eee_m_c_allsides_2,cross_section_2,frame_000011,,,unassigned,good,/home/sb/Harting_Inspection/data/raw/harting_Han64_EEE-M-C-allSides-2/harting_Han64_EEE-M-C-CrossSection-2
10fb1cebc7135c05,/home/sb/Harting_Inspection/data/raw/harting_Han64_EEE-M-C-allSides-2/harting_Han64_EEE-M-C-CrossSection-2/frame_000012.jpg,harting_han64_eee_m_c_allsides_2,cross_section_2,frame_000012,,,unassigned,good,/home/sb/Harting_Inspection/data/raw/harting_Han64_EEE-M-C-allSides-2/harting_Han64_EEE-M-C-CrossSection-2
908c95a8e8d40143,/home/sb/Harting_Inspection/data/raw/harting_Han64_EEE-M-C-allSides-2/harting_Han64_EEE-M-C-CrossSection-2/frame_000013.jpg,harting_han64_eee_m_c_allsides_2,cross_section_2,frame_000013,,,unassigned,good,/home/sb/Harting_Inspection/data/raw/harting_Han64_EEE-M-C-allSides-2/harting_Han64_EEE-M-C-CrossSection-2
a9da191983208e82,/home/sb/Harting_Inspection/data/raw/harting_Han64_EEE-M-C-allSides-2/harting_Han64_EEE-M-C-CrossSection-2/frame_000014.jpg,harting_han64_eee_m_c_allsides_2,cross_section_2,frame_000014,,,unassigned,good,/home/sb/Harting_Inspection/data/raw/harting_Han64_EEE-M-C-allSides-2/harting_Han64_EEE-M-C-CrossSection-2
ef022b357117352a,/home/sb/Harting_Inspection/data/raw/harting_Han64_EEE-M-C-allSides-2/harting_Han64_EEE-M-C-CrossSection-2/frame_000015.jpg,harting_han64_eee_m_c_allsides_2,cross_section_2,frame_000015,,,unassigned,good,/home/sb/Harting_Inspection/data/raw/harting_Han64_EEE-M-C-allSides-2/harting_Han64_EEE-M-C-CrossSection-2
727f3390e1a87b86,/home/sb/Harting_Inspection/data/raw/harting_Han64_EEE-M-C-allSides-2/harting_Han64_EEE-M-C-CrossSection-2/frame_000016.jpg,harting_han64_eee_m_c_allsides_2,cross_section_2,frame_000016,,,unassigned,good,/home/sb/Harting_Inspection/data/raw/harting_Han64_EEE-M-C-allSides-2/harting_Han64_EEE-M-C-CrossSection-2
1840bdfbd9e6e69f,/home/sb/Harting_Inspection/data/raw/harting_Han64_EEE-M-C-allSides-2/harting_Han64_EEE-M-C-CrossSection-2/frame_000017.jpg,harting_han64_eee_m_c_allsides_2,cross_section_2,frame_000017,,,unassigned,good,/home/sb/Harting_Inspection/data/raw/harting_Han64_EEE-M-C-allSides-2/harting_Han64_EEE-M-C-CrossSection-2
2697ca69f5fba7cf,/home/sb/Harting_Inspection/data/raw/harting_Han64_EEE-M-C-allSides-2/harting_Han64_EEE-M-C-CrossSection-2/frame_000018.jpg,harting_han64_eee_m_c_allsides_2,cross_section_2,frame_000018,,,unassigned,good,/home/sb/Harting_Inspection/data/raw/harting_Han64_EEE-M-C-allSides-2/harting_Han64_EEE-M-C-CrossSection-2
3ff9373888a9857e,/home/sb/Harting_Inspection/data/raw/harting_Han64_EEE-M-C-allSides-2/harting_Han64_EEE-M-C-CrossSection-2/frame_000019.jpg,harting_han64_eee_m_c_allsides_2,cross_section_2,frame_000019,,,unassigned,good,/home/sb/Harting_Inspection/data/raw/harting_Han64_EEE-M-C-allSides-2/harting_Han64_EEE-M-C-CrossSection-2
a7c045580e95a026,/home/sb/Harting_Inspection/data/raw/harting_Han64_EEE-M-C-allSides-2/harting_Han64_EEE-M-C-CrossSection-2/frame_000020.jpg,harting_han64_eee_m_c_allsides_2,cross_section_2,frame_000020,,,unassigned,good,/home/sb/Harting_Inspection/data/raw/harting_Han64_EEE-M-C-allSides-2/harting_Han64_EEE-M-C-CrossSection-2
a056efacdd81985a,/home/sb/Harting_Inspection/data/raw/harting_Han64_EEE-M-C-allSides-2/harting_Han64_EEE-M-C-CrossSection-2/frame_000021.jpg,harting_han64_eee_m_c_allsides_2,cross_section_2,frame_000021,,,unassigned,good,/home/sb/Harting_Inspection/data/raw/harting_Han64_EEE-M-C-allSides-2/harting_Han64_EEE-M-C-CrossSection-2
5c030b2b317238a2,/home/sb/Harting_Inspection/data/raw/harting_Han64_EEE-M-C-allSides-2/harting_Han64_EEE-M-C-CrossSection-2/frame_000022.jpg,harting_han64_eee_m_c_allsides_2,cross_section_2,frame_000022,,,unassigned,good,/home/sb/Harting_Inspection/data/raw/harting_Han64_EEE-M-C-allSides-2/harting_Han64_EEE-M-C-CrossSection-2
3cc467a8032109fb,/home/sb/Harting_Inspection/data/raw/harting_Han64_EEE-M-C-allSides-2/harting_Han64_EEE-M-C-CrossSection-2/frame_000023.jpg,harting_han64_eee_m_c_allsides_2,cross_section_2,frame_000023,,,unassigned,good,/home/sb/Harting_Inspection/data/raw/harting_Han64_EEE-M-C-allSides-2/harting_Han64_EEE-M-C-CrossSection-2
ee0985534f4ec489,/home/sb/Harting_Inspection/data/raw/harting_Han64_EEE-M-C-allSides-2/harting_Han64_EEE-M-C-CrossSection-2/frame_000024.jpg,harting_han64_eee_m_c_allsides_2,cross_section_2,frame_000024,,,unassigned,good,/home/sb/Harting_Inspection/data/raw/harting_Han64_EEE-M-C-allSides-2/harting_Han64_EEE-M-C-CrossSection-2
b7056b672c023184,/home/sb/Harting_Inspection/data/raw/harting_Han64_EEE-M-C-allSides-2/harting_Han64_EEE-M-C-CrossSection-2/frame_000025.jpg,harting_han64_eee_m_c_allsides_2,cross_section_2,frame_000025,,,unassigned,good,/home/sb/Harting_Inspection/data/raw/harting_Han64_EEE-M-C-allSides-2/harting_Han64_EEE-M-C-CrossSection-2
088d9329431d3886,/home/sb/Harting_Inspection/data/raw/harting_Han64_EEE-M-C-allSides-2/harting_Han64_EEE-M-C-CrossSection-2/frame_000026.jpg,harting_han64_eee_m_c_allsides_2,cross_section_2,frame_000026,,,unassigned,good,/home/sb/Harting_Inspection/data/raw/harting_Han64_EEE-M-C-allSides-2/harting_Han64_EEE-M-C-CrossSection-2
2d35b7b29a871fdf,/home/sb/Harting_Inspection/data/raw/harting_Han64_EEE-M-C-allSides-2/harting_Han64_EEE-M-C-CrossSection-2/frame_000027.jpg,harting_han64_eee_m_c_allsides_2,cross_section_2,frame_000027,,,unassigned,good,/home/sb/Harting_Inspection/data/raw/harting_Han64_EEE-M-C-allSides-2/harting_Han64_EEE-M-C-CrossSection-2
d45ca54e7271a067,/home/sb/Harting_Inspection/data/raw/harting_Han64_EEE-M-C-allSides-2/harting_Han64_EEE-M-C-CrossSection-2/frame_000028.jpg,harting_han64_eee_m_c_allsides_2,cross_section_2,frame_000028,,,unassigned,good,/home/sb/Harting_Inspection/data/raw/harting_Han64_EEE-M-C-allSides-2/harting_Han64_EEE-M-C-CrossSection-2
7346675a2987e381,/home/sb/Harting_Inspection/data/raw/harting_Han64_EEE-M-C-allSides-2/harting_Han64_EEE-M-C-CrossSection-2/frame_000029.jpg,harting_han64_eee_m_c_allsides_2,cross_section_2,frame_000029,,,unassigned,good,/home/sb/Harting_Inspection/data/raw/harting_Han64_EEE-M-C-allSides-2/harting_Han64_EEE-M-C-CrossSection-2
13c50df330f25c0f,/home/sb/Harting_Inspection/data/raw/harting_Han64_EEE-M-C-allSides-2/harting_Han64_EEE-M-C-CrossSection-2/frame_000030.jpg,harting_han64_eee_m_c_allsides_2,cross_section_2,frame_000030,,,unassigned,good,/home/sb/Harting_Inspection/data/raw/harting_Han64_EEE-M-C-allSides-2/harting_Han64_EEE-M-C-CrossSection-2
56679d41451c7bd3,/home/sb/Harting_Inspection/data/raw/harting_Han64_EEE-M-C-allSides-2/harting_Han64_EEE-M-C-CrossSection-2/frame_000031.jpg,harting_han64_eee_m_c_allsides_2,cross_section_2,frame_000031,,,unassigned,good,/home/sb/Harting_Inspection/data/raw/harting_Han64_EEE-M-C-allSides-2/harting_Han64_EEE-M-C-CrossSection-2
07cb9620eb3006a2,/home/sb/Harting_Inspection/data/raw/harting_Han64_EEE-M-C-allSides-2/harting_Han64_EEE-M-C-CrossSection-2/frame_000032.jpg,harting_han64_eee_m_c_allsides_2,cross_section_2,frame_000032,,,unassigned,good,/home/sb/Harting_Inspection/data/raw/harting_Han64_EEE-M-C-allSides-2/harting_Han64_EEE-M-C-CrossSection-2
b779c2ba2a115285,/home/sb/Harting_Inspection/data/raw/harting_Han64_EEE-M-C-allSides-2/harting_Han64_EEE-M-C-CrossSection-2/frame_000033.jpg,harting_han64_eee_m_c_allsides_2,cross_section_2,frame_000033,,,unassigned,good,/home/sb/Harting_Inspection/data/raw/harting_Han64_EEE-M-C-allSides-2/harting_Han64_EEE-M-C-CrossSection-2
7d9d2a2ddd63cc97,/home/sb/Harting_Inspection/data/raw/harting_Han64_EEE-M-C-allSides-2/harting_Han64_EEE-M-C-CrossSection-2/frame_000034.jpg,harting_han64_eee_m_c_allsides_2,cross_section_2,frame_000034,,,unassigned,good,/home/sb/Harting_Inspection/data/raw/harting_Han64_EEE-M-C-allSides-2/harting_Han64_EEE-M-C-CrossSection-2
16aafe9a3fba547b,/home/sb/Harting_Inspection/data/raw/harting_Han64_EEE-M-C-allSides-2/harting_Han64_EEE-M-C-CrossSection-2/frame_000035.jpg,harting_han64_eee_m_c_allsides_2,cross_section_2,frame_000035,,,unassigned,good,/home/sb/Harting_Inspection/data/raw/harting_Han64_EEE-M-C-allSides-2/harting_Han64_EEE-M-C-CrossSection-2
ec3388ea8f018b0d,/home/sb/Harting_Inspection/data/raw/harting_Han64_EEE-M-C-allSides-2/harting_Han64_EEE-M-C-CrossSection-2/frame_000036.jpg,harting_han64_eee_m_c_allsides_2,cross_section_2,frame_000036,,,unassigned,good,/home/sb/Harting_Inspection/data/raw/harting_Han64_EEE-M-C-allSides-2/harting_Han64_EEE-M-C-CrossSection-2
07587d71b80a96ad,/home/sb/Harting_Inspection/data/raw/harting_Han64_EEE-M-C-allSides-2/harting_Han64_EEE-M-C-CrossSection-2/frame_000037.jpg,harting_han64_eee_m_c_allsides_2,cross_section_2,frame_000037,,,unassigned,good,/home/sb/Harting_Inspection/data/raw/harting_Han64_EEE-M-C-allSides-2/harting_Han64_EEE-M-C-CrossSection-2
d8a7fad08522794b,/home/sb/Harting_Inspection/data/raw/harting_Han64_EEE-M-C-allSides-2/harting_Han64_EEE-M-C-CrossSection-2/frame_000038.jpg,harting_han64_eee_m_c_allsides_2,cross_section_2,frame_000038,,,unassigned,good,/home/sb/Harting_Inspection/data/raw/harting_Han64_EEE-M-C-allSides-2/harting_Han64_EEE-M-C-CrossSection-2
f26383bfd7fca5ce,/home/sb/Harting_Inspection/data/raw/harting_Han64_EEE-M-C-allSides-2/harting_Han64_EEE-M-C-CrossSection-2/frame_000039.jpg,harting_han64_eee_m_c_allsides_2,cross_section_2,frame_000039,,,unassigned,good,/home/sb/Harting_Inspection/data/raw/harting_Han64_EEE-M-C-allSides-2/harting_Han64_EEE-M-C-CrossSection-2
23a9432d90903864,/home/sb/Harting_Inspection/data/raw/harting_Han64_EEE-M-C-allSides-2/harting_Han64_EEE-M-C-CrossSection-2/frame_000040.jpg,harting_han64_eee_m_c_allsides_2,cross_section_2,frame_000040,,,unassigned,good,/home/sb/Harting_Inspection/data/raw/harting_Han64_EEE-M-C-allSides-2/harting_Han64_EEE-M-C-CrossSection-2
ed34f681f5c2fd67,/home/sb/Harting_Inspection/data/raw/harting_Han64_EEE-M-C-allSides-2/harting_Han64_EEE-M-C-CrossSection-2/frame_000041.jpg,harting_han64_eee_m_c_allsides_2,cross_section_2,frame_000041,,,unassigned,good,/home/sb/Harting_Inspection/data/raw/harting_Han64_EEE-M-C-allSides-2/harting_Han64_EEE-M-C-CrossSection-2
899a40b72a064813,/home/sb/Harting_Inspection/data/raw/harting_Han64_EEE-M-C-allSides-2/harting_Han64_EEE-M-C-CrossSection-2/frame_000042.jpg,harting_han64_eee_m_c_allsides_2,cross_section_2,frame_000042,,,unassigned,good,/home/sb/Harting_Inspection/data/raw/harting_Han64_EEE-M-C-allSides-2/harting_Han64_EEE-M-C-CrossSection-2
f6da5d3dfd113591,/home/sb/Harting_Inspection/data/raw/harting_Han64_EEE-M-C-allSides-2/harting_Han64_EEE-M-C-CrossSection-2/frame_000043.jpg,harting_han64_eee_m_c_allsides_2,cross_section_2,frame_000043,,,unassigned,good,/home/sb/Harting_Inspection/data/raw/harting_Han64_EEE-M-C-allSides-2/harting_Han64_EEE-M-C-CrossSection-2
c95485e20db1e4f8,/home/sb/Harting_Inspection/data/raw/harting_Han64_EEE-M-C-allSides-2/harting_Han64_EEE-M-C-CrossSection-2/frame_000044.jpg,harting_han64_eee_m_c_allsides_2,cross_section_2,frame_000044,,,unassigned,good,/home/sb/Harting_Inspection/data/raw/harting_Han64_EEE-M-C-allSides-2/harting_Han64_EEE-M-C-CrossSection-2
bdd80d9b655703d9,/home/sb/Harting_Inspection/data/raw/harting_Han64_EEE-M-C-allSides-2/harting_Han64_EEE-M-C-CrossSection-2/frame_000045.jpg,harting_han64_eee_m_c_allsides_2,cross_section_2,frame_000045,,,unassigned,good,/home/sb/Harting_Inspection/data/raw/harting_Han64_EEE-M-C-allSides-2/harting_Han64_EEE-M-C-CrossSection-2
968986800ab5a6ce,/home/sb/Harting_Inspection/data/raw/harting_Han64_EEE-M-C-allSides-2/harting_Han64_EEE-M-C-CrossSection-2/frame_000046.jpg,harting_han64_eee_m_c_allsides_2,cross_section_2,frame_000046,,,unassigned,good,/home/sb/Harting_Inspection/data/raw/harting_Han64_EEE-M-C-allSides-2/harting_Han64_EEE-M-C-CrossSection-2
033e8a80cf954862,/home/sb/Harting_Inspection/data/raw/harting_Han64_EEE-M-C-allSides-2/harting_Han64_EEE-M-C-CrossSection-2/frame_000047.jpg,harting_han64_eee_m_c_allsides_2,cross_section_2,frame_000047,,,unassigned,good,/home/sb/Harting_Inspection/data/raw/harting_Han64_EEE-M-C-allSides-2/harting_Han64_EEE-M-C-CrossSection-2
9e116791bb597ce6,/home/sb/Harting_Inspection/data/raw/harting_Han64_EEE-M-C-allSides-2/harting_Han64_EEE-M-C-CrossSection-2/frame_000048.jpg,harting_han64_eee_m_c_allsides_2,cross_section_2,frame_000048,,,unassigned,good,/home/sb/Harting_Inspection/data/raw/harting_Han64_EEE-M-C-allSides-2/harting_Han64_EEE-M-C-CrossSection-2
167da7fa14ca10a8,/home/sb/Harting_Inspection/data/raw/harting_Han64_EEE-M-C-allSides-2/harting_Han64_EEE-M-C-CrossSection-2/frame_000049.jpg,harting_han64_eee_m_c_allsides_2,cross_section_2,frame_000049,,,unassigned,good,/home/sb/Harting_Inspection/data/raw/harting_Han64_EEE-M-C-allSides-2/harting_Han64_EEE-M-C-CrossSection-2
375d8b1c08c56577,/home/sb/Harting_Inspection/data/raw/harting_Han64_EEE-M-C-allSides-2/harting_Han64_EEE-M-C-CrossSection-2/frame_000050.jpg,harting_han64_eee_m_c_allsides_2,cross_section_2,frame_000050,,,unassigned,good,/home/sb/Harting_Inspection/data/raw/harting_Han64_EEE-M-C-allSides-2/harting_Han64_EEE-M-C-CrossSection-2
238bb6c864a89a1e,/home/sb/Harting_Inspection/data/raw/harting_Han64_EEE-M-C-allSides-2/harting_Han64_EEE-M-C-CrossSection-2/frame_000051.jpg,harting_han64_eee_m_c_allsides_2,cross_section_2,frame_000051,,,unassigned,good,/home/sb/Harting_Inspection/data/raw/harting_Han64_EEE-M-C-allSides-2/harting_Han64_EEE-M-C-CrossSection-2
3910859d5078aa9a,/home/sb/Harting_Inspection/data/raw/harting_Han64_EEE-M-C-allSides-2/harting_Han64_EEE-M-C-CrossSection-2/frame_000052.jpg,harting_han64_eee_m_c_allsides_2,cross_section_2,frame_000052,,,unassigned,good,/home/sb/Harting_Inspection/data/raw/harting_Han64_EEE-M-C-allSides-2/harting_Han64_EEE-M-C-CrossSection-2
baf3aa9c1066240c,/home/sb/Harting_Inspection/data/raw/harting_Han64_EEE-M-C-allSides-2/harting_Han64_EEE-M-C-CrossSection-2/frame_000053.jpg,harting_han64_eee_m_c_allsides_2,cross_section_2,frame_000053,,,unassigned,good,/home/sb/Harting_Inspection/data/raw/harting_Han64_EEE-M-C-allSides-2/harting_Han64_EEE-M-C-CrossSection-2
748838f991620a73,/home/sb/Harting_Inspection/data/raw/harting_Han64_EEE-M-C-allSides-2/harting_Han64_EEE-M-C-CrossSection-2/frame_000054.jpg,harting_han64_eee_m_c_allsides_2,cross_section_2,frame_000054,,,unassigned,good,/home/sb/Harting_Inspection/data/raw/harting_Han64_EEE-M-C-allSides-2/harting_Han64_EEE-M-C-CrossSection-2
5d790d9c67b23f13,/home/sb/Harting_Inspection/data/raw/harting_Han64_EEE-M-C-allSides-2/harting_Han64_EEE-M-C-CrossSection-2/frame_000055.jpg,harting_han64_eee_m_c_allsides_2,cross_section_2,frame_000055,,,unassigned,good,/home/sb/Harting_Inspection/data/raw/harting_Han64_EEE-M-C-allSides-2/harting_Han64_EEE-M-C-CrossSection-2
412eddf76d4c31a1,/home/sb/Harting_Inspection/data/raw/harting_Han64_EEE-M-C-allSides-2/harting_Han64_EEE-M-C-CrossSection-2/frame_000056.jpg,harting_han64_eee_m_c_allsides_2,cross_section_2,frame_000056,,,unassigned,good,/home/sb/Harting_Inspection/data/raw/harting_Han64_EEE-M-C-allSides-2/harting_Han64_EEE-M-C-CrossSection-2
9c8c1be375ec4d78,/home/sb/Harting_Inspection/data/raw/harting_Han64_EEE-M-C-allSides-2/harting_Han64_EEE-M-C-CrossSection-2/frame_000057.jpg,harting_han64_eee_m_c_allsides_2,cross_section_2,frame_000057,,,unassigned,good,/home/sb/Harting_Inspection/data/raw/harting_Han64_EEE-M-C-allSides-2/harting_Han64_EEE-M-C-CrossSection-2
03680331a625b5e1,/home/sb/Harting_Inspection/data/raw/harting_Han64_EEE-M-C-allSides-2/harting_Han64_EEE-M-C-CrossSection-2/frame_000058.jpg,harting_han64_eee_m_c_allsides_2,cross_section_2,frame_000058,,,unassigned,good,/home/sb/Harting_Inspection/data/raw/harting_Han64_EEE-M-C-allSides-2/harting_Han64_EEE-M-C-CrossSection-2
3ecd4d894a3a6398,/home/sb/Harting_Inspection/data/raw/harting_Han64_EEE-M-C-allSides-2/harting_Han64_EEE-M-C-CrossSection-2/frame_000059.jpg,harting_han64_eee_m_c_allsides_2,cross_section_2,frame_000059,,,unassigned,good,/home/sb/Harting_Inspection/data/raw/harting_Han64_EEE-M-C-allSides-2/harting_Han64_EEE-M-C-CrossSection-2
bf950945f8d1a5e4,/home/sb/Harting_Inspection/data/raw/harting_Han64_EEE-M-C-allSides-2/harting_Han64_EEE-M-C-CrossSection-2/frame_000060.jpg,harting_han64_eee_m_c_allsides_2,cross_section_2,frame_000060,,,unassigned,good,/home/sb/Harting_Inspection/data/raw/harting_Han64_EEE-M-C-allSides-2/harting_Han64_EEE-M-C-CrossSection-2
c1457dfbf67db661,/home/sb/Harting_Inspection/data/raw/harting_Han64_EEE-M-C-allSides-2/harting_Han64_EEE-M-C-CrossSection-2/frame_000061.jpg,harting_han64_eee_m_c_allsides_2,cross_section_2,frame_000061,,,unassigned,good,/home/sb/Harting_Inspection/data/raw/harting_Han64_EEE-M-C-allSides-2/harting_Han64_EEE-M-C-CrossSection-2
267655386a92484f,/home/sb/Harting_Inspection/data/raw/harting_Han64_EEE-M-C-allSides-2/harting_Han64_EEE-M-C-CrossSection-2/frame_000062.jpg,harting_han64_eee_m_c_allsides_2,cross_section_2,frame_000062,,,unassigned,good,/home/sb/Harting_Inspection/data/raw/harting_Han64_EEE-M-C-allSides-2/harting_Han64_EEE-M-C-CrossSection-2
65c1b9f1310b0a4e,/home/sb/Harting_Inspection/data/raw/harting_Han64_EEE-M-C-allSides-2/harting_Han64_EEE-M-C-CrossSection-2/frame_000063.jpg,harting_han64_eee_m_c_allsides_2,cross_section_2,frame_000063,,,unassigned,good,/home/sb/Harting_Inspection/data/raw/harting_Han64_EEE-M-C-allSides-2/harting_Han64_EEE-M-C-CrossSection-2
843b5ad56ccd1ff0,/home/sb/Harting_Inspection/data/raw/harting_Han64_EEE-M-C-allSides-2/harting_Han64_EEE-M-C-CrossSection-2/frame_000064.jpg,harting_han64_eee_m_c_allsides_2,cross_section_2,frame_000064,,,unassigned,good,/home/sb/Harting_Inspection/data/raw/harting_Han64_EEE-M-C-allSides-2/harting_Han64_EEE-M-C-CrossSection-2
b5d128e11688a68a,/home/sb/Harting_Inspection/data/raw/harting_Han64_EEE-M-C-allSides-2/harting_Han64_EEE-M-C-CrossSection-2/frame_000065.jpg,harting_han64_eee_m_c_allsides_2,cross_section_2,frame_000065,,,unassigned,good,/home/sb/Harting_Inspection/data/raw/harting_Han64_EEE-M-C-allSides-2/harting_Han64_EEE-M-C-CrossSection-2
56597c2a58eec964,/home/sb/Harting_Inspection/data/raw/harting_Han64_EEE-M-C-allSides-2/harting_Han64_EEE-M-C-CrossSection-2/frame_000066.jpg,harting_han64_eee_m_c_allsides_2,cross_section_2,frame_000066,,,unassigned,good,/home/sb/Harting_Inspection/data/raw/harting_Han64_EEE-M-C-allSides-2/harting_Han64_EEE-M-C-CrossSection-2
a822225e50824b88,/home/sb/Harting_Inspection/data/raw/harting_Han64_EEE-M-C-allSides-2/harting_Han64_EEE-M-C-CrossSection-2/frame_000067.jpg,harting_han64_eee_m_c_allsides_2,cross_section_2,frame_000067,,,unassigned,good,/home/sb/Harting_Inspection/data/raw/harting_Han64_EEE-M-C-allSides-2/harting_Han64_EEE-M-C-CrossSection-2
fb0bb3d8b70ce810,/home/sb/Harting_Inspection/data/raw/harting_Han64_EEE-M-C-allSides-2/harting_Han64_EEE-M-C-CrossSection-2/frame_000068.jpg,harting_han64_eee_m_c_allsides_2,cross_section_2,frame_000068,,,unassigned,good,/home/sb/Harting_Inspection/data/raw/harting_Han64_EEE-M-C-allSides-2/harting_Han64_EEE-M-C-CrossSection-2
14f5bd390ff45abc,/home/sb/Harting_Inspection/data/raw/harting_Han64_EEE-M-C-allSides-2/harting_Han64_EEE-M-C-CrossSection-2/frame_000069.jpg,harting_han64_eee_m_c_allsides_2,cross_section_2,frame_000069,,,unassigned,good,/home/sb/Harting_Inspection/data/raw/harting_Han64_EEE-M-C-allSides-2/harting_Han64_EEE-M-C-CrossSection-2
24133e471223a902,/home/sb/Harting_Inspection/data/raw/harting_Han64_EEE-M-C-allSides-2/harting_Han64_EEE-M-C-CrossSection-2/frame_000070.jpg,harting_han64_eee_m_c_allsides_2,cross_section_2,frame_000070,,,unassigned,good,/home/sb/Harting_Inspection/data/raw/harting_Han64_EEE-M-C-allSides-2/harting_Han64_EEE-M-C-CrossSection-2
fd4b6e93b84e4c9c,/home/sb/Harting_Inspection/data/raw/harting_Han64_EEE-M-C-allSides-2/harting_Han64_EEE-M-C-CrossSection-2/frame_000071.jpg,harting_han64_eee_m_c_allsides_2,cross_section_2,frame_000071,,,unassigned,good,/home/sb/Harting_Inspection/data/raw/harting_Han64_EEE-M-C-allSides-2/harting_Han64_EEE-M-C-CrossSection-2
0cebc8a2bfc6fecf,/home/sb/Harting_Inspection/data/raw/harting_Han64_EEE-M-C-allSides-2/harting_Han64_EEE-M-C-CrossSection-2/frame_000072.jpg,harting_han64_eee_m_c_allsides_2,cross_section_2,frame_000072,,,unassigned,good,/home/sb/Harting_Inspection/data/raw/harting_Han64_EEE-M-C-allSides-2/harting_Han64_EEE-M-C-CrossSection-2
8a23fbaf277c90bc,/home/sb/Harting_Inspection/data/raw/harting_Han64_EEE-M-C-allSides-2/harting_Han64_EEE-M-C-CrossSection-2/frame_000073.jpg,harting_han64_eee_m_c_allsides_2,cross_section_2,frame_000073,,,unassigned,good,/home/sb/Harting_Inspection/data/raw/harting_Han64_EEE-M-C-allSides-2/harting_Han64_EEE-M-C-CrossSection-2
6e13bb6ad2907ec3,/home/sb/Harting_Inspection/data/raw/harting_Han64_EEE-M-C-allSides-2/harting_Han64_EEE-M-C-CrossSection-2/frame_000074.jpg,harting_han64_eee_m_c_allsides_2,cross_section_2,frame_000074,,,unassigned,good,/home/sb/Harting_Inspection/data/raw/harting_Han64_EEE-M-C-allSides-2/harting_Han64_EEE-M-C-CrossSection-2
fb8b10a301e304de,/home/sb/Harting_Inspection/data/raw/harting_Han64_EEE-M-C-allSides-2/harting_Han64_EEE-M-C-CrossSection-2/frame_000075.jpg,harting_han64_eee_m_c_allsides_2,cross_section_2,frame_000075,,,unassigned,good,/home/sb/Harting_Inspection/data/raw/harting_Han64_EEE-M-C-allSides-2/harting_Han64_EEE-M-C-CrossSection-2
812f52c534c93ec1,/home/sb/Harting_Inspection/data/raw/harting_Han64_EEE-M-C-allSides-2/harting_Han64_EEE-M-C-CrossSection-2/frame_000076.jpg,harting_han64_eee_m_c_allsides_2,cross_section_2,frame_000076,,,unassigned,good,/home/sb/Harting_Inspection/data/raw/harting_Han64_EEE-M-C-allSides-2/harting_Han64_EEE-M-C-CrossSection-2
61bbc43a75bfa01d,/home/sb/Harting_Inspection/data/raw/harting_Han64_EEE-M-C-allSides-2/harting_Han64_EEE-M-C-CrossSection-2/frame_000077.jpg,harting_han64_eee_m_c_allsides_2,cross_section_2,frame_000077,,,unassigned,good,/home/sb/Harting_Inspection/data/raw/harting_Han64_EEE-M-C-allSides-2/harting_Han64_EEE-M-C-CrossSection-2
475674714c4b8792,/home/sb/Harting_Inspection/data/raw/harting_Han64_EEE-M-C-allSides-2/harting_Han64_EEE-M-C-CrossSection-2/frame_000078.jpg,harting_han64_eee_m_c_allsides_2,cross_section_2,frame_000078,,,unassigned,good,/home/sb/Harting_Inspection/data/raw/harting_Han64_EEE-M-C-allSides-2/harting_Han64_EEE-M-C-CrossSection-2
9de47873b14ee8f4,/home/sb/Harting_Inspection/data/raw/harting_Han64_EEE-M-C-allSides-2/harting_Han64_EEE-M-C-CrossSection-2/frame_000079.jpg,harting_han64_eee_m_c_allsides_2,cross_section_2,frame_000079,,,unassigned,good,/home/sb/Harting_Inspection/data/raw/harting_Han64_EEE-M-C-allSides-2/harting_Han64_EEE-M-C-CrossSection-2
8c3d520be4bc34e7,/home/sb/Harting_Inspection/data/raw/harting_Han64_EEE-M-C-allSides-2/harting_Han64_EEE-M-C-CrossSection-2/frame_000080.jpg,harting_han64_eee_m_c_allsides_2,cross_section_2,frame_000080,,,unassigned,good,/home/sb/Harting_Inspection/data/raw/harting_Han64_EEE-M-C-allSides-2/harting_Han64_EEE-M-C-CrossSection-2
bc7120e4e7fcf31f,/home/sb/Harting_Inspection/data/raw/harting_Han64_EEE-M-C-allSides-2/harting_Han64_EEE-M-C-CrossSection-2/frame_000081.jpg,harting_han64_eee_m_c_allsides_2,cross_section_2,frame_000081,,,unassigned,good,/home/sb/Harting_Inspection/data/raw/harting_Han64_EEE-M-C-allSides-2/harting_Han64_EEE-M-C-CrossSection-2
b777fe88d21185f9,/home/sb/Harting_Inspection/data/raw/harting_Han64_EEE-M-C-allSides-2/harting_Han64_EEE-M-C-CrossSection-2/frame_000082.jpg,harting_han64_eee_m_c_allsides_2,cross_section_2,frame_000082,,,unassigned,good,/home/sb/Harting_Inspection/data/raw/harting_Han64_EEE-M-C-allSides-2/harting_Han64_EEE-M-C-CrossSection-2
528f50a63c60b0bd,/home/sb/Harting_Inspection/data/raw/harting_Han64_EEE-M-C-allSides-2/harting_Han64_EEE-M-C-CrossSection-2/frame_000083.jpg,harting_han64_eee_m_c_allsides_2,cross_section_2,frame_000083,,,unassigned,good,/home/sb/Harting_Inspection/data/raw/harting_Han64_EEE-M-C-allSides-2/harting_Han64_EEE-M-C-CrossSection-2
e7b2c364e7066789,/home/sb/Harting_Inspection/data/raw/harting_Han64_EEE-M-C-allSides-2/harting_Han64_EEE-M-C-CrossSection-2/frame_000084.jpg,harting_han64_eee_m_c_allsides_2,cross_section_2,frame_000084,,,unassigned,good,/home/sb/Harting_Inspection/data/raw/harting_Han64_EEE-M-C-allSides-2/harting_Han64_EEE-M-C-CrossSection-2
3e3e312c1e786954,/home/sb/Harting_Inspection/data/raw/harting_Han64_EEE-M-C-allSides-2/harting_Han64_EEE-M-C-CrossSection-2/frame_000085.jpg,harting_han64_eee_m_c_allsides_2,cross_section_2,frame_000085,,,unassigned,good,/home/sb/Harting_Inspection/data/raw/harting_Han64_EEE-M-C-allSides-2/harting_Han64_EEE-M-C-CrossSection-2
06e6eb0b3921fbd4,/home/sb/Harting_Inspection/data/raw/harting_Han64_EEE-M-C-allSides-2/harting_Han64_EEE-M-C-CrossSection-2/frame_000086.jpg,harting_han64_eee_m_c_allsides_2,cross_section_2,frame_000086,,,unassigned,good,/home/sb/Harting_Inspection/data/raw/harting_Han64_EEE-M-C-allSides-2/harting_Han64_EEE-M-C-CrossSection-2
0dc5babf91f3a1da,/home/sb/Harting_Inspection/data/raw/harting_Han64_EEE-M-C-allSides-2/harting_Han64_EEE-M-C-CrossSection-2/frame_000087.jpg,harting_han64_eee_m_c_allsides_2,cross_section_2,frame_000087,,,unassigned,good,/home/sb/Harting_Inspection/data/raw/harting_Han64_EEE-M-C-allSides-2/harting_Han64_EEE-M-C-CrossSection-2
06e1049e5196858a,/home/sb/Harting_Inspection/data/raw/harting_Han64_EEE-M-C-allSides-2/harting_Han64_EEE-M-C-CrossSection-2/frame_000088.jpg,harting_han64_eee_m_c_allsides_2,cross_section_2,frame_000088,,,unassigned,good,/home/sb/Harting_Inspection/data/raw/harting_Han64_EEE-M-C-allSides-2/harting_Han64_EEE-M-C-CrossSection-2
2e79a7f51c9807ef,/home/sb/Harting_Inspection/data/raw/harting_Han64_EEE-M-C-allSides-2/harting_Han64_EEE-M-C-CrossSection-2/frame_000089.jpg,harting_han64_eee_m_c_allsides_2,cross_section_2,frame_000089,,,unassigned,good,/home/sb/Harting_Inspection/data/raw/harting_Han64_EEE-M-C-allSides-2/harting_Han64_EEE-M-C-CrossSection-2
aa3043291c6b8fd1,/home/sb/Harting_Inspection/data/raw/harting_Han64_EEE-M-C-allSides-2/harting_Han64_EEE-M-C-CrossSection-2/frame_000090.jpg,harting_han64_eee_m_c_allsides_2,cross_section_2,frame_000090,,,unassigned,good,/home/sb/Harting_Inspection/data/raw/harting_Han64_EEE-M-C-allSides-2/harting_Han64_EEE-M-C-CrossSection-2
d36b88784f2a0741,/home/sb/Harting_Inspection/data/raw/harting_Han64_EEE-M-C-allSides-2/harting_Han64_EEE-M-C-CrossSection-2/frame_000091.jpg,harting_han64_eee_m_c_allsides_2,cross_section_2,frame_000091,,,unassigned,good,/home/sb/Harting_Inspection/data/raw/harting_Han64_EEE-M-C-allSides-2/harting_Han64_EEE-M-C-CrossSection-2
0e6e5d46744d95cc,/home/sb/Harting_Inspection/data/raw/harting_Han64_EEE-M-C-allSides-2/harting_Han64_EEE-M-C-CrossSection-2/frame_000092.jpg,harting_han64_eee_m_c_allsides_2,cross_section_2,frame_000092,,,unassigned,good,/home/sb/Harting_Inspection/data/raw/harting_Han64_EEE-M-C-allSides-2/harting_Han64_EEE-M-C-CrossSection-2
aad70e686d149803,/home/sb/Harting_Inspection/data/raw/harting_Han64_EEE-M-C-allSides-2/harting_Han64_EEE-M-C-CrossSection-2/frame_000093.jpg,harting_han64_eee_m_c_allsides_2,cross_section_2,frame_000093,,,unassigned,good,/home/sb/Harting_Inspection/data/raw/harting_Han64_EEE-M-C-allSides-2/harting_Han64_EEE-M-C-CrossSection-2
9b99e5978e752452,/home/sb/Harting_Inspection/data/raw/harting_Han64_EEE-M-C-allSides-2/harting_Han64_EEE-M-C-CrossSection-2/frame_000094.jpg,harting_han64_eee_m_c_allsides_2,cross_section_2,frame_000094,,,unassigned,good,/home/sb/Harting_Inspection/data/raw/harting_Han64_EEE-M-C-allSides-2/harting_Han64_EEE-M-C-CrossSection-2
984129c40f3a013d,/home/sb/Harting_Inspection/data/raw/harting_Han64_EEE-M-C-allSides-2/harting_Han64_EEE-M-C-CrossSection-2/frame_000095.jpg,harting_han64_eee_m_c_allsides_2,cross_section_2,frame_000095,,,unassigned,good,/home/sb/Harting_Inspection/data/raw/harting_Han64_EEE-M-C-allSides-2/harting_Han64_EEE-M-C-CrossSection-2
118c8bb96abf96b2,/home/sb/Harting_Inspection/data/raw/harting_Han64_EEE-M-C-allSides-2/harting_Han64_EEE-M-C-CrossSection-2/frame_000096.jpg,harting_han64_eee_m_c_allsides_2,cross_section_2,frame_000096,,,unassigned,good,/home/sb/Harting_Inspection/data/raw/harting_Han64_EEE-M-C-allSides-2/harting_Han64_EEE-M-C-CrossSection-2
bd149bf1025274b2,/home/sb/Harting_Inspection/data/raw/harting_Han64_EEE-M-C-allSides-2/harting_Han64_EEE-M-C-CrossSection-2/frame_000097.jpg,harting_han64_eee_m_c_allsides_2,cross_section_2,frame_000097,,,unassigned,good,/home/sb/Harting_Inspection/data/raw/harting_Han64_EEE-M-C-allSides-2/harting_Han64_EEE-M-C-CrossSection-2
42f5d5ce03f1221a,/home/sb/Harting_Inspection/data/raw/harting_Han64_EEE-M-C-allSides-2/harting_Han64_EEE-M-C-CrossSection-2/frame_000098.jpg,harting_han64_eee_m_c_allsides_2,cross_section_2,frame_000098,,,unassigned,good,/home/sb/Harting_Inspection/data/raw/harting_Han64_EEE-M-C-allSides-2/harting_Han64_EEE-M-C-CrossSection-2
b842fff09d4cc65e,/home/sb/Harting_Inspection/data/raw/harting_Han64_EEE-M-C-allSides-2/harting_Han64_EEE-M-C-CrossSection-2/frame_000099.jpg,harting_han64_eee_m_c_allsides_2,cross_section_2,frame_000099,,,unassigned,good,/home/sb/Harting_Inspection/data/raw/harting_Han64_EEE-M-C-allSides-2/harting_Han64_EEE-M-C-CrossSection-2
3a40f4e871a5c5a4,/home/sb/Harting_Inspection/data/raw/harting_Han64_EEE-M-C-allSides-2/harting_Han64_EEE-M-C-CrossSection-2/frame_000100.jpg,harting_han64_eee_m_c_allsides_2,cross_section_2,frame_000100,,,unassigned,good,/home/sb/Harting_Inspection/data/raw/harting_Han64_EEE-M-C-allSides-2/harting_Han64_EEE-M-C-CrossSection-2
1c686e5f641d4ca0,/home/sb/Harting_Inspection/data/raw/harting_Han64_EEE-M-C-allSides-2/harting_Han64_EEE-M-C-CrossSection-2/frame_000101.jpg,harting_han64_eee_m_c_allsides_2,cross_section_2,frame_000101,,,unassigned,good,/home/sb/Harting_Inspection/data/raw/harting_Han64_EEE-M-C-allSides-2/harting_Han64_EEE-M-C-CrossSection-2
0a5c7974e3f292f6,/home/sb/Harting_Inspection/data/raw/harting_Han64_EEE-M-C-allSides-2/harting_Han64_EEE-M-C-CrossSection-2/frame_000102.jpg,harting_han64_eee_m_c_allsides_2,cross_section_2,frame_000102,,,unassigned,good,/home/sb/Harting_Inspection/data/raw/harting_Han64_EEE-M-C-allSides-2/harting_Han64_EEE-M-C-CrossSection-2
634a65cda2b641e6,/home/sb/Harting_Inspection/data/raw/harting_Han64_EEE-M-C-allSides-2/harting_Han64_EEE-M-C-CrossSection-2/frame_000103.jpg,harting_han64_eee_m_c_allsides_2,cross_section_2,frame_000103,,,unassigned,good,/home/sb/Harting_Inspection/data/raw/harting_Han64_EEE-M-C-allSides-2/harting_Han64_EEE-M-C-CrossSection-2
c26a7d1998971a8a,/home/sb/Harting_Inspection/data/raw/harting_Han64_EEE-M-C-allSides-2/harting_Han64_EEE-M-C-CrossSection-2/frame_000104.jpg,harting_han64_eee_m_c_allsides_2,cross_section_2,frame_000104,,,unassigned,good,/home/sb/Harting_Inspection/data/raw/harting_Han64_EEE-M-C-allSides-2/harting_Han64_EEE-M-C-CrossSection-2
9cdadf42d15ad509,/home/sb/Harting_Inspection/data/raw/harting_Han64_EEE-M-C-allSides-2/harting_Han64_EEE-M-C-CrossSection-2/frame_000105.jpg,harting_han64_eee_m_c_allsides_2,cross_section_2,frame_000105,,,unassigned,good,/home/sb/Harting_Inspection/data/raw/harting_Han64_EEE-M-C-allSides-2/harting_Han64_EEE-M-C-CrossSection-2
5c85e2853686193e,/home/sb/Harting_Inspection/data/raw/harting_Han64_EEE-M-C-allSides-2/harting_Han64_EEE-M-C-CrossSection-2/frame_000106.jpg,harting_han64_eee_m_c_allsides_2,cross_section_2,frame_000106,,,unassigned,good,/home/sb/Harting_Inspection/data/raw/harting_Han64_EEE-M-C-allSides-2/harting_Han64_EEE-M-C-CrossSection-2
572fc7c46d66b9b3,/home/sb/Harting_Inspection/data/raw/harting_Han64_EEE-M-C-allSides-2/harting_Han64_EEE-M-C-CrossSection-2/frame_000107.jpg,harting_han64_eee_m_c_allsides_2,cross_section_2,frame_000107,,,unassigned,good,/home/sb/Harting_Inspection/data/raw/harting_Han64_EEE-M-C-allSides-2/harting_Han64_EEE-M-C-CrossSection-2
f55231970df8960f,/home/sb/Harting_Inspection/data/raw/harting_Han64_EEE-M-C-allSides-2/harting_Han64_EEE-M-C-CrossSection-2/frame_000108.jpg,harting_han64_eee_m_c_allsides_2,cross_section_2,frame_000108,,,unassigned,good,/home/sb/Harting_Inspection/data/raw/harting_Han64_EEE-M-C-allSides-2/harting_Han64_EEE-M-C-CrossSection-2
ac9e6005a28bfc88,/home/sb/Harting_Inspection/data/raw/harting_Han64_EEE-M-C-allSides-2/harting_Han64_EEE-M-C-CrossSection-2/frame_000109.jpg,harting_han64_eee_m_c_allsides_2,cross_section_2,frame_000109,,,unassigned,good,/home/sb/Harting_Inspection/data/raw/harting_Han64_EEE-M-C-allSides-2/harting_Han64_EEE-M-C-CrossSection-2
37c2a31e0aff32a7,/home/sb/Harting_Inspection/data/raw/harting_Han64_EEE-M-C-allSides-2/harting_Han64_EEE-M-C-CrossSection-2/frame_000110.jpg,harting_han64_eee_m_c_allsides_2,cross_section_2,frame_000110,,,unassigned,good,/home/sb/Harting_Inspection/data/raw/harting_Han64_EEE-M-C-allSides-2/harting_Han64_EEE-M-C-CrossSection-2
efbf62ff2c0910f3,/home/sb/Harting_Inspection/data/raw/harting_Han64_EEE-M-C-allSides-2/harting_Han64_EEE-M-C-CrossSection-2/frame_000111.jpg,harting_han64_eee_m_c_allsides_2,cross_section_2,frame_000111,,,unassigned,good,/home/sb/Harting_Inspection/data/raw/harting_Han64_EEE-M-C-allSides-2/harting_Han64_EEE-M-C-CrossSection-2
d798eac0c25f1257,/home/sb/Harting_Inspection/data/raw/harting_Han64_EEE-M-C-allSides-2/harting_Han64_EEE-M-C-CrossSection-2/frame_000112.jpg,harting_han64_eee_m_c_allsides_2,cross_section_2,frame_000112,,,unassigned,good,/home/sb/Harting_Inspection/data/raw/harting_Han64_EEE-M-C-allSides-2/harting_Han64_EEE-M-C-CrossSection-2
7576a95036895004,/home/sb/Harting_Inspection/data/raw/harting_Han64_EEE-M-C-allSides-2/harting_Han64_EEE-M-C-CrossSection-2/frame_000113.jpg,harting_han64_eee_m_c_allsides_2,cross_section_2,frame_000113,,,unassigned,good,/home/sb/Harting_Inspection/data/raw/harting_Han64_EEE-M-C-allSides-2/harting_Han64_EEE-M-C-CrossSection-2
0a199853e5643246,/home/sb/Harting_Inspection/data/raw/harting_Han64_EEE-M-C-allSides-2/harting_Han64_EEE-M-C-CrossSection-2/frame_000114.jpg,harting_han64_eee_m_c_allsides_2,cross_section_2,frame_000114,,,unassigned,good,/home/sb/Harting_Inspection/data/raw/harting_Han64_EEE-M-C-allSides-2/harting_Han64_EEE-M-C-CrossSection-2
90c8cdff84d239ba,/home/sb/Harting_Inspection/data/raw/harting_Han64_EEE-M-C-allSides-2/harting_Han64_EEE-M-C-CrossSection-2/frame_000115.jpg,harting_han64_eee_m_c_allsides_2,cross_section_2,frame_000115,,,unassigned,good,/home/sb/Harting_Inspection/data/raw/harting_Han64_EEE-M-C-allSides-2/harting_Han64_EEE-M-C-CrossSection-2
eafe1396d484bf3c,/home/sb/Harting_Inspection/data/raw/harting_Han64_EEE-M-C-allSides-2/harting_Han64_EEE-M-C-CrossSection-2/frame_000116.jpg,harting_han64_eee_m_c_allsides_2,cross_section_2,frame_000116,,,unassigned,good,/home/sb/Harting_Inspection/data/raw/harting_Han64_EEE-M-C-allSides-2/harting_Han64_EEE-M-C-CrossSection-2
67f363e0ff61ee3d,/home/sb/Harting_Inspection/data/raw/harting_Han64_EEE-M-C-allSides-2/harting_Han64_EEE-M-C-CrossSection-2/frame_000117.jpg,harting_han64_eee_m_c_allsides_2,cross_section_2,frame_000117,,,unassigned,good,/home/sb/Harting_Inspection/data/raw/harting_Han64_EEE-M-C-allSides-2/harting_Han64_EEE-M-C-CrossSection-2
d332074a4998c37b,/home/sb/Harting_Inspection/data/raw/harting_Han64_EEE-M-C-allSides-2/harting_Han64_EEE-M-C-CrossSection-2/frame_000118.jpg,harting_han64_eee_m_c_allsides_2,cross_section_2,frame_000118,,,unassigned,good,/home/sb/Harting_Inspection/data/raw/harting_Han64_EEE-M-C-allSides-2/harting_Han64_EEE-M-C-CrossSection-2
62f094adb14a77d1,/home/sb/Harting_Inspection/data/raw/harting_Han64_EEE-M-C-allSides-2/harting_Han64_EEE-M-C-CrossSection-2/frame_000119.jpg,harting_han64_eee_m_c_allsides_2,cross_section_2,frame_000119,,,unassigned,good,/home/sb/Harting_Inspection/data/raw/harting_Han64_EEE-M-C-allSides-2/harting_Han64_EEE-M-C-CrossSection-2
10b90e9a503cc6d0,/home/sb/Harting_Inspection/data/raw/harting_Han64_EEE-M-C-allSides-2/harting_Han64_EEE-M-C-CrossSection-2/frame_000120.jpg,harting_han64_eee_m_c_allsides_2,cross_section_2,frame_000120,,,unassigned,good,/home/sb/Harting_Inspection/data/raw/harting_Han64_EEE-M-C-allSides-2/harting_Han64_EEE-M-C-CrossSection-2
a34962c296feb6e6,/home/sb/Harting_Inspection/data/raw/harting_Han64_EEE-M-C-allSides-2/harting_Han64_EEE-M-C-CrossSection-2/frame_000121.jpg,harting_han64_eee_m_c_allsides_2,cross_section_2,frame_000121,,,unassigned,good,/home/sb/Harting_Inspection/data/raw/harting_Han64_EEE-M-C-allSides-2/harting_Han64_EEE-M-C-CrossSection-2
daed9666a5ccd084,/home/sb/Harting_Inspection/data/raw/harting_Han64_EEE-M-C-allSides-2/harting_Han64_EEE-M-C-CrossSection-2/frame_000122.jpg,harting_han64_eee_m_c_allsides_2,cross_section_2,frame_000122,,,unassigned,good,/home/sb/Harting_Inspection/data/raw/harting_Han64_EEE-M-C-allSides-2/harting_Han64_EEE-M-C-CrossSection-2
392608de0ec5e596,/home/sb/Harting_Inspection/data/raw/harting_Han64_EEE-M-C-allSides-2/harting_Han64_EEE-M-C-CrossSection-2/frame_000123.jpg,harting_han64_eee_m_c_allsides_2,cross_section_2,frame_000123,,,unassigned,good,/home/sb/Harting_Inspection/data/raw/harting_Han64_EEE-M-C-allSides-2/harting_Han64_EEE-M-C-CrossSection-2
bb769de9e2789680,/home/sb/Harting_Inspection/data/raw/harting_Han64_EEE-M-C-allSides-2/harting_Han64_EEE-M-C-CrossSection-2/frame_000124.jpg,harting_han64_eee_m_c_allsides_2,cross_section_2,frame_000124,,,unassigned,good,/home/sb/Harting_Inspection/data/raw/harting_Han64_EEE-M-C-allSides-2/harting_Han64_EEE-M-C-CrossSection-2
250ba12698a0bef9,/home/sb/Harting_Inspection/data/raw/harting_Han64_EEE-M-C-allSides-2/harting_Han64_EEE-M-C-CrossSection-2/frame_000125.jpg,harting_han64_eee_m_c_allsides_2,cross_section_2,frame_000125,,,unassigned,good,/home/sb/Harting_Inspection/data/raw/harting_Han64_EEE-M-C-allSides-2/harting_Han64_EEE-M-C-CrossSection-2
8c702993dca779a8,/home/sb/Harting_Inspection/data/raw/harting_Han64_EEE-M-C-allSides-2/harting_Han64_EEE-M-C-CrossSection-2/frame_000126.jpg,harting_han64_eee_m_c_allsides_2,cross_section_2,frame_000126,,,unassigned,good,/home/sb/Harting_Inspection/data/raw/harting_Han64_EEE-M-C-allSides-2/harting_Han64_EEE-M-C-CrossSection-2
006c01dd01ea9701,/home/sb/Harting_Inspection/data/raw/harting_Han64_EEE-M-C-allSides-2/harting_Han64_EEE-M-C-CrossSection-2/frame_000127.jpg,harting_han64_eee_m_c_allsides_2,cross_section_2,frame_000127,,,unassigned,good,/home/sb/Harting_Inspection/data/raw/harting_Han64_EEE-M-C-allSides-2/harting_Han64_EEE-M-C-CrossSection-2
a799e292eec428a2,/home/sb/Harting_Inspection/data/raw/harting_Han64_EEE-M-C-allSides-2/harting_Han64_EEE-M-C-CrossSection-2/frame_000128.jpg,harting_han64_eee_m_c_allsides_2,cross_section_2,frame_000128,,,unassigned,good,/home/sb/Harting_Inspection/data/raw/harting_Han64_EEE-M-C-allSides-2/harting_Han64_EEE-M-C-CrossSection-2
e1709b4553f56d5a,/home/sb/Harting_Inspection/data/raw/harting_Han64_EEE-M-C-allSides-2/harting_Han64_EEE-M-C-CrossSection-2/frame_000129.jpg,harting_han64_eee_m_c_allsides_2,cross_section_2,frame_000129,,,unassigned,good,/home/sb/Harting_Inspection/data/raw/harting_Han64_EEE-M-C-allSides-2/harting_Han64_EEE-M-C-CrossSection-2
67f244c3d86927b1,/home/sb/Harting_Inspection/data/raw/harting_Han64_EEE-M-C-allSides-2/harting_Han64_EEE-M-C-CrossSection-2/frame_000130.jpg,harting_han64_eee_m_c_allsides_2,cross_section_2,frame_000130,,,unassigned,good,/home/sb/Harting_Inspection/data/raw/harting_Han64_EEE-M-C-allSides-2/harting_Han64_EEE-M-C-CrossSection-2
b8d2e10c38bafa41,/home/sb/Harting_Inspection/data/raw/harting_Han64_EEE-M-C-allSides-2/harting_Han64_EEE-M-C-CrossSection-2/frame_000131.jpg,harting_han64_eee_m_c_allsides_2,cross_section_2,frame_000131,,,unassigned,good,/home/sb/Harting_Inspection/data/raw/harting_Han64_EEE-M-C-allSides-2/harting_Han64_EEE-M-C-CrossSection-2
d9991f1390bb52d9,/home/sb/Harting_Inspection/data/raw/harting_Han64_EEE-M-C-allSides-2/harting_Han64_EEE-M-C-CrossSection-2/frame_000132.jpg,harting_han64_eee_m_c_allsides_2,cross_section_2,frame_000132,,,unassigned,good,/home/sb/Harting_Inspection/data/raw/harting_Han64_EEE-M-C-allSides-2/harting_Han64_EEE-M-C-CrossSection-2
7e9082ee127866a9,/home/sb/Harting_Inspection/data/raw/harting_Han64_EEE-M-C-allSides-2/harting_Han64_EEE-M-C-CrossSection-2/frame_000133.jpg,harting_han64_eee_m_c_allsides_2,cross_section_2,frame_000133,,,unassigned,good,/home/sb/Harting_Inspection/data/raw/harting_Han64_EEE-M-C-allSides-2/harting_Han64_EEE-M-C-CrossSection-2
4f73e6133e15c6dd,/home/sb/Harting_Inspection/data/raw/harting_Han64_EEE-M-C-allSides-2/harting_Han64_EEE-M-C-CrossSection-2/frame_000134.jpg,harting_han64_eee_m_c_allsides_2,cross_section_2,frame_000134,,,unassigned,good,/home/sb/Harting_Inspection/data/raw/harting_Han64_EEE-M-C-allSides-2/harting_Han64_EEE-M-C-CrossSection-2
5812e5c84b84ab97,/home/sb/Harting_Inspection/data/raw/harting_Han64_EEE-M-C-allSides-2/harting_Han64_EEE-M-C-CrossSection-2/frame_000135.jpg,harting_han64_eee_m_c_allsides_2,cross_section_2,frame_000135,,,unassigned,good,/home/sb/Harting_Inspection/data/raw/harting_Han64_EEE-M-C-allSides-2/harting_Han64_EEE-M-C-CrossSection-2
4aa16d737ad1f0b1,/home/sb/Harting_Inspection/data/raw/harting_Han64_EEE-M-C-allSides-2/harting_Han64_EEE-M-C-CrossSection-2/frame_000136.jpg,harting_han64_eee_m_c_allsides_2,cross_section_2,frame_000136,,,unassigned,good,/home/sb/Harting_Inspection/data/raw/harting_Han64_EEE-M-C-allSides-2/harting_Han64_EEE-M-C-CrossSection-2
25146b459c28bf86,/home/sb/Harting_Inspection/data/raw/harting_Han64_EEE-M-C-allSides-2/harting_Han64_EEE-M-C-CrossSection-2/frame_000137.jpg,harting_han64_eee_m_c_allsides_2,cross_section_2,frame_000137,,,unassigned,good,/home/sb/Harting_Inspection/data/raw/harting_Han64_EEE-M-C-allSides-2/harting_Han64_EEE-M-C-CrossSection-2
a8d8662ccb53981f,/home/sb/Harting_Inspection/data/raw/harting_Han64_EEE-M-C-allSides-2/harting_Han64_EEE-M-C-CrossSection-2/frame_000138.jpg,harting_han64_eee_m_c_allsides_2,cross_section_2,frame_000138,,,unassigned,good,/home/sb/Harting_Inspection/data/raw/harting_Han64_EEE-M-C-allSides-2/harting_Han64_EEE-M-C-CrossSection-2
5e9b9fe11209c18f,/home/sb/Harting_Inspection/data/raw/harting_Han64_EEE-M-C-allSides-2/harting_Han64_EEE-M-C-CrossSection-2/frame_000139.jpg,harting_han64_eee_m_c_allsides_2,cross_section_2,frame_000139,,,unassigned,good,/home/sb/Harting_Inspection/data/raw/harting_Han64_EEE-M-C-allSides-2/harting_Han64_EEE-M-C-CrossSection-2
18682e97a03958c3,/home/sb/Harting_Inspection/data/raw/harting_Han64_EEE-M-C-allSides-2/harting_Han64_EEE-M-C-CrossSection-2/frame_000140.jpg,harting_han64_eee_m_c_allsides_2,cross_section_2,frame_000140,,,unassigned,good,/home/sb/Harting_Inspection/data/raw/harting_Han64_EEE-M-C-allSides-2/harting_Han64_EEE-M-C-CrossSection-2
861f689c61478c2c,/home/sb/Harting_Inspection/data/raw/harting_Han64_EEE-M-C-allSides-2/harting_Han64_EEE-M-C-CrossSection-2/frame_000141.jpg,harting_han64_eee_m_c_allsides_2,cross_section_2,frame_000141,,,unassigned,good,/home/sb/Harting_Inspection/data/raw/harting_Han64_EEE-M-C-allSides-2/harting_Han64_EEE-M-C-CrossSection-2
1a79503f92cae4af,/home/sb/Harting_Inspection/data/raw/harting_Han64_EEE-M-C-allSides-2/harting_Han64_EEE-M-C-CrossSection-2/frame_000142.jpg,harting_han64_eee_m_c_allsides_2,cross_section_2,frame_000142,,,unassigned,good,/home/sb/Harting_Inspection/data/raw/harting_Han64_EEE-M-C-allSides-2/harting_Han64_EEE-M-C-CrossSection-2
6b4229716436ab5c,/home/sb/Harting_Inspection/data/raw/harting_Han64_EEE-M-C-allSides-2/harting_Han64_EEE-M-C-CrossSection-2/frame_000143.jpg,harting_han64_eee_m_c_allsides_2,cross_section_2,frame_000143,,,unassigned,good,/home/sb/Harting_Inspection/data/raw/harting_Han64_EEE-M-C-allSides-2/harting_Han64_EEE-M-C-CrossSection-2
cbfe2f88912e1708,/home/sb/Harting_Inspection/data/raw/harting_Han64_EEE-M-C-allSides-2/harting_Han64_EEE-M-C-CrossSection-2/frame_000144.jpg,harting_han64_eee_m_c_allsides_2,cross_section_2,frame_000144,,,unassigned,good,/home/sb/Harting_Inspection/data/raw/harting_Han64_EEE-M-C-allSides-2/harting_Han64_EEE-M-C-CrossSection-2
04747a84443ca285,/home/sb/Harting_Inspection/data/raw/harting_Han64_EEE-M-C-allSides-2/harting_Han64_EEE-M-C-CrossSection-2/frame_000145.jpg,harting_han64_eee_m_c_allsides_2,cross_section_2,frame_000145,,,unassigned,good,/home/sb/Harting_Inspection/data/raw/harting_Han64_EEE-M-C-allSides-2/harting_Han64_EEE-M-C-CrossSection-2
ebd8a69734642529,/home/sb/Harting_Inspection/data/raw/harting_Han64_EEE-M-C-allSides-2/harting_Han64_EEE-M-C-CrossSection-2/frame_000146.jpg,harting_han64_eee_m_c_allsides_2,cross_section_2,frame_000146,,,unassigned,good,/home/sb/Harting_Inspection/data/raw/harting_Han64_EEE-M-C-allSides-2/harting_Han64_EEE-M-C-CrossSection-2
c0ddeef14e931e48,/home/sb/Harting_Inspection/data/raw/harting_Han64_EEE-M-C-allSides-2/harting_Han64_EEE-M-C-CrossSection-2/frame_000147.jpg,harting_han64_eee_m_c_allsides_2,cross_section_2,frame_000147,,,unassigned,good,/home/sb/Harting_Inspection/data/raw/harting_Han64_EEE-M-C-allSides-2/harting_Han64_EEE-M-C-CrossSection-2
8d2b07d33c7588af,/home/sb/Harting_Inspection/data/raw/harting_Han64_EEE-M-C-allSides-2/harting_Han64_EEE-M-C-CrossSection-2/frame_000148.jpg,harting_han64_eee_m_c_allsides_2,cross_section_2,frame_000148,,,unassigned,good,/home/sb/Harting_Inspection/data/raw/harting_Han64_EEE-M-C-allSides-2/harting_Han64_EEE-M-C-CrossSection-2
f30b81f31caee021,/home/sb/Harting_Inspection/data/raw/harting_Han64_EEE-M-C-allSides-2/harting_Han64_EEE-M-C-CrossSection-2/frame_000149.jpg,harting_han64_eee_m_c_allsides_2,cross_section_2,frame_000149,,,unassigned,good,/home/sb/Harting_Inspection/data/raw/harting_Han64_EEE-M-C-allSides-2/harting_Han64_EEE-M-C-CrossSection-2
fd8cd3c4e575111d,/home/sb/Harting_Inspection/data/raw/harting_Han64_EEE-M-C-allSides-2/harting_Han64_EEE-M-C-CrossSection-2/frame_000150.jpg,harting_han64_eee_m_c_allsides_2,cross_section_2,frame_000150,,,unassigned,good,/home/sb/Harting_Inspection/data/raw/harting_Han64_EEE-M-C-allSides-2/harting_Han64_EEE-M-C-CrossSection-2
73a8d3a171a41656,/home/sb/Harting_Inspection/data/raw/harting_Han64_EEE-M-C-allSides-2/harting_Han64_EEE-M-C-CrossSection-2/frame_000151.jpg,harting_han64_eee_m_c_allsides_2,cross_section_2,frame_000151,,,unassigned,good,/home/sb/Harting_Inspection/data/raw/harting_Han64_EEE-M-C-allSides-2/harting_Han64_EEE-M-C-CrossSection-2
d949450e34597975,/home/sb/Harting_Inspection/data/raw/harting_Han64_EEE-M-C-allSides-2/harting_Han64_EEE-M-C-CrossSection-2/frame_000152.jpg,harting_han64_eee_m_c_allsides_2,cross_section_2,frame_000152,,,unassigned,good,/home/sb/Harting_Inspection/data/raw/harting_Han64_EEE-M-C-allSides-2/harting_Han64_EEE-M-C-CrossSection-2
6917e8675ec9b122,/home/sb/Harting_Inspection/data/raw/harting_Han64_EEE-M-C-allSides-2/harting_Han64_EEE-M-C-CrossSection-2/frame_000153.jpg,harting_han64_eee_m_c_allsides_2,cross_section_2,frame_000153,,,unassigned,good,/home/sb/Harting_Inspection/data/raw/harting_Han64_EEE-M-C-allSides-2/harting_Han64_EEE-M-C-CrossSection-2
548887ec3dc204e2,/home/sb/Harting_Inspection/data/raw/harting_Han64_EEE-M-C-allSides-2/harting_Han64_EEE-M-C-CrossSection-2/frame_000154.jpg,harting_han64_eee_m_c_allsides_2,cross_section_2,frame_000154,,,unassigned,good,/home/sb/Harting_Inspection/data/raw/harting_Han64_EEE-M-C-allSides-2/harting_Han64_EEE-M-C-CrossSection-2
b623472654af51df,/home/sb/Harting_Inspection/data/raw/harting_Han64_EEE-M-C-allSides-2/harting_Han64_EEE-M-C-CrossSection-2/frame_000155.jpg,harting_han64_eee_m_c_allsides_2,cross_section_2,frame_000155,,,unassigned,good,/home/sb/Harting_Inspection/data/raw/harting_Han64_EEE-M-C-allSides-2/harting_Han64_EEE-M-C-CrossSection-2
f85fb7a6dd60fd48,/home/sb/Harting_Inspection/data/raw/harting_Han64_EEE-M-C-allSides-2/harting_Han64_EEE-M-C-CrossSection-2/frame_000156.jpg,harting_han64_eee_m_c_allsides_2,cross_section_2,frame_000156,,,unassigned,good,/home/sb/Harting_Inspection/data/raw/harting_Han64_EEE-M-C-allSides-2/harting_Han64_EEE-M-C-CrossSection-2
23d59aaeb838bef5,/home/sb/Harting_Inspection/data/raw/harting_Han64_EEE-M-C-allSides-2/harting_Han64_EEE-M-C-CrossSection-2/frame_000157.jpg,harting_han64_eee_m_c_allsides_2,cross_section_2,frame_000157,,,unassigned,good,/home/sb/Harting_Inspection/data/raw/harting_Han64_EEE-M-C-allSides-2/harting_Han64_EEE-M-C-CrossSection-2
d7e8c4a14edc8d4a,/home/sb/Harting_Inspection/data/raw/harting_Han64_EEE-M-C-allSides-2/harting_Han64_EEE-M-C-CrossSection-2/frame_000158.jpg,harting_han64_eee_m_c_allsides_2,cross_section_2,frame_000158,,,unassigned,good,/home/sb/Harting_Inspection/data/raw/harting_Han64_EEE-M-C-allSides-2/harting_Han64_EEE-M-C-CrossSection-2
2c4658cd7fe74a1e,/home/sb/Harting_Inspection/data/raw/harting_Han64_EEE-M-C-allSides-2/harting_Han64_EEE-M-C-CrossSection-2/frame_000159.jpg,harting_han64_eee_m_c_allsides_2,cross_section_2,frame_000159,,,unassigned,good,/home/sb/Harting_Inspection/data/raw/harting_Han64_EEE-M-C-allSides-2/harting_Han64_EEE-M-C-CrossSection-2
cb917ce562e2e0e6,/home/sb/Harting_Inspection/data/raw/harting_Han64_EEE-M-C-allSides-2/harting_Han64_EEE-M-C-CrossSection-2/frame_000160.jpg,harting_han64_eee_m_c_allsides_2,cross_section_2,frame_000160,,,unassigned,good,/home/sb/Harting_Inspection/data/raw/harting_Han64_EEE-M-C-allSides-2/harting_Han64_EEE-M-C-CrossSection-2
2b427e2719703527,/home/sb/Harting_Inspection/data/raw/harting_Han64_EEE-M-C-allSides-2/harting_Han64_EEE-M-C-CrossSection-2/frame_000161.jpg,harting_han64_eee_m_c_allsides_2,cross_section_2,frame_000161,,,unassigned,good,/home/sb/Harting_Inspection/data/raw/harting_Han64_EEE-M-C-allSides-2/harting_Han64_EEE-M-C-CrossSection-2
e88baf8ff8e5005f,/home/sb/Harting_Inspection/data/raw/harting_Han64_EEE-M-C-allSides-2/harting_Han64_EEE-M-C-CrossSection-2/frame_000162.jpg,harting_han64_eee_m_c_allsides_2,cross_section_2,frame_000162,,,unassigned,good,/home/sb/Harting_Inspection/data/raw/harting_Han64_EEE-M-C-allSides-2/harting_Han64_EEE-M-C-CrossSection-2
6e09281280f4607c,/home/sb/Harting_Inspection/data/raw/harting_Han64_EEE-M-C-allSides-2/harting_Han64_EEE-M-C-CrossSection-2/frame_000163.jpg,harting_han64_eee_m_c_allsides_2,cross_section_2,frame_000163,,,unassigned,good,/home/sb/Harting_Inspection/data/raw/harting_Han64_EEE-M-C-allSides-2/harting_Han64_EEE-M-C-CrossSection-2
f7d5822e99fecabc,/home/sb/Harting_Inspection/data/raw/harting_Han64_EEE-M-C-allSides-2/harting_Han64_EEE-M-C-CrossSection-2/frame_000164.jpg,harting_han64_eee_m_c_allsides_2,cross_section_2,frame_000164,,,unassigned,good,/home/sb/Harting_Inspection/data/raw/harting_Han64_EEE-M-C-allSides-2/harting_Han64_EEE-M-C-CrossSection-2
fd459fb79ff07b39,/home/sb/Harting_Inspection/data/raw/harting_Han64_EEE-M-C-allSides-2/harting_Han64_EEE-M-C-CrossSection-2/frame_000165.jpg,harting_han64_eee_m_c_allsides_2,cross_section_2,frame_000165,,,unassigned,good,/home/sb/Harting_Inspection/data/raw/harting_Han64_EEE-M-C-allSides-2/harting_Han64_EEE-M-C-CrossSection-2
8f3068ed313c6c52,/home/sb/Harting_Inspection/data/raw/harting_Han64_EEE-M-C-allSides-2/harting_Han64_EEE-M-C-CrossSection-2/frame_000166.jpg,harting_han64_eee_m_c_allsides_2,cross_section_2,frame_000166,,,unassigned,good,/home/sb/Harting_Inspection/data/raw/harting_Han64_EEE-M-C-allSides-2/harting_Han64_EEE-M-C-CrossSection-2
c373196489ab2f70,/home/sb/Harting_Inspection/data/raw/harting_Han64_EEE-M-C-allSides-2/harting_Han64_EEE-M-C-CrossSection-2/frame_000167.jpg,harting_han64_eee_m_c_allsides_2,cross_section_2,frame_000167,,,unassigned,good,/home/sb/Harting_Inspection/data/raw/harting_Han64_EEE-M-C-allSides-2/harting_Han64_EEE-M-C-CrossSection-2
b7cdf1daccf4a7f3,/home/sb/Harting_Inspection/data/raw/harting_Han64_EEE-M-C-allSides-2/harting_Han64_EEE-M-C-CrossSection-2/frame_000168.jpg,harting_han64_eee_m_c_allsides_2,cross_section_2,frame_000168,,,unassigned,good,/home/sb/Harting_Inspection/data/raw/harting_Han64_EEE-M-C-allSides-2/harting_Han64_EEE-M-C-CrossSection-2
1c8bd1e12e54411b,/home/sb/Harting_Inspection/data/raw/harting_Han64_EEE-M-C-allSides-2/harting_Han64_EEE-M-C-CrossSection-2/frame_000169.jpg,harting_han64_eee_m_c_allsides_2,cross_section_2,frame_000169,,,unassigned,good,/home/sb/Harting_Inspection/data/raw/harting_Han64_EEE-M-C-allSides-2/harting_Han64_EEE-M-C-CrossSection-2
310fbccf44dd8edb,/home/sb/Harting_Inspection/data/raw/harting_Han64_EEE-M-C-allSides-2/harting_Han64_EEE-M-C-CrossSection-2/frame_000170.jpg,harting_han64_eee_m_c_allsides_2,cross_section_2,frame_000170,,,unassigned,good,/home/sb/Harting_Inspection/data/raw/harting_Han64_EEE-M-C-allSides-2/harting_Han64_EEE-M-C-CrossSection-2
a9380d5e6139cc65,/home/sb/Harting_Inspection/data/raw/harting_Han64_EEE-M-C-allSides-2/harting_Han64_EEE-M-C-CrossSection-2/frame_000171.jpg,harting_han64_eee_m_c_allsides_2,cross_section_2,frame_000171,,,unassigned,good,/home/sb/Harting_Inspection/data/raw/harting_Han64_EEE-M-C-allSides-2/harting_Han64_EEE-M-C-CrossSection-2
eae90a5f426eef4e,/home/sb/Harting_Inspection/data/raw/harting_Han64_EEE-M-C-allSides-2/harting_Han64_EEE-M-C-CrossSection-2/frame_000172.jpg,harting_han64_eee_m_c_allsides_2,cross_section_2,frame_000172,,,unassigned,good,/home/sb/Harting_Inspection/data/raw/harting_Han64_EEE-M-C-allSides-2/harting_Han64_EEE-M-C-CrossSection-2
acf2c4b60d7e7222,/home/sb/Harting_Inspection/data/raw/harting_Han64_EEE-M-C-allSides-2/harting_Han64_EEE-M-C-CrossSection-2/frame_000173.jpg,harting_han64_eee_m_c_allsides_2,cross_section_2,frame_000173,,,unassigned,good,/home/sb/Harting_Inspection/data/raw/harting_Han64_EEE-M-C-allSides-2/harting_Han64_EEE-M-C-CrossSection-2
7e635842c43d48c0,/home/sb/Harting_Inspection/data/raw/harting_Han64_EEE-M-C-allSides-2/harting_Han64_EEE-M-C-CrossSection-2/frame_000174.jpg,harting_han64_eee_m_c_allsides_2,cross_section_2,frame_000174,,,unassigned,good,/home/sb/Harting_Inspection/data/raw/harting_Han64_EEE-M-C-allSides-2/harting_Han64_EEE-M-C-CrossSection-2
d8ad31d5286f69e0,/home/sb/Harting_Inspection/data/raw/harting_Han64_EEE-M-C-allSides-2/harting_Han64_EEE-M-C-CrossSection-2/frame_000175.jpg,harting_han64_eee_m_c_allsides_2,cross_section_2,frame_000175,,,unassigned,good,/home/sb/Harting_Inspection/data/raw/harting_Han64_EEE-M-C-allSides-2/harting_Han64_EEE-M-C-CrossSection-2
9263dfc230ebb3ca,/home/sb/Harting_Inspection/data/raw/harting_Han64_EEE-M-C-allSides-2/harting_Han64_EEE-M-C-CrossSection-2/frame_000176.jpg,harting_han64_eee_m_c_allsides_2,cross_section_2,frame_000176,,,unassigned,good,/home/sb/Harting_Inspection/data/raw/harting_Han64_EEE-M-C-allSides-2/harting_Han64_EEE-M-C-CrossSection-2
4703fe77b5afec70,/home/sb/Harting_Inspection/data/raw/harting_Han64_EEE-M-C-allSides-2/harting_Han64_EEE-M-C-CrossSection-2/frame_000177.jpg,harting_han64_eee_m_c_allsides_2,cross_section_2,frame_000177,,,unassigned,good,/home/sb/Harting_Inspection/data/raw/harting_Han64_EEE-M-C-allSides-2/harting_Han64_EEE-M-C-CrossSection-2
b22dec034d0d3757,/home/sb/Harting_Inspection/data/raw/harting_Han64_EEE-M-C-allSides-2/harting_Han64_EEE-M-C-CrossSection-2/frame_000178.jpg,harting_han64_eee_m_c_allsides_2,cross_section_2,frame_000178,,,unassigned,good,/home/sb/Harting_Inspection/data/raw/harting_Han64_EEE-M-C-allSides-2/harting_Han64_EEE-M-C-CrossSection-2
06679332c60d03d5,/home/sb/Harting_Inspection/data/raw/harting_Han64_EEE-M-C-allSides-2/harting_Han64_EEE-M-C-CrossSection-2/frame_000179.jpg,harting_han64_eee_m_c_allsides_2,cross_section_2,frame_000179,,,unassigned,good,/home/sb/Harting_Inspection/data/raw/harting_Han64_EEE-M-C-allSides-2/harting_Han64_EEE-M-C-CrossSection-2
23bb73010d3a9d95,/home/sb/Harting_Inspection/data/raw/harting_Han64_EEE-M-C-allSides-2/harting_Han64_EEE-M-C-CrossSection-2/frame_000180.jpg,harting_han64_eee_m_c_allsides_2,cross_section_2,frame_000180,,,unassigned,good,/home/sb/Harting_Inspection/data/raw/harting_Han64_EEE-M-C-allSides-2/harting_Han64_EEE-M-C-CrossSection-2
fe8bad49289e9162,/home/sb/Harting_Inspection/data/raw/harting_Han64_EEE-M-C-allSides-2/harting_Han64_EEE-M-C-CrossSection-2/frame_000181.jpg,harting_han64_eee_m_c_allsides_2,cross_section_2,frame_000181,,,unassigned,good,/home/sb/Harting_Inspection/data/raw/harting_Han64_EEE-M-C-allSides-2/harting_Han64_EEE-M-C-CrossSection-2
03d2149707fac8db,/home/sb/Harting_Inspection/data/raw/harting_Han64_EEE-M-C-allSides-2/harting_Han64_EEE-M-C-CrossSection-2/frame_000182.jpg,harting_han64_eee_m_c_allsides_2,cross_section_2,frame_000182,,,unassigned,good,/home/sb/Harting_Inspection/data/raw/harting_Han64_EEE-M-C-allSides-2/harting_Han64_EEE-M-C-CrossSection-2
7ea57495662af437,/home/sb/Harting_Inspection/data/raw/harting_Han64_EEE-M-C-allSides-2/harting_Han64_EEE-M-C-CrossSection-2/frame_000183.jpg,harting_han64_eee_m_c_allsides_2,cross_section_2,frame_000183,,,unassigned,good,/home/sb/Harting_Inspection/data/raw/harting_Han64_EEE-M-C-allSides-2/harting_Han64_EEE-M-C-CrossSection-2
d04ca24e477adc24,/home/sb/Harting_Inspection/data/raw/harting_Han64_EEE-M-C-allSides-2/harting_Han64_EEE-M-C-CrossSection-2/frame_000184.jpg,harting_han64_eee_m_c_allsides_2,cross_section_2,frame_000184,,,unassigned,good,/home/sb/Harting_Inspection/data/raw/harting_Han64_EEE-M-C-allSides-2/harting_Han64_EEE-M-C-CrossSection-2
502b8e15828ed8dc,/home/sb/Harting_Inspection/data/raw/harting_Han64_EEE-M-C-allSides-2/harting_Han64_EEE-M-C-CrossSection-2/frame_000185.jpg,harting_han64_eee_m_c_allsides_2,cross_section_2,frame_000185,,,unassigned,good,/home/sb/Harting_Inspection/data/raw/harting_Han64_EEE-M-C-allSides-2/harting_Han64_EEE-M-C-CrossSection-2
47dc4c34af5a7e48,/home/sb/Harting_Inspection/data/raw/harting_Han64_EEE-M-C-allSides-2/harting_Han64_EEE-M-C-CrossSection-2/frame_000186.jpg,harting_han64_eee_m_c_allsides_2,cross_section_2,frame_000186,,,unassigned,good,/home/sb/Harting_Inspection/data/raw/harting_Han64_EEE-M-C-allSides-2/harting_Han64_EEE-M-C-CrossSection-2
a02cb3ee24ed2b5e,/home/sb/Harting_Inspection/data/raw/harting_Han64_EEE-M-C-allSides-2/harting_Han64_EEE-M-C-CrossSection-2/frame_000187.jpg,harting_han64_eee_m_c_allsides_2,cross_section_2,frame_000187,,,unassigned,good,/home/sb/Harting_Inspection/data/raw/harting_Han64_EEE-M-C-allSides-2/harting_Han64_EEE-M-C-CrossSection-2
b83a31343a3c02e4,/home/sb/Harting_Inspection/data/raw/harting_Han64_EEE-M-C-allSides-2/harting_Han64_EEE-M-C-CrossSection-2/frame_000188.jpg,harting_han64_eee_m_c_allsides_2,cross_section_2,frame_000188,,,unassigned,good,/home/sb/Harting_Inspection/data/raw/harting_Han64_EEE-M-C-allSides-2/harting_Han64_EEE-M-C-CrossSection-2
4fe1d51f43c1b821,/home/sb/Harting_Inspection/data/raw/harting_Han64_EEE-M-C-allSides-2/harting_Han64_EEE-M-C-CrossSection-2/frame_000189.jpg,harting_han64_eee_m_c_allsides_2,cross_section_2,frame_000189,,,unassigned,good,/home/sb/Harting_Inspection/data/raw/harting_Han64_EEE-M-C-allSides-2/harting_Han64_EEE-M-C-CrossSection-2
23564eff8a723b3c,/home/sb/Harting_Inspection/data/raw/harting_Han64_EEE-M-C-allSides-2/harting_Han64_EEE-M-C-CrossSection-2/frame_000190.jpg,harting_han64_eee_m_c_allsides_2,cross_section_2,frame_000190,,,unassigned,good,/home/sb/Harting_Inspection/data/raw/harting_Han64_EEE-M-C-allSides-2/harting_Han64_EEE-M-C-CrossSection-2
085c84d0ac1e79a4,/home/sb/Harting_Inspection/data/raw/harting_Han64_EEE-M-C-allSides-2/harting_Han64_EEE-M-C-CrossSection-2/frame_000191.jpg,harting_han64_eee_m_c_allsides_2,cross_section_2,frame_000191,,,unassigned,good,/home/sb/Harting_Inspection/data/raw/harting_Han64_EEE-M-C-allSides-2/harting_Han64_EEE-M-C-CrossSection-2
ec70d4d0b9ac2c75,/home/sb/Harting_Inspection/data/raw/harting_Han64_EEE-M-C-allSides-2/harting_Han64_EEE-M-C-CrossSection-2/frame_000192.jpg,harting_han64_eee_m_c_allsides_2,cross_section_2,frame_000192,,,unassigned,good,/home/sb/Harting_Inspection/data/raw/harting_Han64_EEE-M-C-allSides-2/harting_Han64_EEE-M-C-CrossSection-2
1c1e10193084feda,/home/sb/Harting_Inspection/data/raw/harting_Han64_EEE-M-C-allSides-2/harting_Han64_EEE-M-C-CrossSection-2/frame_000193.jpg,harting_han64_eee_m_c_allsides_2,cross_section_2,frame_000193,,,unassigned,good,/home/sb/Harting_Inspection/data/raw/harting_Han64_EEE-M-C-allSides-2/harting_Han64_EEE-M-C-CrossSection-2
396a4590dca43058,/home/sb/Harting_Inspection/data/raw/harting_Han64_EEE-M-C-allSides-2/harting_Han64_EEE-M-C-CrossSection-2/frame_000194.jpg,harting_han64_eee_m_c_allsides_2,cross_section_2,frame_000194,,,unassigned,good,/home/sb/Harting_Inspection/data/raw/harting_Han64_EEE-M-C-allSides-2/harting_Han64_EEE-M-C-CrossSection-2
238bb65b343467d8,/home/sb/Harting_Inspection/data/raw/harting_Han64_EEE-M-C-allSides-2/harting_Han64_EEE-M-C-CrossSection-2/frame_000195.jpg,harting_han64_eee_m_c_allsides_2,cross_section_2,frame_000195,,,unassigned,good,/home/sb/Harting_Inspection/data/raw/harting_Han64_EEE-M-C-allSides-2/harting_Han64_EEE-M-C-CrossSection-2
ed7dd1d91695ed46,/home/sb/Harting_Inspection/data/raw/harting_Han64_EEE-M-C-allSides-2/harting_Han64_EEE-M-C-CrossSection-2/frame_000196.jpg,harting_han64_eee_m_c_allsides_2,cross_section_2,frame_000196,,,unassigned,good,/home/sb/Harting_Inspection/data/raw/harting_Han64_EEE-M-C-allSides-2/harting_Han64_EEE-M-C-CrossSection-2
92cedbda527f5a25,/home/sb/Harting_Inspection/data/raw/harting_Han64_EEE-M-C-allSides-2/harting_Han64_EEE-M-C-CrossSection-2/frame_000197.jpg,harting_han64_eee_m_c_allsides_2,cross_section_2,frame_000197,,,unassigned,good,/home/sb/Harting_Inspection/data/raw/harting_Han64_EEE-M-C-allSides-2/harting_Han64_EEE-M-C-CrossSection-2
ec488e9260312ba1,/home/sb/Harting_Inspection/data/raw/harting_Han64_EEE-M-C-allSides-2/harting_Han64_EEE-M-C-CrossSection-2/frame_000198.jpg,harting_han64_eee_m_c_allsides_2,cross_section_2,frame_000198,,,unassigned,good,/home/sb/Harting_Inspection/data/raw/harting_Han64_EEE-M-C-allSides-2/harting_Han64_EEE-M-C-CrossSection-2
89daaedc44e9f617,/home/sb/Harting_Inspection/data/raw/harting_Han64_EEE-M-C-allSides-2/harting_Han64_EEE-M-C-CrossSection-2/frame_000199.jpg,harting_han64_eee_m_c_allsides_2,cross_section_2,frame_000199,,,unassigned,good,/home/sb/Harting_Inspection/data/raw/harting_Han64_EEE-M-C-allSides-2/harting_Han64_EEE-M-C-CrossSection-2
b3c87ffd9ebf03eb,/home/sb/Harting_Inspection/data/raw/harting_Han64_EEE-M-C-allSides-2/harting_Han64_EEE-M-C-CrossSection-2/frame_000200.jpg,harting_han64_eee_m_c_allsides_2,cross_section_2,frame_000200,,,unassigned,good,/home/sb/Harting_Inspection/data/raw/harting_Han64_EEE-M-C-allSides-2/harting_Han64_EEE-M-C-CrossSection-2
903fba1acc31baa2,/home/sb/Harting_Inspection/data/raw/harting_Han64_EEE-M-C-allSides-2/harting_Han64_EEE-M-C-CrossSection-2/frame_000201.jpg,harting_han64_eee_m_c_allsides_2,cross_section_2,frame_000201,,,unassigned,good,/home/sb/Harting_Inspection/data/raw/harting_Han64_EEE-M-C-allSides-2/harting_Han64_EEE-M-C-CrossSection-2
90e74b4082bea199,/home/sb/Harting_Inspection/data/raw/harting_Han64_EEE-M-C-allSides-2/harting_Han64_EEE-M-C-CrossSection-2/frame_000202.jpg,harting_han64_eee_m_c_allsides_2,cross_section_2,frame_000202,,,unassigned,good,/home/sb/Harting_Inspection/data/raw/harting_Han64_EEE-M-C-allSides-2/harting_Han64_EEE-M-C-CrossSection-2
570d51d8c64d1442,/home/sb/Harting_Inspection/data/raw/harting_Han64_EEE-M-C-allSides-2/harting_Han64_EEE-M-C-CrossSection-2/frame_000203.jpg,harting_han64_eee_m_c_allsides_2,cross_section_2,frame_000203,,,unassigned,good,/home/sb/Harting_Inspection/data/raw/harting_Han64_EEE-M-C-allSides-2/harting_Han64_EEE-M-C-CrossSection-2
1a625df1ba97d79c,/home/sb/Harting_Inspection/data/raw/harting_Han64_EEE-M-C-allSides-2/harting_Han64_EEE-M-C-CrossSection-2/frame_000204.jpg,harting_han64_eee_m_c_allsides_2,cross_section_2,frame_000204,,,unassigned,good,/home/sb/Harting_Inspection/data/raw/harting_Han64_EEE-M-C-allSides-2/harting_Han64_EEE-M-C-CrossSection-2
239bdd8bf79643d7,/home/sb/Harting_Inspection/data/raw/harting_Han64_EEE-M-C-allSides-2/harting_Han64_EEE-M-C-CrossSection-2/frame_000205.jpg,harting_han64_eee_m_c_allsides_2,cross_section_2,frame_000205,,,unassigned,good,/home/sb/Harting_Inspection/data/raw/harting_Han64_EEE-M-C-allSides-2/harting_Han64_EEE-M-C-CrossSection-2
5b4dd813eba3622b,/home/sb/Harting_Inspection/data/raw/harting_Han64_EEE-M-C-allSides-2/harting_Han64_EEE-M-C-CrossSection-2/frame_000206.jpg,harting_han64_eee_m_c_allsides_2,cross_section_2,frame_000206,,,unassigned,good,/home/sb/Harting_Inspection/data/raw/harting_Han64_EEE-M-C-allSides-2/harting_Han64_EEE-M-C-CrossSection-2
9854d20a3957ed6e,/home/sb/Harting_Inspection/data/raw/harting_Han64_EEE-M-C-allSides-2/harting_Han64_EEE-M-C-CrossSection-2/frame_000207.jpg,harting_han64_eee_m_c_allsides_2,cross_section_2,frame_000207,,,unassigned,good,/home/sb/Harting_Inspection/data/raw/harting_Han64_EEE-M-C-allSides-2/harting_Han64_EEE-M-C-CrossSection-2
2bfb55c0231f812e,/home/sb/Harting_Inspection/data/raw/harting_Han64_EEE-M-C-allSides-2/harting_Han64_EEE-M-C-CrossSection-2/frame_000208.jpg,harting_han64_eee_m_c_allsides_2,cross_section_2,frame_000208,,,unassigned,good,/home/sb/Harting_Inspection/data/raw/harting_Han64_EEE-M-C-allSides-2/harting_Han64_EEE-M-C-CrossSection-2
d010b95fa5de6071,/home/sb/Harting_Inspection/data/raw/harting_Han64_EEE-M-C-allSides-2/harting_Han64_EEE-M-C-CrossSection-2/frame_000209.jpg,harting_han64_eee_m_c_allsides_2,cross_section_2,frame_000209,,,unassigned,good,/home/sb/Harting_Inspection/data/raw/harting_Han64_EEE-M-C-allSides-2/harting_Han64_EEE-M-C-CrossSection-2
8bfd66e9140a00aa,/home/sb/Harting_Inspection/data/raw/harting_Han64_EEE-M-C-allSides-2/harting_Han64_EEE-M-C-CrossSection-2/frame_000210.jpg,harting_han64_eee_m_c_allsides_2,cross_section_2,frame_000210,,,unassigned,good,/home/sb/Harting_Inspection/data/raw/harting_Han64_EEE-M-C-allSides-2/harting_Han64_EEE-M-C-CrossSection-2
f0fe1b6fe1ef6a38,/home/sb/Harting_Inspection/data/raw/harting_Han64_EEE-M-C-allSides-2/harting_Han64_EEE-M-C-CrossSection-2/frame_000211.jpg,harting_han64_eee_m_c_allsides_2,cross_section_2,frame_000211,,,unassigned,good,/home/sb/Harting_Inspection/data/raw/harting_Han64_EEE-M-C-allSides-2/harting_Han64_EEE-M-C-CrossSection-2
cd5ddec45a37a954,/home/sb/Harting_Inspection/data/raw/harting_Han64_EEE-M-C-allSides-2/harting_Han64_EEE-M-C-CrossSection-2/frame_000212.jpg,harting_han64_eee_m_c_allsides_2,cross_section_2,frame_000212,,,unassigned,good,/home/sb/Harting_Inspection/data/raw/harting_Han64_EEE-M-C-allSides-2/harting_Han64_EEE-M-C-CrossSection-2
f1739a13ac8b77b8,/home/sb/Harting_Inspection/data/raw/harting_Han64_EEE-M-C-allSides-2/harting_Han64_EEE-M-C-CrossSection-2/frame_000213.jpg,harting_han64_eee_m_c_allsides_2,cross_section_2,frame_000213,,,unassigned,good,/home/sb/Harting_Inspection/data/raw/harting_Han64_EEE-M-C-allSides-2/harting_Han64_EEE-M-C-CrossSection-2
dd192f39cc987ec7,/home/sb/Harting_Inspection/data/raw/harting_Han64_EEE-M-C-allSides-2/harting_Han64_EEE-M-C-CrossSection-2/frame_000214.jpg,harting_han64_eee_m_c_allsides_2,cross_section_2,frame_000214,,,unassigned,good,/home/sb/Harting_Inspection/data/raw/harting_Han64_EEE-M-C-allSides-2/harting_Han64_EEE-M-C-CrossSection-2
6eedcf164c0b2326,/home/sb/Harting_Inspection/data/raw/harting_Han64_EEE-M-C-allSides-2/harting_Han64_EEE-M-C-CrossSection-2/frame_000215.jpg,harting_han64_eee_m_c_allsides_2,cross_section_2,frame_000215,,,unassigned,good,/home/sb/Harting_Inspection/data/raw/harting_Han64_EEE-M-C-allSides-2/harting_Han64_EEE-M-C-CrossSection-2
436892e1640162c2,/home/sb/Harting_Inspection/data/raw/harting_Han64_EEE-M-C-allSides-2/harting_Han64_EEE-M-C-CrossSection-2/frame_000216.jpg,harting_han64_eee_m_c_allsides_2,cross_section_2,frame_000216,,,unassigned,good,/home/sb/Harting_Inspection/data/raw/harting_Han64_EEE-M-C-allSides-2/harting_Han64_EEE-M-C-CrossSection-2
a831f147d3d6b41f,/home/sb/Harting_Inspection/data/raw/harting_Han64_EEE-M-C-allSides-2/harting_Han64_EEE-M-C-CrossSection-2/frame_000217.jpg,harting_han64_eee_m_c_allsides_2,cross_section_2,frame_000217,,,unassigned,good,/home/sb/Harting_Inspection/data/raw/harting_Han64_EEE-M-C-allSides-2/harting_Han64_EEE-M-C-CrossSection-2
117c41cf7a2a118a,/home/sb/Harting_Inspection/data/raw/harting_Han64_EEE-M-C-allSides-2/harting_Han64_EEE-M-C-CrossSection-2/frame_000218.jpg,harting_han64_eee_m_c_allsides_2,cross_section_2,frame_000218,,,unassigned,good,/home/sb/Harting_Inspection/data/raw/harting_Han64_EEE-M-C-allSides-2/harting_Han64_EEE-M-C-CrossSection-2
a15b537cfdba1888,/home/sb/Harting_Inspection/data/raw/harting_Han64_EEE-M-C-allSides-2/harting_Han64_EEE-M-C-CrossSection-2/frame_000219.jpg,harting_han64_eee_m_c_allsides_2,cross_section_2,frame_000219,,,unassigned,good,/home/sb/Harting_Inspection/data/raw/harting_Han64_EEE-M-C-allSides-2/harting_Han64_EEE-M-C-CrossSection-2
e08ea629959927a3,/home/sb/Harting_Inspection/data/raw/harting_Han64_EEE-M-C-allSides-2/harting_Han64_EEE-M-C-CrossSection-2/frame_000220.jpg,harting_han64_eee_m_c_allsides_2,cross_section_2,frame_000220,,,unassigned,good,/home/sb/Harting_Inspection/data/raw/harting_Han64_EEE-M-C-allSides-2/harting_Han64_EEE-M-C-CrossSection-2
db0312d580a20dc0,/home/sb/Harting_Inspection/data/raw/harting_Han64_EEE-M-C-allSides-2/harting_Han64_EEE-M-C-CrossSection-2/frame_000221.jpg,harting_han64_eee_m_c_allsides_2,cross_section_2,frame_000221,,,unassigned,good,/home/sb/Harting_Inspection/data/raw/harting_Han64_EEE-M-C-allSides-2/harting_Han64_EEE-M-C-CrossSection-2
4341884041b1ea7d,/home/sb/Harting_Inspection/data/raw/harting_Han64_EEE-M-C-allSides-2/harting_Han64_EEE-M-C-CrossSection-2/frame_000222.jpg,harting_han64_eee_m_c_allsides_2,cross_section_2,frame_000222,,,unassigned,good,/home/sb/Harting_Inspection/data/raw/harting_Han64_EEE-M-C-allSides-2/harting_Han64_EEE-M-C-CrossSection-2
ca5acfbfb3cde917,/home/sb/Harting_Inspection/data/raw/harting_Han64_EEE-M-C-allSides-2/harting_Han64_EEE-M-C-CrossSection-2/frame_000223.jpg,harting_han64_eee_m_c_allsides_2,cross_section_2,frame_000223,,,unassigned,good,/home/sb/Harting_Inspection/data/raw/harting_Han64_EEE-M-C-allSides-2/harting_Han64_EEE-M-C-CrossSection-2
11a1ed3610330d27,/home/sb/Harting_Inspection/data/raw/harting_Han64_EEE-M-C-allSides-2/harting_Han64_EEE-M-C-CrossSection-2/frame_000224.jpg,harting_han64_eee_m_c_allsides_2,cross_section_2,frame_000224,,,unassigned,good,/home/sb/Harting_Inspection/data/raw/harting_Han64_EEE-M-C-allSides-2/harting_Han64_EEE-M-C-CrossSection-2
90b71138b3a4050d,/home/sb/Harting_Inspection/data/raw/harting_Han64_EEE-M-C-allSides-2/harting_Han64_EEE-M-C-CrossSection-2/frame_000225.jpg,harting_han64_eee_m_c_allsides_2,cross_section_2,frame_000225,,,unassigned,good,/home/sb/Harting_Inspection/data/raw/harting_Han64_EEE-M-C-allSides-2/harting_Han64_EEE-M-C-CrossSection-2
da92177812f30fea,/home/sb/Harting_Inspection/data/raw/harting_Han64_EEE-M-C-allSides-2/harting_Han64_EEE-M-C-CrossSection-2/frame_000226.jpg,harting_han64_eee_m_c_allsides_2,cross_section_2,frame_000226,,,unassigned,good,/home/sb/Harting_Inspection/data/raw/harting_Han64_EEE-M-C-allSides-2/harting_Han64_EEE-M-C-CrossSection-2
805f914e32eb6eca,/home/sb/Harting_Inspection/data/raw/harting_Han64_EEE-M-C-allSides-2/harting_Han64_EEE-M-C-CrossSection-2/frame_000227.jpg,harting_han64_eee_m_c_allsides_2,cross_section_2,frame_000227,,,unassigned,good,/home/sb/Harting_Inspection/data/raw/harting_Han64_EEE-M-C-allSides-2/harting_Han64_EEE-M-C-CrossSection-2
d99914320a517e38,/home/sb/Harting_Inspection/data/raw/harting_Han64_EEE-M-C-allSides-2/harting_Han64_EEE-M-C-CrossSection-2/frame_000228.jpg,harting_han64_eee_m_c_allsides_2,cross_section_2,frame_000228,,,unassigned,good,/home/sb/Harting_Inspection/data/raw/harting_Han64_EEE-M-C-allSides-2/harting_Han64_EEE-M-C-CrossSection-2
4c1039c18ea518e7,/home/sb/Harting_Inspection/data/raw/harting_Han64_EEE-M-C-allSides-2/harting_Han64_EEE-M-C-CrossSection-2/frame_000229.jpg,harting_han64_eee_m_c_allsides_2,cross_section_2,frame_000229,,,unassigned,good,/home/sb/Harting_Inspection/data/raw/harting_Han64_EEE-M-C-allSides-2/harting_Han64_EEE-M-C-CrossSection-2
8eb991baa7583a16,/home/sb/Harting_Inspection/data/raw/harting_Han64_EEE-M-C-allSides-2/harting_Han64_EEE-M-C-CrossSection-2/frame_000230.jpg,harting_han64_eee_m_c_allsides_2,cross_section_2,frame_000230,,,unassigned,good,/home/sb/Harting_Inspection/data/raw/harting_Han64_EEE-M-C-allSides-2/harting_Han64_EEE-M-C-CrossSection-2
816e68245fd4365d,/home/sb/Harting_Inspection/data/raw/harting_Han64_EEE-M-C-allSides-2/harting_Han64_EEE-M-C-CrossSection-2/frame_000231.jpg,harting_han64_eee_m_c_allsides_2,cross_section_2,frame_000231,,,unassigned,good,/home/sb/Harting_Inspection/data/raw/harting_Han64_EEE-M-C-allSides-2/harting_Han64_EEE-M-C-CrossSection-2
f92e1a2a91e0288b,/home/sb/Harting_Inspection/data/raw/harting_Han64_EEE-M-C-allSides-2/harting_Han64_EEE-M-C-CrossSection-2/frame_000232.jpg,harting_han64_eee_m_c_allsides_2,cross_section_2,frame_000232,,,unassigned,good,/home/sb/Harting_Inspection/data/raw/harting_Han64_EEE-M-C-allSides-2/harting_Han64_EEE-M-C-CrossSection-2
f9aaf42e3a67d427,/home/sb/Harting_Inspection/data/raw/harting_Han64_EEE-M-C-allSides-2/harting_Han64_EEE-M-C-CrossSection-2/frame_000233.jpg,harting_han64_eee_m_c_allsides_2,cross_section_2,frame_000233,,,unassigned,good,/home/sb/Harting_Inspection/data/raw/harting_Han64_EEE-M-C-allSides-2/harting_Han64_EEE-M-C-CrossSection-2
7d4657ecab89bc6c,/home/sb/Harting_Inspection/data/raw/harting_Han64_EEE-M-C-allSides-2/harting_Han64_EEE-M-C-CrossSection-2/frame_000234.jpg,harting_han64_eee_m_c_allsides_2,cross_section_2,frame_000234,,,unassigned,good,/home/sb/Harting_Inspection/data/raw/harting_Han64_EEE-M-C-allSides-2/harting_Han64_EEE-M-C-CrossSection-2
2ba97a943f746559,/home/sb/Harting_Inspection/data/raw/harting_Han64_EEE-M-C-allSides-2/harting_Han64_EEE-M-C-CrossSection-2/frame_000235.jpg,harting_han64_eee_m_c_allsides_2,cross_section_2,frame_000235,,,unassigned,good,/home/sb/Harting_Inspection/data/raw/harting_Han64_EEE-M-C-allSides-2/harting_Han64_EEE-M-C-CrossSection-2
acd2f74ca98eee02,/home/sb/Harting_Inspection/data/raw/harting_Han64_EEE-M-C-allSides-2/harting_Han64_EEE-M-C-CrossSection-2/frame_000236.jpg,harting_han64_eee_m_c_allsides_2,cross_section_2,frame_000236,,,unassigned,good,/home/sb/Harting_Inspection/data/raw/harting_Han64_EEE-M-C-allSides-2/harting_Han64_EEE-M-C-CrossSection-2
11b4db3c8f02583b,/home/sb/Harting_Inspection/data/raw/harting_Han64_EEE-M-C-allSides-2/harting_Han64_EEE-M-C-CrossSection-2/frame_000237.jpg,harting_han64_eee_m_c_allsides_2,cross_section_2,frame_000237,,,unassigned,good,/home/sb/Harting_Inspection/data/raw/harting_Han64_EEE-M-C-allSides-2/harting_Han64_EEE-M-C-CrossSection-2
c2230e0cd423c9c7,/home/sb/Harting_Inspection/data/raw/harting_Han64_EEE-M-C-allSides-2/harting_Han64_EEE-M-C-CrossSection-2/frame_000238.jpg,harting_han64_eee_m_c_allsides_2,cross_section_2,frame_000238,,,unassigned,good,/home/sb/Harting_Inspection/data/raw/harting_Han64_EEE-M-C-allSides-2/harting_Han64_EEE-M-C-CrossSection-2
0f30f115a9ed69b2,/home/sb/Harting_Inspection/data/raw/harting_Han64_EEE-M-C-allSides-2/harting_Han64_EEE-M-C-CrossSection-2/frame_000239.jpg,harting_han64_eee_m_c_allsides_2,cross_section_2,frame_000239,,,unassigned,good,/home/sb/Harting_Inspection/data/raw/harting_Han64_EEE-M-C-allSides-2/harting_Han64_EEE-M-C-CrossSection-2
8b2b7ee868b90052,/home/sb/Harting_Inspection/data/raw/harting_Han64_EEE-M-C-allSides-2/harting_Han64_EEE-M-C-CrossSection-2/frame_000240.jpg,harting_han64_eee_m_c_allsides_2,cross_section_2,frame_000240,,,unassigned,good,/home/sb/Harting_Inspection/data/raw/harting_Han64_EEE-M-C-allSides-2/harting_Han64_EEE-M-C-CrossSection-2
bdc4f526098e2a04,/home/sb/Harting_Inspection/data/raw/harting_Han64_EEE-M-C-allSides-2/harting_Han64_EEE-M-C-CrossSection-2/frame_000241.jpg,harting_han64_eee_m_c_allsides_2,cross_section_2,frame_000241,,,unassigned,good,/home/sb/Harting_Inspection/data/raw/harting_Han64_EEE-M-C-allSides-2/harting_Han64_EEE-M-C-CrossSection-2
433083fcdefd8ef5,/home/sb/Harting_Inspection/data/raw/harting_Han64_EEE-M-C-allSides-2/harting_Han64_EEE-M-C-CrossSection-2/frame_000242.jpg,harting_han64_eee_m_c_allsides_2,cross_section_2,frame_000242,,,unassigned,good,/home/sb/Harting_Inspection/data/raw/harting_Han64_EEE-M-C-allSides-2/harting_Han64_EEE-M-C-CrossSection-2
c8a5c4248570c0a2,/home/sb/Harting_Inspection/data/raw/harting_Han64_EEE-M-C-allSides-2/harting_Han64_EEE-M-C-CrossSection-2/frame_000243.jpg,harting_han64_eee_m_c_allsides_2,cross_section_2,frame_000243,,,unassigned,good,/home/sb/Harting_Inspection/data/raw/harting_Han64_EEE-M-C-allSides-2/harting_Han64_EEE-M-C-CrossSection-2
e1422ef59224d4db,/home/sb/Harting_Inspection/data/raw/harting_Han64_EEE-M-C-allSides-2/harting_Han64_EEE-M-C-CrossSection-2/frame_000244.jpg,harting_han64_eee_m_c_allsides_2,cross_section_2,frame_000244,,,unassigned,good,/home/sb/Harting_Inspection/data/raw/harting_Han64_EEE-M-C-allSides-2/harting_Han64_EEE-M-C-CrossSection-2
1ca3686f89d5e054,/home/sb/Harting_Inspection/data/raw/harting_Han64_EEE-M-C-allSides-2/harting_Han64_EEE-M-C-CrossSection-2/frame_000245.jpg,harting_han64_eee_m_c_allsides_2,cross_section_2,frame_000245,,,unassigned,good,/home/sb/Harting_Inspection/data/raw/harting_Han64_EEE-M-C-allSides-2/harting_Han64_EEE-M-C-CrossSection-2
6606571aff067111,/home/sb/Harting_Inspection/data/raw/harting_Han64_EEE-M-C-allSides-2/harting_Han64_EEE-M-C-CrossSection-2/frame_000246.jpg,harting_han64_eee_m_c_allsides_2,cross_section_2,frame_000246,,,unassigned,good,/home/sb/Harting_Inspection/data/raw/harting_Han64_EEE-M-C-allSides-2/harting_Han64_EEE-M-C-CrossSection-2
3eb278fd9a32f4d2,/home/sb/Harting_Inspection/data/raw/harting_Han64_EEE-M-C-allSides-2/harting_Han64_EEE-M-C-CrossSection-2/frame_000247.jpg,harting_han64_eee_m_c_allsides_2,cross_section_2,frame_000247,,,unassigned,good,/home/sb/Harting_Inspection/data/raw/harting_Han64_EEE-M-C-allSides-2/harting_Han64_EEE-M-C-CrossSection-2
fee81c802ef14ea9,/home/sb/Harting_Inspection/data/raw/harting_Han64_EEE-M-C-allSides-2/harting_Han64_EEE-M-C-CrossSection-2/frame_000248.jpg,harting_han64_eee_m_c_allsides_2,cross_section_2,frame_000248,,,unassigned,good,/home/sb/Harting_Inspection/data/raw/harting_Han64_EEE-M-C-allSides-2/harting_Han64_EEE-M-C-CrossSection-2
9cdaf05272bad833,/home/sb/Harting_Inspection/data/raw/harting_Han64_EEE-M-C-allSides-2/harting_Han64_EEE-M-C-CrossSection-2/frame_000249.jpg,harting_han64_eee_m_c_allsides_2,cross_section_2,frame_000249,,,unassigned,good,/home/sb/Harting_Inspection/data/raw/harting_Han64_EEE-M-C-allSides-2/harting_Han64_EEE-M-C-CrossSection-2
c18e8fd173e8f5a6,/home/sb/Harting_Inspection/data/raw/harting_Han64_EEE-M-C-allSides-2/harting_Han64_EEE-M-C-CrossSection-2/frame_000250.jpg,harting_han64_eee_m_c_allsides_2,cross_section_2,frame_000250,,,unassigned,good,/home/sb/Harting_Inspection/data/raw/harting_Han64_EEE-M-C-allSides-2/harting_Han64_EEE-M-C-CrossSection-2
a7cad2784b2b2277,/home/sb/Harting_Inspection/data/raw/harting_Han64_EEE-M-C-allSides-2/harting_Han64_EEE-M-C-CrossSection-2/frame_000251.jpg,harting_han64_eee_m_c_allsides_2,cross_section_2,frame_000251,,,unassigned,good,/home/sb/Harting_Inspection/data/raw/harting_Han64_EEE-M-C-allSides-2/harting_Han64_EEE-M-C-CrossSection-2
098cbfa0232a101b,/home/sb/Harting_Inspection/data/raw/harting_Han64_EEE-M-C-allSides-2/harting_Han64_EEE-M-C-CrossSection-2/frame_000252.jpg,harting_han64_eee_m_c_allsides_2,cross_section_2,frame_000252,,,unassigned,good,/home/sb/Harting_Inspection/data/raw/harting_Han64_EEE-M-C-allSides-2/harting_Han64_EEE-M-C-CrossSection-2
d8786f776d92b80a,/home/sb/Harting_Inspection/data/raw/harting_Han64_EEE-M-C-allSides-2/harting_Han64_EEE-M-C-CrossSection-2/frame_000253.jpg,harting_han64_eee_m_c_allsides_2,cross_section_2,frame_000253,,,unassigned,good,/home/sb/Harting_Inspection/data/raw/harting_Han64_EEE-M-C-allSides-2/harting_Han64_EEE-M-C-CrossSection-2
f0b386e79a07d4db,/home/sb/Harting_Inspection/data/raw/harting_Han64_EEE-M-C-allSides-2/harting_Han64_EEE-M-C-CrossSection-2/frame_000254.jpg,harting_han64_eee_m_c_allsides_2,cross_section_2,frame_000254,,,unassigned,good,/home/sb/Harting_Inspection/data/raw/harting_Han64_EEE-M-C-allSides-2/harting_Han64_EEE-M-C-CrossSection-2
30c0ee1627251575,/home/sb/Harting_Inspection/data/raw/harting_Han64_EEE-M-C-allSides-2/harting_Han64_EEE-M-C-CrossSection-2/frame_000255.jpg,harting_han64_eee_m_c_allsides_2,cross_section_2,frame_000255,,,unassigned,good,/home/sb/Harting_Inspection/data/raw/harting_Han64_EEE-M-C-allSides-2/harting_Han64_EEE-M-C-CrossSection-2
efb2c81be59fb386,/home/sb/Harting_Inspection/data/raw/harting_Han64_EEE-M-C-allSides-2/harting_Han64_EEE-M-C-CrossSection-2/frame_000256.jpg,harting_han64_eee_m_c_allsides_2,cross_section_2,frame_000256,,,unassigned,good,/home/sb/Harting_Inspection/data/raw/harting_Han64_EEE-M-C-allSides-2/harting_Han64_EEE-M-C-CrossSection-2
0e3341a2bd9a9f15,/home/sb/Harting_Inspection/data/raw/harting_Han64_EEE-M-C-allSides-2/harting_Han64_EEE-M-C-CrossSection-2/frame_000257.jpg,harting_han64_eee_m_c_allsides_2,cross_section_2,frame_000257,,,unassigned,good,/home/sb/Harting_Inspection/data/raw/harting_Han64_EEE-M-C-allSides-2/harting_Han64_EEE-M-C-CrossSection-2
0f5a7f689b554c1b,/home/sb/Harting_Inspection/data/raw/harting_Han64_EEE-M-C-allSides-2/harting_Han64_EEE-M-C-CrossSection-2/frame_000258.jpg,harting_han64_eee_m_c_allsides_2,cross_section_2,frame_000258,,,unassigned,good,/home/sb/Harting_Inspection/data/raw/harting_Han64_EEE-M-C-allSides-2/harting_Han64_EEE-M-C-CrossSection-2
24e50be5a0096195,/home/sb/Harting_Inspection/data/raw/harting_Han64_EEE-M-C-allSides-2/harting_Han64_EEE-M-C-CrossSection-2/frame_000259.jpg,harting_han64_eee_m_c_allsides_2,cross_section_2,frame_000259,,,unassigned,good,/home/sb/Harting_Inspection/data/raw/harting_Han64_EEE-M-C-allSides-2/harting_Han64_EEE-M-C-CrossSection-2
079c7564f9294c45,/home/sb/Harting_Inspection/data/raw/harting_Han64_EEE-M-C-allSides-2/harting_Han64_EEE-M-C-CrossSection-2/frame_000260.jpg,harting_han64_eee_m_c_allsides_2,cross_section_2,frame_000260,,,unassigned,good,/home/sb/Harting_Inspection/data/raw/harting_Han64_EEE-M-C-allSides-2/harting_Han64_EEE-M-C-CrossSection-2
e0badd645432075d,/home/sb/Harting_Inspection/data/raw/harting_Han64_EEE-M-C-allSides-2/harting_Han64_EEE-M-C-CrossSection-2/frame_000261.jpg,harting_han64_eee_m_c_allsides_2,cross_section_2,frame_000261,,,unassigned,good,/home/sb/Harting_Inspection/data/raw/harting_Han64_EEE-M-C-allSides-2/harting_Han64_EEE-M-C-CrossSection-2
f9729a64ffaf3205,/home/sb/Harting_Inspection/data/raw/harting_Han64_EEE-M-C-allSides-2/harting_Han64_EEE-M-C-CrossSection-2/frame_000262.jpg,harting_han64_eee_m_c_allsides_2,cross_section_2,frame_000262,,,unassigned,good,/home/sb/Harting_Inspection/data/raw/harting_Han64_EEE-M-C-allSides-2/harting_Han64_EEE-M-C-CrossSection-2
642ef8727b42a13c,/home/sb/Harting_Inspection/data/raw/harting_Han64_EEE-M-C-allSides-2/harting_Han64_EEE-M-C-CrossSection-2/frame_000263.jpg,harting_han64_eee_m_c_allsides_2,cross_section_2,frame_000263,,,unassigned,good,/home/sb/Harting_Inspection/data/raw/harting_Han64_EEE-M-C-allSides-2/harting_Han64_EEE-M-C-CrossSection-2
e90eb66d8976c016,/home/sb/Harting_Inspection/data/raw/harting_Han64_EEE-M-C-allSides-2/harting_Han64_EEE-M-C-CrossSection-2/frame_000264.jpg,harting_han64_eee_m_c_allsides_2,cross_section_2,frame_000264,,,unassigned,good,/home/sb/Harting_Inspection/data/raw/harting_Han64_EEE-M-C-allSides-2/harting_Han64_EEE-M-C-CrossSection-2
40fded464eec58dd,/home/sb/Harting_Inspection/data/raw/harting_Han64_EEE-M-C-allSides-2/harting_Han64_EEE-M-C-CrossSection-2/frame_000265.jpg,harting_han64_eee_m_c_allsides_2,cross_section_2,frame_000265,,,unassigned,good,/home/sb/Harting_Inspection/data/raw/harting_Han64_EEE-M-C-allSides-2/harting_Han64_EEE-M-C-CrossSection-2
55b88f2e7d52ee86,/home/sb/Harting_Inspection/data/raw/harting_Han64_EEE-M-C-allSides-2/harting_Han64_EEE-M-C-CrossSection-2/frame_000266.jpg,harting_han64_eee_m_c_allsides_2,cross_section_2,frame_000266,,,unassigned,good,/home/sb/Harting_Inspection/data/raw/harting_Han64_EEE-M-C-allSides-2/harting_Han64_EEE-M-C-CrossSection-2
bed8deff17a8ccb1,/home/sb/Harting_Inspection/data/raw/harting_Han64_EEE-M-C-allSides-2/harting_Han64_EEE-M-C-CrossSection-2/frame_000267.jpg,harting_han64_eee_m_c_allsides_2,cross_section_2,frame_000267,,,unassigned,good,/home/sb/Harting_Inspection/data/raw/harting_Han64_EEE-M-C-allSides-2/harting_Han64_EEE-M-C-CrossSection-2
a178e797a7ba97c6,/home/sb/Harting_Inspection/data/raw/harting_Han64_EEE-M-C-allSides-2/harting_Han64_EEE-M-C-CrossSection-2/frame_000268.jpg,harting_han64_eee_m_c_allsides_2,cross_section_2,frame_000268,,,unassigned,good,/home/sb/Harting_Inspection/data/raw/harting_Han64_EEE-M-C-allSides-2/harting_Han64_EEE-M-C-CrossSection-2
f38ce668d9020716,/home/sb/Harting_Inspection/data/raw/harting_Han64_EEE-M-C-allSides-2/harting_Han64_EEE-M-C-CrossSection-2/frame_000269.jpg,harting_han64_eee_m_c_allsides_2,cross_section_2,frame_000269,,,unassigned,good,/home/sb/Harting_Inspection/data/raw/harting_Han64_EEE-M-C-allSides-2/harting_Han64_EEE-M-C-CrossSection-2
d9ac8a7007f3cc2c,/home/sb/Harting_Inspection/data/raw/harting_Han64_EEE-M-C-allSides-2/harting_Han64_EEE-M-C-CrossSection-2/frame_000270.jpg,harting_han64_eee_m_c_allsides_2,cross_section_2,frame_000270,,,unassigned,good,/home/sb/Harting_Inspection/data/raw/harting_Han64_EEE-M-C-allSides-2/harting_Han64_EEE-M-C-CrossSection-2
f5b2d8a65c025436,/home/sb/Harting_Inspection/data/raw/harting_Han64_EEE-M-C-allSides-2/harting_Han64_EEE-M-C-CrossSection-2/frame_000271.jpg,harting_han64_eee_m_c_allsides_2,cross_section_2,frame_000271,,,unassigned,good,/home/sb/Harting_Inspection/data/raw/harting_Han64_EEE-M-C-allSides-2/harting_Han64_EEE-M-C-CrossSection-2
6219568d7930dde8,/home/sb/Harting_Inspection/data/raw/harting_Han64_EEE-M-C-allSides-2/harting_Han64_EEE-M-C-CrossSection-2/frame_000272.jpg,harting_han64_eee_m_c_allsides_2,cross_section_2,frame_000272,,,unassigned,good,/home/sb/Harting_Inspection/data/raw/harting_Han64_EEE-M-C-allSides-2/harting_Han64_EEE-M-C-CrossSection-2
8b8e728493ae6f34,/home/sb/Harting_Inspection/data/raw/harting_Han64_EEE-M-C-allSides-2/harting_Han64_EEE-M-C-CrossSection-2/frame_000273.jpg,harting_han64_eee_m_c_allsides_2,cross_section_2,frame_000273,,,unassigned,good,/home/sb/Harting_Inspection/data/raw/harting_Han64_EEE-M-C-allSides-2/harting_Han64_EEE-M-C-CrossSection-2
ec0321db33aa7b6c,/home/sb/Harting_Inspection/data/raw/harting_Han64_EEE-M-C-allSides-2/harting_Han64_EEE-M-C-CrossSection-2/frame_000274.jpg,harting_han64_eee_m_c_allsides_2,cross_section_2,frame_000274,,,unassigned,good,/home/sb/Harting_Inspection/data/raw/harting_Han64_EEE-M-C-allSides-2/harting_Han64_EEE-M-C-CrossSection-2
a5502f3e6da736b7,/home/sb/Harting_Inspection/data/raw/harting_Han64_EEE-M-C-allSides-2/harting_Han64_EEE-M-C-CrossSection-2/frame_000275.jpg,harting_han64_eee_m_c_allsides_2,cross_section_2,frame_000275,,,unassigned,good,/home/sb/Harting_Inspection/data/raw/harting_Han64_EEE-M-C-allSides-2/harting_Han64_EEE-M-C-CrossSection-2
58bf4599b16f907c,/home/sb/Harting_Inspection/data/raw/harting_Han64_EEE-M-C-allSides-2/harting_Han64_EEE-M-C-CrossSection-2/frame_000276.jpg,harting_han64_eee_m_c_allsides_2,cross_section_2,frame_000276,,,unassigned,good,/home/sb/Harting_Inspection/data/raw/harting_Han64_EEE-M-C-allSides-2/harting_Han64_EEE-M-C-CrossSection-2
97fd76a7ac399cbe,/home/sb/Harting_Inspection/data/raw/harting_Han64_EEE-M-C-allSides-2/harting_Han64_EEE-M-C-CrossSection-2/frame_000277.jpg,harting_han64_eee_m_c_allsides_2,cross_section_2,frame_000277,,,unassigned,good,/home/sb/Harting_Inspection/data/raw/harting_Han64_EEE-M-C-allSides-2/harting_Han64_EEE-M-C-CrossSection-2
957307e647124211,/home/sb/Harting_Inspection/data/raw/harting_Han64_EEE-M-C-allSides-2/harting_Han64_EEE-M-C-CrossSection-2/frame_000278.jpg,harting_han64_eee_m_c_allsides_2,cross_section_2,frame_000278,,,unassigned,good,/home/sb/Harting_Inspection/data/raw/harting_Han64_EEE-M-C-allSides-2/harting_Han64_EEE-M-C-CrossSection-2
63965ed4f8015978,/home/sb/Harting_Inspection/data/raw/harting_Han64_EEE-M-C-allSides-2/harting_Han64_EEE-M-C-CrossSection-2/frame_000279.jpg,harting_han64_eee_m_c_allsides_2,cross_section_2,frame_000279,,,unassigned,good,/home/sb/Harting_Inspection/data/raw/harting_Han64_EEE-M-C-allSides-2/harting_Han64_EEE-M-C-CrossSection-2
50b37e11774fd2ee,/home/sb/Harting_Inspection/data/raw/harting_Han64_EEE-M-C-allSides-2/harting_Han64_EEE-M-C-CrossSection-2/frame_000280.jpg,harting_han64_eee_m_c_allsides_2,cross_section_2,frame_000280,,,unassigned,good,/home/sb/Harting_Inspection/data/raw/harting_Han64_EEE-M-C-allSides-2/harting_Han64_EEE-M-C-CrossSection-2
05043f10aef7446e,/home/sb/Harting_Inspection/data/raw/harting_Han64_EEE-M-C-allSides-2/harting_Han64_EEE-M-C-CrossSection-2/frame_000281.jpg,harting_han64_eee_m_c_allsides_2,cross_section_2,frame_000281,,,unassigned,good,/home/sb/Harting_Inspection/data/raw/harting_Han64_EEE-M-C-allSides-2/harting_Han64_EEE-M-C-CrossSection-2
7e230315badb5052,/home/sb/Harting_Inspection/data/raw/harting_Han64_EEE-M-C-allSides-2/harting_Han64_EEE-M-C-CrossSection-2/frame_000282.jpg,harting_han64_eee_m_c_allsides_2,cross_section_2,frame_000282,,,unassigned,good,/home/sb/Harting_Inspection/data/raw/harting_Han64_EEE-M-C-allSides-2/harting_Han64_EEE-M-C-CrossSection-2
fefb7d19d9264a10,/home/sb/Harting_Inspection/data/raw/harting_Han64_EEE-M-C-allSides-2/harting_Han64_EEE-M-C-CrossSection-2/frame_000283.jpg,harting_han64_eee_m_c_allsides_2,cross_section_2,frame_000283,,,unassigned,good,/home/sb/Harting_Inspection/data/raw/harting_Han64_EEE-M-C-allSides-2/harting_Han64_EEE-M-C-CrossSection-2
0f384749635464d7,/home/sb/Harting_Inspection/data/raw/harting_Han64_EEE-M-C-allSides-2/harting_Han64_EEE-M-C-CrossSection-2/frame_000284.jpg,harting_han64_eee_m_c_allsides_2,cross_section_2,frame_000284,,,unassigned,good,/home/sb/Harting_Inspection/data/raw/harting_Han64_EEE-M-C-allSides-2/harting_Han64_EEE-M-C-CrossSection-2
78f335b8135da80c,/home/sb/Harting_Inspection/data/raw/harting_Han64_EEE-M-C-allSides-2/harting_Han64_EEE-M-C-CrossSection-2/frame_000285.jpg,harting_han64_eee_m_c_allsides_2,cross_section_2,frame_000285,,,unassigned,good,/home/sb/Harting_Inspection/data/raw/harting_Han64_EEE-M-C-allSides-2/harting_Han64_EEE-M-C-CrossSection-2
68a2beafc4a9c8bd,/home/sb/Harting_Inspection/data/raw/harting_Han64_EEE-M-C-allSides-2/harting_Han64_EEE-M-C-CrossSection-2/frame_000286.jpg,harting_han64_eee_m_c_allsides_2,cross_section_2,frame_000286,,,unassigned,good,/home/sb/Harting_Inspection/data/raw/harting_Han64_EEE-M-C-allSides-2/harting_Han64_EEE-M-C-CrossSection-2
cedadc8ba164bb76,/home/sb/Harting_Inspection/data/raw/harting_Han64_EEE-M-C-allSides-2/harting_Han64_EEE-M-C-CrossSection-2/frame_000287.jpg,harting_han64_eee_m_c_allsides_2,cross_section_2,frame_000287,,,unassigned,good,/home/sb/Harting_Inspection/data/raw/harting_Han64_EEE-M-C-allSides-2/harting_Han64_EEE-M-C-CrossSection-2
70f81fccb74336e7,/home/sb/Harting_Inspection/data/raw/harting_Han64_EEE-M-C-allSides-2/harting_Han64_EEE-M-C-CrossSection-2/frame_000288.jpg,harting_han64_eee_m_c_allsides_2,cross_section_2,frame_000288,,,unassigned,good,/home/sb/Harting_Inspection/data/raw/harting_Han64_EEE-M-C-allSides-2/harting_Han64_EEE-M-C-CrossSection-2
306fa7e10caa818b,/home/sb/Harting_Inspection/data/raw/harting_Han64_EEE-M-C-allSides-2/harting_Han64_EEE-M-C-CrossSection-2/frame_000289.jpg,harting_han64_eee_m_c_allsides_2,cross_section_2,frame_000289,,,unassigned,good,/home/sb/Harting_Inspection/data/raw/harting_Han64_EEE-M-C-allSides-2/harting_Han64_EEE-M-C-CrossSection-2
398d311caf258187,/home/sb/Harting_Inspection/data/raw/harting_Han64_EEE-M-C-allSides-2/harting_Han64_EEE-M-C-CrossSection-2/frame_000290.jpg,harting_han64_eee_m_c_allsides_2,cross_section_2,frame_000290,,,unassigned,good,/home/sb/Harting_Inspection/data/raw/harting_Han64_EEE-M-C-allSides-2/harting_Han64_EEE-M-C-CrossSection-2
00fa3ab540f14095,/home/sb/Harting_Inspection/data/raw/harting_Han64_EEE-M-C-allSides-2/harting_Han64_EEE-M-C-CrossSection-2/frame_000291.jpg,harting_han64_eee_m_c_allsides_2,cross_section_2,frame_000291,,,unassigned,good,/home/sb/Harting_Inspection/data/raw/harting_Han64_EEE-M-C-allSides-2/harting_Han64_EEE-M-C-CrossSection-2
3086427eb2d0edc7,/home/sb/Harting_Inspection/data/raw/harting_Han64_EEE-M-C-allSides-2/harting_Han64_EEE-M-C-CrossSection-2/frame_000292.jpg,harting_han64_eee_m_c_allsides_2,cross_section_2,frame_000292,,,unassigned,good,/home/sb/Harting_Inspection/data/raw/harting_Han64_EEE-M-C-allSides-2/harting_Han64_EEE-M-C-CrossSection-2
5540684090c33092,/home/sb/Harting_Inspection/data/raw/harting_Han64_EEE-M-C-allSides-2/harting_Han64_EEE-M-C-CrossSection-2/frame_000293.jpg,harting_han64_eee_m_c_allsides_2,cross_section_2,frame_000293,,,unassigned,good,/home/sb/Harting_Inspection/data/raw/harting_Han64_EEE-M-C-allSides-2/harting_Han64_EEE-M-C-CrossSection-2
21b9c0e02df3f802,/home/sb/Harting_Inspection/data/raw/harting_Han64_EEE-M-C-allSides-2/harting_Han64_EEE-M-C-CrossSection-2/frame_000294.jpg,harting_han64_eee_m_c_allsides_2,cross_section_2,frame_000294,,,unassigned,good,/home/sb/Harting_Inspection/data/raw/harting_Han64_EEE-M-C-allSides-2/harting_Han64_EEE-M-C-CrossSection-2
597537d9496a1cfc,/home/sb/Harting_Inspection/data/raw/harting_Han64_EEE-M-C-allSides-2/harting_Han64_EEE-M-C-CrossSection-2/frame_000295.jpg,harting_han64_eee_m_c_allsides_2,cross_section_2,frame_000295,,,unassigned,good,/home/sb/Harting_Inspection/data/raw/harting_Han64_EEE-M-C-allSides-2/harting_Han64_EEE-M-C-CrossSection-2
689577a5c05ad9bb,/home/sb/Harting_Inspection/data/raw/harting_Han64_EEE-M-C-allSides-2/harting_Han64_EEE-M-C-CrossSection-2/frame_000296.jpg,harting_han64_eee_m_c_allsides_2,cross_section_2,frame_000296,,,unassigned,good,/home/sb/Harting_Inspection/data/raw/harting_Han64_EEE-M-C-allSides-2/harting_Han64_EEE-M-C-CrossSection-2
553774cdc7800cab,/home/sb/Harting_Inspection/data/raw/harting_Han64_EEE-M-C-allSides-2/harting_Han64_EEE-M-C-CrossSection-2/frame_000297.jpg,harting_han64_eee_m_c_allsides_2,cross_section_2,frame_000297,,,unassigned,good,/home/sb/Harting_Inspection/data/raw/harting_Han64_EEE-M-C-allSides-2/harting_Han64_EEE-M-C-CrossSection-2
c982850dcf88377c,/home/sb/Harting_Inspection/data/raw/harting_Han64_EEE-M-C-allSides-2/harting_Han64_EEE-M-C-CrossSection-2/frame_000298.jpg,harting_han64_eee_m_c_allsides_2,cross_section_2,frame_000298,,,unassigned,good,/home/sb/Harting_Inspection/data/raw/harting_Han64_EEE-M-C-allSides-2/harting_Han64_EEE-M-C-CrossSection-2
2e7d4c313cac6f55,/home/sb/Harting_Inspection/data/raw/harting_Han64_EEE-M-C-allSides-2/harting_Han64_EEE-M-C-CrossSection-2/frame_000299.jpg,harting_han64_eee_m_c_allsides_2,cross_section_2,frame_000299,,,unassigned,good,/home/sb/Harting_Inspection/data/raw/harting_Han64_EEE-M-C-allSides-2/harting_Han64_EEE-M-C-CrossSection-2
d2ce64840d8f1517,/home/sb/Harting_Inspection/data/raw/harting_Han64_EEE-M-C-allSides-2/harting_Han64_EEE-M-C-CrossSection-2/frame_000300.jpg,harting_han64_eee_m_c_allsides_2,cross_section_2,frame_000300,,,unassigned,good,/home/sb/Harting_Inspection/data/raw/harting_Han64_EEE-M-C-allSides-2/harting_Han64_EEE-M-C-CrossSection-2
3d49dc83828d91bd,/home/sb/Harting_Inspection/data/raw/harting_Han64_EEE-M-C-allSides-2/harting_Han64_EEE-M-C-CrossSection-2/frame_000301.jpg,harting_han64_eee_m_c_allsides_2,cross_section_2,frame_000301,,,unassigned,good,/home/sb/Harting_Inspection/data/raw/harting_Han64_EEE-M-C-allSides-2/harting_Han64_EEE-M-C-CrossSection-2
c30d0be6401f6b50,/home/sb/Harting_Inspection/data/raw/harting_Han64_EEE-M-C-allSides-2/harting_Han64_EEE-M-C-CrossSection-2/frame_000302.jpg,harting_han64_eee_m_c_allsides_2,cross_section_2,frame_000302,,,unassigned,good,/home/sb/Harting_Inspection/data/raw/harting_Han64_EEE-M-C-allSides-2/harting_Han64_EEE-M-C-CrossSection-2
8e37ee9d7f1bb2c0,/home/sb/Harting_Inspection/data/raw/harting_Han64_EEE-M-C-allSides-2/harting_Han64_EEE-M-C-CrossSection-2/frame_000303.jpg,harting_han64_eee_m_c_allsides_2,cross_section_2,frame_000303,,,unassigned,good,/home/sb/Harting_Inspection/data/raw/harting_Han64_EEE-M-C-allSides-2/harting_Han64_EEE-M-C-CrossSection-2
c84c45f3436580df,/home/sb/Harting_Inspection/data/raw/harting_Han64_EEE-M-C-allSides-2/harting_Han64_EEE-M-C-CrossSection-2/frame_000304.jpg,harting_han64_eee_m_c_allsides_2,cross_section_2,frame_000304,,,unassigned,good,/home/sb/Harting_Inspection/data/raw/harting_Han64_EEE-M-C-allSides-2/harting_Han64_EEE-M-C-CrossSection-2
a41af5c1e64980ea,/home/sb/Harting_Inspection/data/raw/harting_Han64_EEE-M-C-allSides-2/harting_Han64_EEE-M-C-CrossSection-2/frame_000305.jpg,harting_han64_eee_m_c_allsides_2,cross_section_2,frame_000305,,,unassigned,good,/home/sb/Harting_Inspection/data/raw/harting_Han64_EEE-M-C-allSides-2/harting_Han64_EEE-M-C-CrossSection-2
1c3620049244dc1a,/home/sb/Harting_Inspection/data/raw/harting_Han64_EEE-M-C-allSides-2/harting_Han64_EEE-M-C-CrossSection-2/frame_000306.jpg,harting_han64_eee_m_c_allsides_2,cross_section_2,frame_000306,,,unassigned,good,/home/sb/Harting_Inspection/data/raw/harting_Han64_EEE-M-C-allSides-2/harting_Han64_EEE-M-C-CrossSection-2
0d736812a89dc3bb,/home/sb/Harting_Inspection/data/raw/harting_Han64_EEE-M-C-allSides-2/harting_Han64_EEE-M-C-CrossSection-2/frame_000307.jpg,harting_han64_eee_m_c_allsides_2,cross_section_2,frame_000307,,,unassigned,good,/home/sb/Harting_Inspection/data/raw/harting_Han64_EEE-M-C-allSides-2/harting_Han64_EEE-M-C-CrossSection-2
3269ef109c1e5b8a,/home/sb/Harting_Inspection/data/raw/harting_Han64_EEE-M-C-allSides-2/harting_Han64_EEE-M-C-CrossSection-2/frame_000308.jpg,harting_han64_eee_m_c_allsides_2,cross_section_2,frame_000308,,,unassigned,good,/home/sb/Harting_Inspection/data/raw/harting_Han64_EEE-M-C-allSides-2/harting_Han64_EEE-M-C-CrossSection-2
d08b59626990b31d,/home/sb/Harting_Inspection/data/raw/harting_Han64_EEE-M-C-allSides-2/harting_Han64_EEE-M-C-CrossSection-2/frame_000309.jpg,harting_han64_eee_m_c_allsides_2,cross_section_2,frame_000309,,,unassigned,good,/home/sb/Harting_Inspection/data/raw/harting_Han64_EEE-M-C-allSides-2/harting_Han64_EEE-M-C-CrossSection-2
225c160496a68e95,/home/sb/Harting_Inspection/data/raw/harting_Han64_EEE-M-C-allSides-2/harting_Han64_EEE-M-C-CrossSection-2/frame_000310.jpg,harting_han64_eee_m_c_allsides_2,cross_section_2,frame_000310,,,unassigned,good,/home/sb/Harting_Inspection/data/raw/harting_Han64_EEE-M-C-allSides-2/harting_Han64_EEE-M-C-CrossSection-2
abff521b3c72b897,/home/sb/Harting_Inspection/data/raw/harting_Han64_EEE-M-C-allSides-2/harting_Han64_EEE-M-C-CrossSection-2/frame_000311.jpg,harting_han64_eee_m_c_allsides_2,cross_section_2,frame_000311,,,unassigned,good,/home/sb/Harting_Inspection/data/raw/harting_Han64_EEE-M-C-allSides-2/harting_Han64_EEE-M-C-CrossSection-2
6906cf9c5ee45148,/home/sb/Harting_Inspection/data/raw/harting_Han64_EEE-M-C-allSides-2/harting_Han64_EEE-M-C-CrossSection-2/frame_000312.jpg,harting_han64_eee_m_c_allsides_2,cross_section_2,frame_000312,,,unassigned,good,/home/sb/Harting_Inspection/data/raw/harting_Han64_EEE-M-C-allSides-2/harting_Han64_EEE-M-C-CrossSection-2
b013f80affc73667,/home/sb/Harting_Inspection/data/raw/harting_Han64_EEE-M-C-allSides-2/harting_Han64_EEE-M-C-CrossSection-2/frame_000313.jpg,harting_han64_eee_m_c_allsides_2,cross_section_2,frame_000313,,,unassigned,good,/home/sb/Harting_Inspection/data/raw/harting_Han64_EEE-M-C-allSides-2/harting_Han64_EEE-M-C-CrossSection-2
94373d6617d1dd6a,/home/sb/Harting_Inspection/data/raw/harting_Han64_EEE-M-C-allSides-2/harting_Han64_EEE-M-C-CrossSection-2/frame_000314.jpg,harting_han64_eee_m_c_allsides_2,cross_section_2,frame_000314,,,unassigned,good,/home/sb/Harting_Inspection/data/raw/harting_Han64_EEE-M-C-allSides-2/harting_Han64_EEE-M-C-CrossSection-2
5fb1871c3b627738,/home/sb/Harting_Inspection/data/raw/harting_Han64_EEE-M-C-allSides-2/harting_Han64_EEE-M-C-CrossSection-2/frame_000315.jpg,harting_han64_eee_m_c_allsides_2,cross_section_2,frame_000315,,,unassigned,good,/home/sb/Harting_Inspection/data/raw/harting_Han64_EEE-M-C-allSides-2/harting_Han64_EEE-M-C-CrossSection-2
c3940f7eaca03a66,/home/sb/Harting_Inspection/data/raw/harting_Han64_EEE-M-C-allSides-2/harting_Han64_EEE-M-C-CrossSection-2/frame_000316.jpg,harting_han64_eee_m_c_allsides_2,cross_section_2,frame_000316,,,unassigned,good,/home/sb/Harting_Inspection/data/raw/harting_Han64_EEE-M-C-allSides-2/harting_Han64_EEE-M-C-CrossSection-2
441bde0a23a77723,/home/sb/Harting_Inspection/data/raw/harting_Han64_EEE-M-C-allSides-2/harting_Han64_EEE-M-C-CrossSection-2/frame_000317.jpg,harting_han64_eee_m_c_allsides_2,cross_section_2,frame_000317,,,unassigned,good,/home/sb/Harting_Inspection/data/raw/harting_Han64_EEE-M-C-allSides-2/harting_Han64_EEE-M-C-CrossSection-2
c4bb09c623225da8,/home/sb/Harting_Inspection/data/raw/harting_Han64_EEE-M-C-allSides-2/harting_Han64_EEE-M-C-CrossSection-2/frame_000318.jpg,harting_han64_eee_m_c_allsides_2,cross_section_2,frame_000318,,,unassigned,good,/home/sb/Harting_Inspection/data/raw/harting_Han64_EEE-M-C-allSides-2/harting_Han64_EEE-M-C-CrossSection-2
7f0debf79626133c,/home/sb/Harting_Inspection/data/raw/harting_Han64_EEE-M-C-allSides-2/harting_Han64_EEE-M-C-CrossSection-2/frame_000319.jpg,harting_han64_eee_m_c_allsides_2,cross_section_2,frame_000319,,,unassigned,good,/home/sb/Harting_Inspection/data/raw/harting_Han64_EEE-M-C-allSides-2/harting_Han64_EEE-M-C-CrossSection-2
b0e6a736253a04b9,/home/sb/Harting_Inspection/data/raw/harting_Han64_EEE-M-C-allSides-2/harting_Han64_EEE-M-C-CrossSection-2/frame_000320.jpg,harting_han64_eee_m_c_allsides_2,cross_section_2,frame_000320,,,unassigned,good,/home/sb/Harting_Inspection/data/raw/harting_Han64_EEE-M-C-allSides-2/harting_Han64_EEE-M-C-CrossSection-2
8b524f67dceb32ba,/home/sb/Harting_Inspection/data/raw/harting_Han64_EEE-M-C-allSides-2/harting_Han64_EEE-M-C-CrossSection-2/frame_000321.jpg,harting_han64_eee_m_c_allsides_2,cross_section_2,frame_000321,,,unassigned,good,/home/sb/Harting_Inspection/data/raw/harting_Han64_EEE-M-C-allSides-2/harting_Han64_EEE-M-C-CrossSection-2
0213ec3e614f4749,/home/sb/Harting_Inspection/data/raw/harting_Han64_EEE-M-C-allSides-2/harting_Han64_EEE-M-C-CrossSection-2/frame_000322.jpg,harting_han64_eee_m_c_allsides_2,cross_section_2,frame_000322,,,unassigned,good,/home/sb/Harting_Inspection/data/raw/harting_Han64_EEE-M-C-allSides-2/harting_Han64_EEE-M-C-CrossSection-2
900723c270cd0028,/home/sb/Harting_Inspection/data/raw/harting_Han64_EEE-M-C-allSides-2/harting_Han64_EEE-M-C-CrossSection-2/frame_000323.jpg,harting_han64_eee_m_c_allsides_2,cross_section_2,frame_000323,,,unassigned,good,/home/sb/Harting_Inspection/data/raw/harting_Han64_EEE-M-C-allSides-2/harting_Han64_EEE-M-C-CrossSection-2
9e382065194cd39f,/home/sb/Harting_Inspection/data/raw/harting_Han64_EEE-M-C-allSides-2/harting_Han64_EEE-M-C-CrossSection-2/frame_000324.jpg,harting_han64_eee_m_c_allsides_2,cross_section_2,frame_000324,,,unassigned,good,/home/sb/Harting_Inspection/data/raw/harting_Han64_EEE-M-C-allSides-2/harting_Han64_EEE-M-C-CrossSection-2
ca2ebc44e70fe917,/home/sb/Harting_Inspection/data/raw/harting_Han64_EEE-M-C-allSides-2/harting_Han64_EEE-M-C-CrossSection-2/frame_000325.jpg,harting_han64_eee_m_c_allsides_2,cross_section_2,frame_000325,,,unassigned,good,/home/sb/Harting_Inspection/data/raw/harting_Han64_EEE-M-C-allSides-2/harting_Han64_EEE-M-C-CrossSection-2
7faf5c8d1bbd3f23,/home/sb/Harting_Inspection/data/raw/harting_Han64_EEE-M-C-allSides-2/harting_Han64_EEE-M-C-CrossSection-2/frame_000326.jpg,harting_han64_eee_m_c_allsides_2,cross_section_2,frame_000326,,,unassigned,good,/home/sb/Harting_Inspection/data/raw/harting_Han64_EEE-M-C-allSides-2/harting_Han64_EEE-M-C-CrossSection-2
0a44ba812957799e,/home/sb/Harting_Inspection/data/raw/harting_Han64_EEE-M-C-allSides-2/harting_Han64_EEE-M-C-CrossSection-2/frame_000327.jpg,harting_han64_eee_m_c_allsides_2,cross_section_2,frame_000327,,,unassigned,good,/home/sb/Harting_Inspection/data/raw/harting_Han64_EEE-M-C-allSides-2/harting_Han64_EEE-M-C-CrossSection-2
3d0535788f47b7a4,/home/sb/Harting_Inspection/data/raw/harting_Han64_EEE-M-C-allSides-2/harting_Han64_EEE-M-C-CrossSection-2/frame_000328.jpg,harting_han64_eee_m_c_allsides_2,cross_section_2,frame_000328,,,unassigned,good,/home/sb/Harting_Inspection/data/raw/harting_Han64_EEE-M-C-allSides-2/harting_Han64_EEE-M-C-CrossSection-2
f29096895cb988d4,/home/sb/Harting_Inspection/data/raw/harting_Han64_EEE-M-C-allSides-2/harting_Han64_EEE-M-C-CrossSection-2/frame_000329.jpg,harting_han64_eee_m_c_allsides_2,cross_section_2,frame_000329,,,unassigned,good,/home/sb/Harting_Inspection/data/raw/harting_Han64_EEE-M-C-allSides-2/harting_Han64_EEE-M-C-CrossSection-2
e797091bc2cb2fcc,/home/sb/Harting_Inspection/data/raw/harting_Han64_EEE-M-C-allSides-2/harting_Han64_EEE-M-C-CrossSection-2/frame_000330.jpg,harting_han64_eee_m_c_allsides_2,cross_section_2,frame_000330,,,unassigned,good,/home/sb/Harting_Inspection/data/raw/harting_Han64_EEE-M-C-allSides-2/harting_Han64_EEE-M-C-CrossSection-2
aee8d9576b6616dc,/home/sb/Harting_Inspection/data/raw/harting_Han64_EEE-M-C-allSides-2/harting_Han64_EEE-M-C-CrossSection-2/frame_000331.jpg,harting_han64_eee_m_c_allsides_2,cross_section_2,frame_000331,,,unassigned,good,/home/sb/Harting_Inspection/data/raw/harting_Han64_EEE-M-C-allSides-2/harting_Han64_EEE-M-C-CrossSection-2
5391e3a110f13d11,/home/sb/Harting_Inspection/data/raw/harting_Han64_EEE-M-C-allSides-2/harting_Han64_EEE-M-C-CrossSection-2/frame_000332.jpg,harting_han64_eee_m_c_allsides_2,cross_section_2,frame_000332,,,unassigned,good,/home/sb/Harting_Inspection/data/raw/harting_Han64_EEE-M-C-allSides-2/harting_Han64_EEE-M-C-CrossSection-2
6ce46645ec28e078,/home/sb/Harting_Inspection/data/raw/harting_Han64_EEE-M-C-allSides-2/harting_Han64_EEE-M-C-CrossSection-2/frame_000333.jpg,harting_han64_eee_m_c_allsides_2,cross_section_2,frame_000333,,,unassigned,good,/home/sb/Harting_Inspection/data/raw/harting_Han64_EEE-M-C-allSides-2/harting_Han64_EEE-M-C-CrossSection-2
f601158e43741757,/home/sb/Harting_Inspection/data/raw/harting_Han64_EEE-M-C-allSides-2/harting_Han64_EEE-M-C-CrossSection-2/frame_000334.jpg,harting_han64_eee_m_c_allsides_2,cross_section_2,frame_000334,,,unassigned,good,/home/sb/Harting_Inspection/data/raw/harting_Han64_EEE-M-C-allSides-2/harting_Han64_EEE-M-C-CrossSection-2
1b4f6e9533d09e9c,/home/sb/Harting_Inspection/data/raw/harting_Han64_EEE-M-C-allSides-2/harting_Han64_EEE-M-C-CrossSection-2/frame_000335.jpg,harting_han64_eee_m_c_allsides_2,cross_section_2,frame_000335,,,unassigned,good,/home/sb/Harting_Inspection/data/raw/harting_Han64_EEE-M-C-allSides-2/harting_Han64_EEE-M-C-CrossSection-2
0f8d86a719dc6e35,/home/sb/Harting_Inspection/data/raw/harting_Han64_EEE-M-C-allSides-2/harting_Han64_EEE-M-C-CrossSection-2/frame_000336.jpg,harting_han64_eee_m_c_allsides_2,cross_section_2,frame_000336,,,unassigned,good,/home/sb/Harting_Inspection/data/raw/harting_Han64_EEE-M-C-allSides-2/harting_Han64_EEE-M-C-CrossSection-2
f4f92e998358ff29,/home/sb/Harting_Inspection/data/raw/harting_Han64_EEE-M-C-allSides-2/harting_Han64_EEE-M-C-CrossSection-2/frame_000337.jpg,harting_han64_eee_m_c_allsides_2,cross_section_2,frame_000337,,,unassigned,good,/home/sb/Harting_Inspection/data/raw/harting_Han64_EEE-M-C-allSides-2/harting_Han64_EEE-M-C-CrossSection-2
ce9e33a139bfa26a,/home/sb/Harting_Inspection/data/raw/harting_Han64_EEE-M-C-allSides-2/harting_Han64_EEE-M-C-CrossSection-2/frame_000338.jpg,harting_han64_eee_m_c_allsides_2,cross_section_2,frame_000338,,,unassigned,good,/home/sb/Harting_Inspection/data/raw/harting_Han64_EEE-M-C-allSides-2/harting_Han64_EEE-M-C-CrossSection-2
ad964e0100aea666,/home/sb/Harting_Inspection/data/raw/harting_Han64_EEE-M-C-allSides-2/harting_Han64_EEE-M-C-CrossSection-2/frame_000339.jpg,harting_han64_eee_m_c_allsides_2,cross_section_2,frame_000339,,,unassigned,good,/home/sb/Harting_Inspection/data/raw/harting_Han64_EEE-M-C-allSides-2/harting_Han64_EEE-M-C-CrossSection-2
f592de0613bd4f4b,/home/sb/Harting_Inspection/data/raw/harting_Han64_EEE-M-C-allSides-2/harting_Han64_EEE-M-C-CrossSection-2/frame_000340.jpg,harting_han64_eee_m_c_allsides_2,cross_section_2,frame_000340,,,unassigned,good,/home/sb/Harting_Inspection/data/raw/harting_Han64_EEE-M-C-allSides-2/harting_Han64_EEE-M-C-CrossSection-2
78305c11f2ea86ec,/home/sb/Harting_Inspection/data/raw/harting_Han64_EEE-M-C-allSides-2/harting_Han64_EEE-M-C-CrossSection-2/frame_000341.jpg,harting_han64_eee_m_c_allsides_2,cross_section_2,frame_000341,,,unassigned,good,/home/sb/Harting_Inspection/data/raw/harting_Han64_EEE-M-C-allSides-2/harting_Han64_EEE-M-C-CrossSection-2
8f2385f4eea99dea,/home/sb/Harting_Inspection/data/raw/harting_Han64_EEE-M-C-allSides-2/harting_Han64_EEE-M-C-CrossSection-2/frame_000342.jpg,harting_han64_eee_m_c_allsides_2,cross_section_2,frame_000342,,,unassigned,good,/home/sb/Harting_Inspection/data/raw/harting_Han64_EEE-M-C-allSides-2/harting_Han64_EEE-M-C-CrossSection-2
561a380558f0bec4,/home/sb/Harting_Inspection/data/raw/harting_Han64_EEE-M-C-allSides-2/harting_Han64_EEE-M-C-CrossSection-2/frame_000343.jpg,harting_han64_eee_m_c_allsides_2,cross_section_2,frame_000343,,,unassigned,good,/home/sb/Harting_Inspection/data/raw/harting_Han64_EEE-M-C-allSides-2/harting_Han64_EEE-M-C-CrossSection-2
4c304344e422e08c,/home/sb/Harting_Inspection/data/raw/harting_Han64_EEE-M-C-allSides-2/harting_Han64_EEE-M-C-CrossSection-2/frame_000344.jpg,harting_han64_eee_m_c_allsides_2,cross_section_2,frame_000344,,,unassigned,good,/home/sb/Harting_Inspection/data/raw/harting_Han64_EEE-M-C-allSides-2/harting_Han64_EEE-M-C-CrossSection-2
fc47aa71f19575ae,/home/sb/Harting_Inspection/data/raw/harting_Han64_EEE-M-C-allSides-2/harting_Han64_EEE-M-C-CrossSection-2/frame_000345.jpg,harting_han64_eee_m_c_allsides_2,cross_section_2,frame_000345,,,unassigned,good,/home/sb/Harting_Inspection/data/raw/harting_Han64_EEE-M-C-allSides-2/harting_Han64_EEE-M-C-CrossSection-2
788bb993afbfec3a,/home/sb/Harting_Inspection/data/raw/harting_Han64_EEE-M-C-allSides-2/harting_Han64_EEE-M-C-CrossSection-2/frame_000346.jpg,harting_han64_eee_m_c_allsides_2,cross_section_2,frame_000346,,,unassigned,good,/home/sb/Harting_Inspection/data/raw/harting_Han64_EEE-M-C-allSides-2/harting_Han64_EEE-M-C-CrossSection-2
4fd8c9915fc6dc21,/home/sb/Harting_Inspection/data/raw/harting_Han64_EEE-M-C-allSides-2/harting_Han64_EEE-M-C-CrossSection-2/frame_000347.jpg,harting_han64_eee_m_c_allsides_2,cross_section_2,frame_000347,,,unassigned,good,/home/sb/Harting_Inspection/data/raw/harting_Han64_EEE-M-C-allSides-2/harting_Han64_EEE-M-C-CrossSection-2
83964ed89e37d52e,/home/sb/Harting_Inspection/data/raw/harting_Han64_EEE-M-C-allSides-2/harting_Han64_EEE-M-C-CrossSection-2/frame_000348.jpg,harting_han64_eee_m_c_allsides_2,cross_section_2,frame_000348,,,unassigned,good,/home/sb/Harting_Inspection/data/raw/harting_Han64_EEE-M-C-allSides-2/harting_Han64_EEE-M-C-CrossSection-2
4a89df23e87bcb1e,/home/sb/Harting_Inspection/data/raw/harting_Han64_EEE-M-C-allSides-2/harting_Han64_EEE-M-C-CrossSection-2/frame_000349.jpg,harting_han64_eee_m_c_allsides_2,cross_section_2,frame_000349,,,unassigned,good,/home/sb/Harting_Inspection/data/raw/harting_Han64_EEE-M-C-allSides-2/harting_Han64_EEE-M-C-CrossSection-2
7105d95152764713,/home/sb/Harting_Inspection/data/raw/harting_Han64_EEE-M-C-allSides-2/harting_Han64_EEE-M-C-CrossSection-2/frame_000350.jpg,harting_han64_eee_m_c_allsides_2,cross_section_2,frame_000350,,,unassigned,good,/home/sb/Harting_Inspection/data/raw/harting_Han64_EEE-M-C-allSides-2/harting_Han64_EEE-M-C-CrossSection-2
ad961401f4f7d329,/home/sb/Harting_Inspection/data/raw/harting_Han64_EEE-M-C-allSides-2/harting_Han64_EEE-M-C-CrossSection-2/frame_000351.jpg,harting_han64_eee_m_c_allsides_2,cross_section_2,frame_000351,,,unassigned,good,/home/sb/Harting_Inspection/data/raw/harting_Han64_EEE-M-C-allSides-2/harting_Han64_EEE-M-C-CrossSection-2
8a333e1267b8dbfe,/home/sb/Harting_Inspection/data/raw/harting_Han64_EEE-M-C-allSides-2/harting_Han64_EEE-M-C-CrossSection-2/frame_000352.jpg,harting_han64_eee_m_c_allsides_2,cross_section_2,frame_000352,,,unassigned,good,/home/sb/Harting_Inspection/data/raw/harting_Han64_EEE-M-C-allSides-2/harting_Han64_EEE-M-C-CrossSection-2
f44b5365e6bcaf48,/home/sb/Harting_Inspection/data/raw/harting_Han64_EEE-M-C-allSides-2/harting_Han64_EEE-M-C-CrossSection-2/frame_000353.jpg,harting_han64_eee_m_c_allsides_2,cross_section_2,frame_000353,,,unassigned,good,/home/sb/Harting_Inspection/data/raw/harting_Han64_EEE-M-C-allSides-2/harting_Han64_EEE-M-C-CrossSection-2
1d031f228a37ec6c,/home/sb/Harting_Inspection/data/raw/harting_Han64_EEE-M-C-allSides-2/harting_Han64_EEE-M-C-CrossSection-2/frame_000354.jpg,harting_han64_eee_m_c_allsides_2,cross_section_2,frame_000354,,,unassigned,good,/home/sb/Harting_Inspection/data/raw/harting_Han64_EEE-M-C-allSides-2/harting_Han64_EEE-M-C-CrossSection-2
c320941fc6c4ac58,/home/sb/Harting_Inspection/data/raw/harting_Han64_EEE-M-C-allSides-2/harting_Han64_EEE-M-C-CrossSection-2/frame_000355.jpg,harting_han64_eee_m_c_allsides_2,cross_section_2,frame_000355,,,unassigned,good,/home/sb/Harting_Inspection/data/raw/harting_Han64_EEE-M-C-allSides-2/harting_Han64_EEE-M-C-CrossSection-2
a4073641c86ec57f,/home/sb/Harting_Inspection/data/raw/harting_Han64_EEE-M-C-allSides-2/harting_Han64_EEE-M-C-CrossSection-2/frame_000356.jpg,harting_han64_eee_m_c_allsides_2,cross_section_2,frame_000356,,,unassigned,good,/home/sb/Harting_Inspection/data/raw/harting_Han64_EEE-M-C-allSides-2/harting_Han64_EEE-M-C-CrossSection-2
1129618502893893,/home/sb/Harting_Inspection/data/raw/harting_Han64_EEE-M-C-allSides-2/harting_Han64_EEE-M-C-CrossSection-2/frame_000357.jpg,harting_han64_eee_m_c_allsides_2,cross_section_2,frame_000357,,,unassigned,good,/home/sb/Harting_Inspection/data/raw/harting_Han64_EEE-M-C-allSides-2/harting_Han64_EEE-M-C-CrossSection-2
7a23bd66ec874471,/home/sb/Harting_Inspection/data/raw/harting_Han64_EEE-M-C-allSides-2/harting_Han64_EEE-M-C-CrossSection-2/frame_000358.jpg,harting_han64_eee_m_c_allsides_2,cross_section_2,frame_000358,,,unassigned,good,/home/sb/Harting_Inspection/data/raw/harting_Han64_EEE-M-C-allSides-2/harting_Han64_EEE-M-C-CrossSection-2
dab7bad94ed4c399,/home/sb/Harting_Inspection/data/raw/harting_Han64_EEE-M-C-allSides-2/harting_Han64_EEE-M-C-CrossSection-2/frame_000359.jpg,harting_han64_eee_m_c_allsides_2,cross_section_2,frame_000359,,,unassigned,good,/home/sb/Harting_Inspection/data/raw/harting_Han64_EEE-M-C-allSides-2/harting_Han64_EEE-M-C-CrossSection-2
8995d18487f53f62,/home/sb/Harting_Inspection/data/raw/harting_Han64_EEE-M-C-allSides-2/harting_Han64_EEE-M-C-CrossSection-2/frame_000360.jpg,harting_han64_eee_m_c_allsides_2,cross_section_2,frame_000360,,,unassigned,good,/home/sb/Harting_Inspection/data/raw/harting_Han64_EEE-M-C-allSides-2/harting_Han64_EEE-M-C-CrossSection-2
7d869acd8424c40f,/home/sb/Harting_Inspection/data/raw/harting_Han64_EEE-M-C-allSides-2/harting_Han64_EEE-M-C-CrossSection-2/frame_000361.jpg,harting_han64_eee_m_c_allsides_2,cross_section_2,frame_000361,,,unassigned,good,/home/sb/Harting_Inspection/data/raw/harting_Han64_EEE-M-C-allSides-2/harting_Han64_EEE-M-C-CrossSection-2
f2147b40667c9134,/home/sb/Harting_Inspection/data/raw/harting_Han64_EEE-M-C-allSides-2/harting_Han64_EEE-M-C-CrossSection-2/frame_000362.jpg,harting_han64_eee_m_c_allsides_2,cross_section_2,frame_000362,,,unassigned,good,/home/sb/Harting_Inspection/data/raw/harting_Han64_EEE-M-C-allSides-2/harting_Han64_EEE-M-C-CrossSection-2
7bdef4d69f441412,/home/sb/Harting_Inspection/data/raw/harting_Han64_EEE-M-C-allSides-2/harting_Han64_EEE-M-C-CrossSection-2/frame_000363.jpg,harting_han64_eee_m_c_allsides_2,cross_section_2,frame_000363,,,unassigned,good,/home/sb/Harting_Inspection/data/raw/harting_Han64_EEE-M-C-allSides-2/harting_Han64_EEE-M-C-CrossSection-2
6161c7c2f7c0dbe2,/home/sb/Harting_Inspection/data/raw/harting_Han64_EEE-M-C-allSides-2/harting_Han64_EEE-M-C-CrossSection-2/frame_000364.jpg,harting_han64_eee_m_c_allsides_2,cross_section_2,frame_000364,,,unassigned,good,/home/sb/Harting_Inspection/data/raw/harting_Han64_EEE-M-C-allSides-2/harting_Han64_EEE-M-C-CrossSection-2
00e2177ef1bf44dd,/home/sb/Harting_Inspection/data/raw/harting_Han64_EEE-M-C-allSides-2/harting_Han64_EEE-M-C-CrossSection-2/frame_000365.jpg,harting_han64_eee_m_c_allsides_2,cross_section_2,frame_000365,,,unassigned,good,/home/sb/Harting_Inspection/data/raw/harting_Han64_EEE-M-C-allSides-2/harting_Han64_EEE-M-C-CrossSection-2
50fdea0de4b0d40c,/home/sb/Harting_Inspection/data/raw/harting_Han64_EEE-M-C-allSides-2/harting_Han64_EEE-M-C-CrossSection-2/frame_000366.jpg,harting_han64_eee_m_c_allsides_2,cross_section_2,frame_000366,,,unassigned,good,/home/sb/Harting_Inspection/data/raw/harting_Han64_EEE-M-C-allSides-2/harting_Han64_EEE-M-C-CrossSection-2
2b56db80aa67e005,/home/sb/Harting_Inspection/data/raw/harting_Han64_EEE-M-C-allSides-2/harting_Han64_EEE-M-C-CrossSection-2/frame_000367.jpg,harting_han64_eee_m_c_allsides_2,cross_section_2,frame_000367,,,unassigned,good,/home/sb/Harting_Inspection/data/raw/harting_Han64_EEE-M-C-allSides-2/harting_Han64_EEE-M-C-CrossSection-2
d35fb1db503b0794,/home/sb/Harting_Inspection/data/raw/harting_Han64_EEE-M-C-allSides-2/harting_Han64_EEE-M-C-CrossSection-2/frame_000368.jpg,harting_han64_eee_m_c_allsides_2,cross_section_2,frame_000368,,,unassigned,good,/home/sb/Harting_Inspection/data/raw/harting_Han64_EEE-M-C-allSides-2/harting_Han64_EEE-M-C-CrossSection-2
f16b4f73e9040fbc,/home/sb/Harting_Inspection/data/raw/harting_Han64_EEE-M-C-allSides-2/harting_Han64_EEE-M-C-CrossSection-2/frame_000369.jpg,harting_han64_eee_m_c_allsides_2,cross_section_2,frame_000369,,,unassigned,good,/home/sb/Harting_Inspection/data/raw/harting_Han64_EEE-M-C-allSides-2/harting_Han64_EEE-M-C-CrossSection-2
32d98395076976c1,/home/sb/Harting_Inspection/data/raw/harting_Han64_EEE-M-C-allSides-2/harting_Han64_EEE-M-C-CrossSection-2/frame_000370.jpg,harting_han64_eee_m_c_allsides_2,cross_section_2,frame_000370,,,unassigned,good,/home/sb/Harting_Inspection/data/raw/harting_Han64_EEE-M-C-allSides-2/harting_Han64_EEE-M-C-CrossSection-2
a5b0a1a7aaa1cd21,/home/sb/Harting_Inspection/data/raw/harting_Han64_EEE-M-C-allSides-2/harting_Han64_EEE-M-C-CrossSection-2/frame_000371.jpg,harting_han64_eee_m_c_allsides_2,cross_section_2,frame_000371,,,unassigned,good,/home/sb/Harting_Inspection/data/raw/harting_Han64_EEE-M-C-allSides-2/harting_Han64_EEE-M-C-CrossSection-2
a9b555f28c5c44bd,/home/sb/Harting_Inspection/data/raw/harting_Han64_EEE-M-C-allSides-2/harting_Han64_EEE-M-C-CrossSection-2/frame_000372.jpg,harting_han64_eee_m_c_allsides_2,cross_section_2,frame_000372,,,unassigned,good,/home/sb/Harting_Inspection/data/raw/harting_Han64_EEE-M-C-allSides-2/harting_Han64_EEE-M-C-CrossSection-2
96ad505656feaf66,/home/sb/Harting_Inspection/data/raw/harting_Han64_EEE-M-C-allSides-2/harting_Han64_EEE-M-C-CrossSection-2/frame_000373.jpg,harting_han64_eee_m_c_allsides_2,cross_section_2,frame_000373,,,unassigned,good,/home/sb/Harting_Inspection/data/raw/harting_Han64_EEE-M-C-allSides-2/harting_Han64_EEE-M-C-CrossSection-2
c56d42cb44f78402,/home/sb/Harting_Inspection/data/raw/harting_Han64_EEE-M-C-allSides-2/harting_Han64_EEE-M-C-CrossSection-2/frame_000374.jpg,harting_han64_eee_m_c_allsides_2,cross_section_2,frame_000374,,,unassigned,good,/home/sb/Harting_Inspection/data/raw/harting_Han64_EEE-M-C-allSides-2/harting_Han64_EEE-M-C-CrossSection-2
901d451a6ccb44fc,/home/sb/Harting_Inspection/data/raw/harting_Han64_EEE-M-C-allSides-2/harting_Han64_EEE-M-C-CrossSection-2/frame_000375.jpg,harting_han64_eee_m_c_allsides_2,cross_section_2,frame_000375,,,unassigned,good,/home/sb/Harting_Inspection/data/raw/harting_Han64_EEE-M-C-allSides-2/harting_Han64_EEE-M-C-CrossSection-2
bcd3ee3d25a78dd2,/home/sb/Harting_Inspection/data/raw/harting_Han64_EEE-M-C-allSides-2/harting_Han64_EEE-M-C-CrossSection-2/frame_000376.jpg,harting_han64_eee_m_c_allsides_2,cross_section_2,frame_000376,,,unassigned,good,/home/sb/Harting_Inspection/data/raw/harting_Han64_EEE-M-C-allSides-2/harting_Han64_EEE-M-C-CrossSection-2
22543a369d2802ad,/home/sb/Harting_Inspection/data/raw/harting_Han64_EEE-M-C-allSides-2/harting_Han64_EEE-M-C-CrossSection-2/frame_000377.jpg,harting_han64_eee_m_c_allsides_2,cross_section_2,frame_000377,,,unassigned,good,/home/sb/Harting_Inspection/data/raw/harting_Han64_EEE-M-C-allSides-2/harting_Han64_EEE-M-C-CrossSection-2
2259f2537c97d76d,/home/sb/Harting_Inspection/data/raw/harting_Han64_EEE-M-C-allSides-2/harting_Han64_EEE-M-C-CrossSection-2/frame_000378.jpg,harting_han64_eee_m_c_allsides_2,cross_section_2,frame_000378,,,unassigned,good,/home/sb/Harting_Inspection/data/raw/harting_Han64_EEE-M-C-allSides-2/harting_Han64_EEE-M-C-CrossSection-2
4afbf03fcb5fe727,/home/sb/Harting_Inspection/data/raw/harting_Han64_EEE-M-C-allSides-2/harting_Han64_EEE-M-C-CrossSection-2/frame_000379.jpg,harting_han64_eee_m_c_allsides_2,cross_section_2,frame_000379,,,unassigned,good,/home/sb/Harting_Inspection/data/raw/harting_Han64_EEE-M-C-allSides-2/harting_Han64_EEE-M-C-CrossSection-2
13d7d10882edc3be,/home/sb/Harting_Inspection/data/raw/harting_Han64_EEE-M-C-allSides-2/harting_Han64_EEE-M-C-CrossSection-2/frame_000380.jpg,harting_han64_eee_m_c_allsides_2,cross_section_2,frame_000380,,,unassigned,good,/home/sb/Harting_Inspection/data/raw/harting_Han64_EEE-M-C-allSides-2/harting_Han64_EEE-M-C-CrossSection-2
d11ec3a926b1afdc,/home/sb/Harting_Inspection/data/raw/harting_Han64_EEE-M-C-allSides-2/harting_Han64_EEE-M-C-CrossSection-2/frame_000381.jpg,harting_han64_eee_m_c_allsides_2,cross_section_2,frame_000381,,,unassigned,good,/home/sb/Harting_Inspection/data/raw/harting_Han64_EEE-M-C-allSides-2/harting_Han64_EEE-M-C-CrossSection-2
b991a30d54f6258b,/home/sb/Harting_Inspection/data/raw/harting_Han64_EEE-M-C-allSides-2/harting_Han64_EEE-M-C-CrossSection-2/frame_000382.jpg,harting_han64_eee_m_c_allsides_2,cross_section_2,frame_000382,,,unassigned,good,/home/sb/Harting_Inspection/data/raw/harting_Han64_EEE-M-C-allSides-2/harting_Han64_EEE-M-C-CrossSection-2
85416911824bac68,/home/sb/Harting_Inspection/data/raw/harting_Han64_EEE-M-C-allSides-2/harting_Han64_EEE-M-C-CrossSection-2/frame_000383.jpg,harting_han64_eee_m_c_allsides_2,cross_section_2,frame_000383,,,unassigned,good,/home/sb/Harting_Inspection/data/raw/harting_Han64_EEE-M-C-allSides-2/harting_Han64_EEE-M-C-CrossSection-2
38122bfcadcade7b,/home/sb/Harting_Inspection/data/raw/harting_Han64_EEE-M-C-allSides-2/harting_Han64_EEE-M-C-CrossSection-2/frame_000384.jpg,harting_han64_eee_m_c_allsides_2,cross_section_2,frame_000384,,,unassigned,good,/home/sb/Harting_Inspection/data/raw/harting_Han64_EEE-M-C-allSides-2/harting_Han64_EEE-M-C-CrossSection-2
a1dbd25ab00a1f2c,/home/sb/Harting_Inspection/data/raw/harting_Han64_EEE-M-C-allSides-2/harting_Han64_EEE-M-C-CrossSection-2/frame_000385.jpg,harting_han64_eee_m_c_allsides_2,cross_section_2,frame_000385,,,unassigned,good,/home/sb/Harting_Inspection/data/raw/harting_Han64_EEE-M-C-allSides-2/harting_Han64_EEE-M-C-CrossSection-2
390fa96a3a6893b2,/home/sb/Harting_Inspection/data/raw/harting_Han64_EEE-M-C-allSides-2/harting_Han64_EEE-M-C-CrossSection-2/frame_000386.jpg,harting_han64_eee_m_c_allsides_2,cross_section_2,frame_000386,,,unassigned,good,/home/sb/Harting_Inspection/data/raw/harting_Han64_EEE-M-C-allSides-2/harting_Han64_EEE-M-C-CrossSection-2
01a624896a3e60b0,/home/sb/Harting_Inspection/data/raw/harting_Han64_EEE-M-C-allSides-2/harting_Han64_EEE-M-C-CrossSection-2/frame_000387.jpg,harting_han64_eee_m_c_allsides_2,cross_section_2,frame_000387,,,unassigned,good,/home/sb/Harting_Inspection/data/raw/harting_Han64_EEE-M-C-allSides-2/harting_Han64_EEE-M-C-CrossSection-2
aecd77ec31653ad9,/home/sb/Harting_Inspection/data/raw/harting_Han64_EEE-M-C-allSides-2/harting_Han64_EEE-M-C-CrossSection-2/frame_000388.jpg,harting_han64_eee_m_c_allsides_2,cross_section_2,frame_000388,,,unassigned,good,/home/sb/Harting_Inspection/data/raw/harting_Han64_EEE-M-C-allSides-2/harting_Han64_EEE-M-C-CrossSection-2
2e0edb4dfa140b11,/home/sb/Harting_Inspection/data/raw/harting_Han64_EEE-M-C-allSides-2/harting_Han64_EEE-M-C-CrossSection-2/frame_000389.jpg,harting_han64_eee_m_c_allsides_2,cross_section_2,frame_000389,,,unassigned,good,/home/sb/Harting_Inspection/data/raw/harting_Han64_EEE-M-C-allSides-2/harting_Han64_EEE-M-C-CrossSection-2
a67654f988977725,/home/sb/Harting_Inspection/data/raw/harting_Han64_EEE-M-C-allSides-2/harting_Han64_EEE-M-C-CrossSection-2/frame_000390.jpg,harting_han64_eee_m_c_allsides_2,cross_section_2,frame_000390,,,unassigned,good,/home/sb/Harting_Inspection/data/raw/harting_Han64_EEE-M-C-allSides-2/harting_Han64_EEE-M-C-CrossSection-2
5341356e355712f6,/home/sb/Harting_Inspection/data/raw/harting_Han64_EEE-M-C-allSides-2/harting_Han64_EEE-M-C-CrossSection-2/frame_000391.jpg,harting_han64_eee_m_c_allsides_2,cross_section_2,frame_000391,,,unassigned,good,/home/sb/Harting_Inspection/data/raw/harting_Han64_EEE-M-C-allSides-2/harting_Han64_EEE-M-C-CrossSection-2
112a856a58b67a4e,/home/sb/Harting_Inspection/data/raw/harting_Han64_EEE-M-C-allSides-2/harting_Han64_EEE-M-C-CrossSection-2/frame_000392.jpg,harting_han64_eee_m_c_allsides_2,cross_section_2,frame_000392,,,unassigned,good,/home/sb/Harting_Inspection/data/raw/harting_Han64_EEE-M-C-allSides-2/harting_Han64_EEE-M-C-CrossSection-2
a87ef3e2a04959ec,/home/sb/Harting_Inspection/data/raw/harting_Han64_EEE-M-C-allSides-2/harting_Han64_EEE-M-C-CrossSection-2/frame_000393.jpg,harting_han64_eee_m_c_allsides_2,cross_section_2,frame_000393,,,unassigned,good,/home/sb/Harting_Inspection/data/raw/harting_Han64_EEE-M-C-allSides-2/harting_Han64_EEE-M-C-CrossSection-2
2263268d4ffc101d,/home/sb/Harting_Inspection/data/raw/harting_Han64_EEE-M-C-allSides-2/harting_Han64_EEE-M-C-CrossSection-2/frame_000394.jpg,harting_han64_eee_m_c_allsides_2,cross_section_2,frame_000394,,,unassigned,good,/home/sb/Harting_Inspection/data/raw/harting_Han64_EEE-M-C-allSides-2/harting_Han64_EEE-M-C-CrossSection-2
37bfaebff804faee,/home/sb/Harting_Inspection/data/raw/harting_Han64_EEE-M-C-allSides-2/harting_Han64_EEE-M-C-CrossSection-2/frame_000395.jpg,harting_han64_eee_m_c_allsides_2,cross_section_2,frame_000395,,,unassigned,good,/home/sb/Harting_Inspection/data/raw/harting_Han64_EEE-M-C-allSides-2/harting_Han64_EEE-M-C-CrossSection-2
55797ed681e98314,/home/sb/Harting_Inspection/data/raw/harting_Han64_EEE-M-C-allSides-2/harting_Han64_EEE-M-C-CrossSection-2/frame_000396.jpg,harting_han64_eee_m_c_allsides_2,cross_section_2,frame_000396,,,unassigned,good,/home/sb/Harting_Inspection/data/raw/harting_Han64_EEE-M-C-allSides-2/harting_Han64_EEE-M-C-CrossSection-2
dab001be216d5a1b,/home/sb/Harting_Inspection/data/raw/harting_Han64_EEE-M-C-allSides-2/harting_Han64_EEE-M-C-CrossSection-2/frame_000397.jpg,harting_han64_eee_m_c_allsides_2,cross_section_2,frame_000397,,,unassigned,good,/home/sb/Harting_Inspection/data/raw/harting_Han64_EEE-M-C-allSides-2/harting_Han64_EEE-M-C-CrossSection-2
440d64fed3eb5171,/home/sb/Harting_Inspection/data/raw/harting_Han64_EEE-M-C-allSides-2/harting_Han64_EEE-M-C-CrossSection-2/frame_000398.jpg,harting_han64_eee_m_c_allsides_2,cross_section_2,frame_000398,,,unassigned,good,/home/sb/Harting_Inspection/data/raw/harting_Han64_EEE-M-C-allSides-2/harting_Han64_EEE-M-C-CrossSection-2
bdd9cf2ec918c555,/home/sb/Harting_Inspection/data/raw/harting_Han64_EEE-M-C-allSides-2/harting_Han64_EEE-M-C-CrossSection-2/frame_000399.jpg,harting_han64_eee_m_c_allsides_2,cross_section_2,frame_000399,,,unassigned,good,/home/sb/Harting_Inspection/data/raw/harting_Han64_EEE-M-C-allSides-2/harting_Han64_EEE-M-C-CrossSection-2
9f9ccbdc6b60ce24,/home/sb/Harting_Inspection/data/raw/harting_Han64_EEE-M-C-allSides-2/harting_Han64_EEE-M-C-CrossSection-2/frame_000400.jpg,harting_han64_eee_m_c_allsides_2,cross_section_2,frame_000400,,,unassigned,good,/home/sb/Harting_Inspection/data/raw/harting_Han64_EEE-M-C-allSides-2/harting_Han64_EEE-M-C-CrossSection-2
e77664d6254db011,/home/sb/Harting_Inspection/data/raw/harting_Han64_EEE-M-C-allSides-2/harting_Han64_EEE-M-C-CrossSection-2/frame_000401.jpg,harting_han64_eee_m_c_allsides_2,cross_section_2,frame_000401,,,unassigned,good,/home/sb/Harting_Inspection/data/raw/harting_Han64_EEE-M-C-allSides-2/harting_Han64_EEE-M-C-CrossSection-2
fe31f72d86d68dca,/home/sb/Harting_Inspection/data/raw/harting_Han64_EEE-M-C-allSides-2/harting_Han64_EEE-M-C-CrossSection-2/frame_000402.jpg,harting_han64_eee_m_c_allsides_2,cross_section_2,frame_000402,,,unassigned,good,/home/sb/Harting_Inspection/data/raw/harting_Han64_EEE-M-C-allSides-2/harting_Han64_EEE-M-C-CrossSection-2
0ad6c6f911639f92,/home/sb/Harting_Inspection/data/raw/harting_Han64_EEE-M-C-allSides-2/harting_Han64_EEE-M-C-CrossSection-2/frame_000403.jpg,harting_han64_eee_m_c_allsides_2,cross_section_2,frame_000403,,,unassigned,good,/home/sb/Harting_Inspection/data/raw/harting_Han64_EEE-M-C-allSides-2/harting_Han64_EEE-M-C-CrossSection-2
936044f3a16c6f00,/home/sb/Harting_Inspection/data/raw/harting_Han64_EEE-M-C-allSides-2/harting_Han64_EEE-M-C-CrossSection-2/frame_000404.jpg,harting_han64_eee_m_c_allsides_2,cross_section_2,frame_000404,,,unassigned,good,/home/sb/Harting_Inspection/data/raw/harting_Han64_EEE-M-C-allSides-2/harting_Han64_EEE-M-C-CrossSection-2
2099f42203159603,/home/sb/Harting_Inspection/data/raw/harting_Han64_EEE-M-C-allSides-2/harting_Han64_EEE-M-C-CrossSection-2/frame_000405.jpg,harting_han64_eee_m_c_allsides_2,cross_section_2,frame_000405,,,unassigned,good,/home/sb/Harting_Inspection/data/raw/harting_Han64_EEE-M-C-allSides-2/harting_Han64_EEE-M-C-CrossSection-2
ec5737b6ece4e1e4,/home/sb/Harting_Inspection/data/raw/harting_Han64_EEE-M-C-allSides-2/harting_Han64_EEE-M-C-CrossSection-2/frame_000406.jpg,harting_han64_eee_m_c_allsides_2,cross_section_2,frame_000406,,,unassigned,good,/home/sb/Harting_Inspection/data/raw/harting_Han64_EEE-M-C-allSides-2/harting_Han64_EEE-M-C-CrossSection-2
3e4083320a754594,/home/sb/Harting_Inspection/data/raw/harting_Han64_EEE-M-C-allSides-2/harting_Han64_EEE-M-C-CrossSection-2/frame_000407.jpg,harting_han64_eee_m_c_allsides_2,cross_section_2,frame_000407,,,unassigned,good,/home/sb/Harting_Inspection/data/raw/harting_Han64_EEE-M-C-allSides-2/harting_Han64_EEE-M-C-CrossSection-2
bf3da73e0f0ab85a,/home/sb/Harting_Inspection/data/raw/harting_Han64_EEE-M-C-allSides-2/harting_Han64_EEE-M-C-CrossSection-2/frame_000408.jpg,harting_han64_eee_m_c_allsides_2,cross_section_2,frame_000408,,,unassigned,good,/home/sb/Harting_Inspection/data/raw/harting_Han64_EEE-M-C-allSides-2/harting_Han64_EEE-M-C-CrossSection-2
6aeb2fd45c15f891,/home/sb/Harting_Inspection/data/raw/harting_Han64_EEE-M-C-allSides-2/harting_Han64_EEE-M-C-CrossSection-2/frame_000409.jpg,harting_han64_eee_m_c_allsides_2,cross_section_2,frame_000409,,,unassigned,good,/home/sb/Harting_Inspection/data/raw/harting_Han64_EEE-M-C-allSides-2/harting_Han64_EEE-M-C-CrossSection-2
dd442f840298b2f7,/home/sb/Harting_Inspection/data/raw/harting_Han64_EEE-M-C-allSides-2/harting_Han64_EEE-M-C-CrossSection-2/frame_000410.jpg,harting_han64_eee_m_c_allsides_2,cross_section_2,frame_000410,,,unassigned,good,/home/sb/Harting_Inspection/data/raw/harting_Han64_EEE-M-C-allSides-2/harting_Han64_EEE-M-C-CrossSection-2
3107e44afbe2ff4f,/home/sb/Harting_Inspection/data/raw/harting_Han64_EEE-M-C-allSides-2/harting_Han64_EEE-M-C-CrossSection-2/frame_000411.jpg,harting_han64_eee_m_c_allsides_2,cross_section_2,frame_000411,,,unassigned,good,/home/sb/Harting_Inspection/data/raw/harting_Han64_EEE-M-C-allSides-2/harting_Han64_EEE-M-C-CrossSection-2
01316cf692e68db2,/home/sb/Harting_Inspection/data/raw/harting_Han64_EEE-M-C-allSides-2/harting_Han64_EEE-M-C-CrossSection-2/frame_000412.jpg,harting_han64_eee_m_c_allsides_2,cross_section_2,frame_000412,,,unassigned,good,/home/sb/Harting_Inspection/data/raw/harting_Han64_EEE-M-C-allSides-2/harting_Han64_EEE-M-C-CrossSection-2
cdac1bbccece0992,/home/sb/Harting_Inspection/data/raw/harting_Han64_EEE-M-C-allSides-2/harting_Han64_EEE-M-C-CrossSection-2/frame_000413.jpg,harting_han64_eee_m_c_allsides_2,cross_section_2,frame_000413,,,unassigned,good,/home/sb/Harting_Inspection/data/raw/harting_Han64_EEE-M-C-allSides-2/harting_Han64_EEE-M-C-CrossSection-2
e5ea9b746fd60118,/home/sb/Harting_Inspection/data/raw/harting_Han64_EEE-M-C-allSides-2/harting_Han64_EEE-M-C-CrossSection-2/frame_000414.jpg,harting_han64_eee_m_c_allsides_2,cross_section_2,frame_000414,,,unassigned,good,/home/sb/Harting_Inspection/data/raw/harting_Han64_EEE-M-C-allSides-2/harting_Han64_EEE-M-C-CrossSection-2
c267113dc271c77b,/home/sb/Harting_Inspection/data/raw/harting_Han64_EEE-M-C-allSides-2/harting_Han64_EEE-M-C-CrossSection-2/frame_000415.jpg,harting_han64_eee_m_c_allsides_2,cross_section_2,frame_000415,,,unassigned,good,/home/sb/Harting_Inspection/data/raw/harting_Han64_EEE-M-C-allSides-2/harting_Han64_EEE-M-C-CrossSection-2
32bbfaff48e4b1bf,/home/sb/Harting_Inspection/data/raw/harting_Han64_EEE-M-C-allSides-2/harting_Han64_EEE-M-C-CrossSection-2/frame_000416.jpg,harting_han64_eee_m_c_allsides_2,cross_section_2,frame_000416,,,unassigned,good,/home/sb/Harting_Inspection/data/raw/harting_Han64_EEE-M-C-allSides-2/harting_Han64_EEE-M-C-CrossSection-2
3173e1793490f841,/home/sb/Harting_Inspection/data/raw/harting_Han64_EEE-M-C-allSides-2/harting_Han64_EEE-M-C-CrossSection-2/frame_000417.jpg,harting_han64_eee_m_c_allsides_2,cross_section_2,frame_000417,,,unassigned,good,/home/sb/Harting_Inspection/data/raw/harting_Han64_EEE-M-C-allSides-2/harting_Han64_EEE-M-C-CrossSection-2
18ef9ae18ec5b435,/home/sb/Harting_Inspection/data/raw/harting_Han64_EEE-M-C-allSides-2/harting_Han64_EEE-M-C-CrossSection-2/frame_000418.jpg,harting_han64_eee_m_c_allsides_2,cross_section_2,frame_000418,,,unassigned,good,/home/sb/Harting_Inspection/data/raw/harting_Han64_EEE-M-C-allSides-2/harting_Han64_EEE-M-C-CrossSection-2
c797a196d7690771,/home/sb/Harting_Inspection/data/raw/harting_Han64_EEE-M-C-allSides-2/harting_Han64_EEE-M-C-CrossSection-2/frame_000419.jpg,harting_han64_eee_m_c_allsides_2,cross_section_2,frame_000419,,,unassigned,good,/home/sb/Harting_Inspection/data/raw/harting_Han64_EEE-M-C-allSides-2/harting_Han64_EEE-M-C-CrossSection-2
01c42ea1e5bea1be,/home/sb/Harting_Inspection/data/raw/harting_Han64_EEE-M-C-allSides-2/harting_Han64_EEE-M-C-CrossSection-2/frame_000420.jpg,harting_han64_eee_m_c_allsides_2,cross_section_2,frame_000420,,,unassigned,good,/home/sb/Harting_Inspection/data/raw/harting_Han64_EEE-M-C-allSides-2/harting_Han64_EEE-M-C-CrossSection-2
2b7e80c004dc6745,/home/sb/Harting_Inspection/data/raw/harting_Han64_EEE-M-C-allSides-2/harting_Han64_EEE-M-C-Top/frame_000000.jpg,harting_han64_eee_m_c_allsides_2,top,frame_000000,,,unassigned,good,/home/sb/Harting_Inspection/data/raw/harting_Han64_EEE-M-C-allSides-2/harting_Han64_EEE-M-C-Top
6e946e66ee5d18ab,/home/sb/Harting_Inspection/data/raw/harting_Han64_EEE-M-C-allSides-2/harting_Han64_EEE-M-C-Top/frame_000001.jpg,harting_han64_eee_m_c_allsides_2,top,frame_000001,,,unassigned,good,/home/sb/Harting_Inspection/data/raw/harting_Han64_EEE-M-C-allSides-2/harting_Han64_EEE-M-C-Top
88e675b74038c6aa,/home/sb/Harting_Inspection/data/raw/harting_Han64_EEE-M-C-allSides-2/harting_Han64_EEE-M-C-Top/frame_000002.jpg,harting_han64_eee_m_c_allsides_2,top,frame_000002,,,unassigned,good,/home/sb/Harting_Inspection/data/raw/harting_Han64_EEE-M-C-allSides-2/harting_Han64_EEE-M-C-Top
3f5b91cff9b8d2f3,/home/sb/Harting_Inspection/data/raw/harting_Han64_EEE-M-C-allSides-2/harting_Han64_EEE-M-C-Top/frame_000003.jpg,harting_han64_eee_m_c_allsides_2,top,frame_000003,,,unassigned,good,/home/sb/Harting_Inspection/data/raw/harting_Han64_EEE-M-C-allSides-2/harting_Han64_EEE-M-C-Top
81f99d6bf9a6b4cb,/home/sb/Harting_Inspection/data/raw/harting_Han64_EEE-M-C-allSides-2/harting_Han64_EEE-M-C-Top/frame_000004.jpg,harting_han64_eee_m_c_allsides_2,top,frame_000004,,,unassigned,good,/home/sb/Harting_Inspection/data/raw/harting_Han64_EEE-M-C-allSides-2/harting_Han64_EEE-M-C-Top
03c08b14ced3cbd9,/home/sb/Harting_Inspection/data/raw/harting_Han64_EEE-M-C-allSides-2/harting_Han64_EEE-M-C-Top/frame_000005.jpg,harting_han64_eee_m_c_allsides_2,top,frame_000005,,,unassigned,good,/home/sb/Harting_Inspection/data/raw/harting_Han64_EEE-M-C-allSides-2/harting_Han64_EEE-M-C-Top
10d5ef3f3479257e,/home/sb/Harting_Inspection/data/raw/harting_Han64_EEE-M-C-allSides-2/harting_Han64_EEE-M-C-Top/frame_000006.jpg,harting_han64_eee_m_c_allsides_2,top,frame_000006,,,unassigned,good,/home/sb/Harting_Inspection/data/raw/harting_Han64_EEE-M-C-allSides-2/harting_Han64_EEE-M-C-Top
3c8c3084920b7c39,/home/sb/Harting_Inspection/data/raw/harting_Han64_EEE-M-C-allSides-2/harting_Han64_EEE-M-C-Top/frame_000007.jpg,harting_han64_eee_m_c_allsides_2,top,frame_000007,,,unassigned,good,/home/sb/Harting_Inspection/data/raw/harting_Han64_EEE-M-C-allSides-2/harting_Han64_EEE-M-C-Top
0ff09617bd595290,/home/sb/Harting_Inspection/data/raw/harting_Han64_EEE-M-C-allSides-2/harting_Han64_EEE-M-C-Top/frame_000008.jpg,harting_han64_eee_m_c_allsides_2,top,frame_000008,,,unassigned,good,/home/sb/Harting_Inspection/data/raw/harting_Han64_EEE-M-C-allSides-2/harting_Han64_EEE-M-C-Top
2c9496ebf447ceee,/home/sb/Harting_Inspection/data/raw/harting_Han64_EEE-M-C-allSides-2/harting_Han64_EEE-M-C-Top/frame_000009.jpg,harting_han64_eee_m_c_allsides_2,top,frame_000009,,,unassigned,good,/home/sb/Harting_Inspection/data/raw/harting_Han64_EEE-M-C-allSides-2/harting_Han64_EEE-M-C-Top
e79cf822be93b5a2,/home/sb/Harting_Inspection/data/raw/harting_Han64_EEE-M-C-allSides-2/harting_Han64_EEE-M-C-Top/frame_000010.jpg,harting_han64_eee_m_c_allsides_2,top,frame_000010,,,unassigned,good,/home/sb/Harting_Inspection/data/raw/harting_Han64_EEE-M-C-allSides-2/harting_Han64_EEE-M-C-Top
50ec6ef3ccf934de,/home/sb/Harting_Inspection/data/raw/harting_Han64_EEE-M-C-allSides-2/harting_Han64_EEE-M-C-Top/frame_000011.jpg,harting_han64_eee_m_c_allsides_2,top,frame_000011,,,unassigned,good,/home/sb/Harting_Inspection/data/raw/harting_Han64_EEE-M-C-allSides-2/harting_Han64_EEE-M-C-Top
8be799aeaf281451,/home/sb/Harting_Inspection/data/raw/harting_Han64_EEE-M-C-allSides-2/harting_Han64_EEE-M-C-Top/frame_000012.jpg,harting_han64_eee_m_c_allsides_2,top,frame_000012,,,unassigned,good,/home/sb/Harting_Inspection/data/raw/harting_Han64_EEE-M-C-allSides-2/harting_Han64_EEE-M-C-Top
faaa5c625a70854a,/home/sb/Harting_Inspection/data/raw/harting_Han64_EEE-M-C-allSides-2/harting_Han64_EEE-M-C-Top/frame_000013.jpg,harting_han64_eee_m_c_allsides_2,top,frame_000013,,,unassigned,good,/home/sb/Harting_Inspection/data/raw/harting_Han64_EEE-M-C-allSides-2/harting_Han64_EEE-M-C-Top
b79dcee4f4415d0f,/home/sb/Harting_Inspection/data/raw/harting_Han64_EEE-M-C-allSides-2/harting_Han64_EEE-M-C-Top/frame_000014.jpg,harting_han64_eee_m_c_allsides_2,top,frame_000014,,,unassigned,good,/home/sb/Harting_Inspection/data/raw/harting_Han64_EEE-M-C-allSides-2/harting_Han64_EEE-M-C-Top
a832951a362aa36d,/home/sb/Harting_Inspection/data/raw/harting_Han64_EEE-M-C-allSides-2/harting_Han64_EEE-M-C-Top/frame_000015.jpg,harting_han64_eee_m_c_allsides_2,top,frame_000015,,,unassigned,good,/home/sb/Harting_Inspection/data/raw/harting_Han64_EEE-M-C-allSides-2/harting_Han64_EEE-M-C-Top
04769717b48db56f,/home/sb/Harting_Inspection/data/raw/harting_Han64_EEE-M-C-allSides-2/harting_Han64_EEE-M-C-Top/frame_000016.jpg,harting_han64_eee_m_c_allsides_2,top,frame_000016,,,unassigned,good,/home/sb/Harting_Inspection/data/raw/harting_Han64_EEE-M-C-allSides-2/harting_Han64_EEE-M-C-Top
7c1057bfa051a1f5,/home/sb/Harting_Inspection/data/raw/harting_Han64_EEE-M-C-allSides-2/harting_Han64_EEE-M-C-Top/frame_000017.jpg,harting_han64_eee_m_c_allsides_2,top,frame_000017,,,unassigned,good,/home/sb/Harting_Inspection/data/raw/harting_Han64_EEE-M-C-allSides-2/harting_Han64_EEE-M-C-Top
ad8a149efd119fc7,/home/sb/Harting_Inspection/data/raw/harting_Han64_EEE-M-C-allSides-2/harting_Han64_EEE-M-C-Top/frame_000018.jpg,harting_han64_eee_m_c_allsides_2,top,frame_000018,,,unassigned,good,/home/sb/Harting_Inspection/data/raw/harting_Han64_EEE-M-C-allSides-2/harting_Han64_EEE-M-C-Top
917dd54605a4f313,/home/sb/Harting_Inspection/data/raw/harting_Han64_EEE-M-C-allSides-2/harting_Han64_EEE-M-C-Top/frame_000019.jpg,harting_han64_eee_m_c_allsides_2,top,frame_000019,,,unassigned,good,/home/sb/Harting_Inspection/data/raw/harting_Han64_EEE-M-C-allSides-2/harting_Han64_EEE-M-C-Top
62314202de3cc651,/home/sb/Harting_Inspection/data/raw/harting_Han64_EEE-M-C-allSides-2/harting_Han64_EEE-M-C-Top/frame_000020.jpg,harting_han64_eee_m_c_allsides_2,top,frame_000020,,,unassigned,good,/home/sb/Harting_Inspection/data/raw/harting_Han64_EEE-M-C-allSides-2/harting_Han64_EEE-M-C-Top
5dfdd8a81424ee8a,/home/sb/Harting_Inspection/data/raw/harting_Han64_EEE-M-C-allSides-2/harting_Han64_EEE-M-C-Top/frame_000021.jpg,harting_han64_eee_m_c_allsides_2,top,frame_000021,,,unassigned,good,/home/sb/Harting_Inspection/data/raw/harting_Han64_EEE-M-C-allSides-2/harting_Han64_EEE-M-C-Top
f84ed77e2569888d,/home/sb/Harting_Inspection/data/raw/harting_Han64_EEE-M-C-allSides-2/harting_Han64_EEE-M-C-Top/frame_000022.jpg,harting_han64_eee_m_c_allsides_2,top,frame_000022,,,unassigned,good,/home/sb/Harting_Inspection/data/raw/harting_Han64_EEE-M-C-allSides-2/harting_Han64_EEE-M-C-Top
f4893a1d0decb7ab,/home/sb/Harting_Inspection/data/raw/harting_Han64_EEE-M-C-allSides-2/harting_Han64_EEE-M-C-Top/frame_000023.jpg,harting_han64_eee_m_c_allsides_2,top,frame_000023,,,unassigned,good,/home/sb/Harting_Inspection/data/raw/harting_Han64_EEE-M-C-allSides-2/harting_Han64_EEE-M-C-Top
385c8ad4f43452da,/home/sb/Harting_Inspection/data/raw/harting_Han64_EEE-M-C-allSides-2/harting_Han64_EEE-M-C-Top/frame_000024.jpg,harting_han64_eee_m_c_allsides_2,top,frame_000024,,,unassigned,good,/home/sb/Harting_Inspection/data/raw/harting_Han64_EEE-M-C-allSides-2/harting_Han64_EEE-M-C-Top
8434596bad1e8f1d,/home/sb/Harting_Inspection/data/raw/harting_Han64_EEE-M-C-allSides-2/harting_Han64_EEE-M-C-Top/frame_000025.jpg,harting_han64_eee_m_c_allsides_2,top,frame_000025,,,unassigned,good,/home/sb/Harting_Inspection/data/raw/harting_Han64_EEE-M-C-allSides-2/harting_Han64_EEE-M-C-Top
ddb344b0208c57cc,/home/sb/Harting_Inspection/data/raw/harting_Han64_EEE-M-C-allSides-2/harting_Han64_EEE-M-C-Top/frame_000026.jpg,harting_han64_eee_m_c_allsides_2,top,frame_000026,,,unassigned,good,/home/sb/Harting_Inspection/data/raw/harting_Han64_EEE-M-C-allSides-2/harting_Han64_EEE-M-C-Top
ac8ad340f0c5c953,/home/sb/Harting_Inspection/data/raw/harting_Han64_EEE-M-C-allSides-2/harting_Han64_EEE-M-C-Top/frame_000027.jpg,harting_han64_eee_m_c_allsides_2,top,frame_000027,,,unassigned,good,/home/sb/Harting_Inspection/data/raw/harting_Han64_EEE-M-C-allSides-2/harting_Han64_EEE-M-C-Top
4ab4b829fd6aecdb,/home/sb/Harting_Inspection/data/raw/harting_Han64_EEE-M-C-allSides-2/harting_Han64_EEE-M-C-Top/frame_000028.jpg,harting_han64_eee_m_c_allsides_2,top,frame_000028,,,unassigned,good,/home/sb/Harting_Inspection/data/raw/harting_Han64_EEE-M-C-allSides-2/harting_Han64_EEE-M-C-Top
5b3428c072d76437,/home/sb/Harting_Inspection/data/raw/harting_Han64_EEE-M-C-allSides-2/harting_Han64_EEE-M-C-Top/frame_000029.jpg,harting_han64_eee_m_c_allsides_2,top,frame_000029,,,unassigned,good,/home/sb/Harting_Inspection/data/raw/harting_Han64_EEE-M-C-allSides-2/harting_Han64_EEE-M-C-Top
558b245b391a25cb,/home/sb/Harting_Inspection/data/raw/harting_Han64_EEE-M-C-allSides-2/harting_Han64_EEE-M-C-Top/frame_000030.jpg,harting_han64_eee_m_c_allsides_2,top,frame_000030,,,unassigned,good,/home/sb/Harting_Inspection/data/raw/harting_Han64_EEE-M-C-allSides-2/harting_Han64_EEE-M-C-Top
2c023ada7c60b767,/home/sb/Harting_Inspection/data/raw/harting_Han64_EEE-M-C-allSides-2/harting_Han64_EEE-M-C-Top/frame_000031.jpg,harting_han64_eee_m_c_allsides_2,top,frame_000031,,,unassigned,good,/home/sb/Harting_Inspection/data/raw/harting_Han64_EEE-M-C-allSides-2/harting_Han64_EEE-M-C-Top
f55adb38c6941b38,/home/sb/Harting_Inspection/data/raw/harting_Han64_EEE-M-C-allSides-2/harting_Han64_EEE-M-C-Top/frame_000032.jpg,harting_han64_eee_m_c_allsides_2,top,frame_000032,,,unassigned,good,/home/sb/Harting_Inspection/data/raw/harting_Han64_EEE-M-C-allSides-2/harting_Han64_EEE-M-C-Top
e6fde5782842e6ef,/home/sb/Harting_Inspection/data/raw/harting_Han64_EEE-M-C-allSides-2/harting_Han64_EEE-M-C-Top/frame_000033.jpg,harting_han64_eee_m_c_allsides_2,top,frame_000033,,,unassigned,good,/home/sb/Harting_Inspection/data/raw/harting_Han64_EEE-M-C-allSides-2/harting_Han64_EEE-M-C-Top
916a7b1ff3ed7ee6,/home/sb/Harting_Inspection/data/raw/harting_Han64_EEE-M-C-allSides-2/harting_Han64_EEE-M-C-Top/frame_000034.jpg,harting_han64_eee_m_c_allsides_2,top,frame_000034,,,unassigned,good,/home/sb/Harting_Inspection/data/raw/harting_Han64_EEE-M-C-allSides-2/harting_Han64_EEE-M-C-Top
9ab8fd8fd780623c,/home/sb/Harting_Inspection/data/raw/harting_Han64_EEE-M-C-allSides-2/harting_Han64_EEE-M-C-Top/frame_000035.jpg,harting_han64_eee_m_c_allsides_2,top,frame_000035,,,unassigned,good,/home/sb/Harting_Inspection/data/raw/harting_Han64_EEE-M-C-allSides-2/harting_Han64_EEE-M-C-Top
3373b70bcfc90ce6,/home/sb/Harting_Inspection/data/raw/harting_Han64_EEE-M-C-allSides-2/harting_Han64_EEE-M-C-Top/frame_000036.jpg,harting_han64_eee_m_c_allsides_2,top,frame_000036,,,unassigned,good,/home/sb/Harting_Inspection/data/raw/harting_Han64_EEE-M-C-allSides-2/harting_Han64_EEE-M-C-Top
bbb63c5f84bf5e8a,/home/sb/Harting_Inspection/data/raw/harting_Han64_EEE-M-C-allSides-2/harting_Han64_EEE-M-C-Top/frame_000037.jpg,harting_han64_eee_m_c_allsides_2,top,frame_000037,,,unassigned,good,/home/sb/Harting_Inspection/data/raw/harting_Han64_EEE-M-C-allSides-2/harting_Han64_EEE-M-C-Top
83e986d8a9b8b9f1,/home/sb/Harting_Inspection/data/raw/harting_Han64_EEE-M-C-allSides-2/harting_Han64_EEE-M-C-Top/frame_000038.jpg,harting_han64_eee_m_c_allsides_2,top,frame_000038,,,unassigned,good,/home/sb/Harting_Inspection/data/raw/harting_Han64_EEE-M-C-allSides-2/harting_Han64_EEE-M-C-Top
b4132ec0d0dabeb9,/home/sb/Harting_Inspection/data/raw/harting_Han64_EEE-M-C-allSides-2/harting_Han64_EEE-M-C-Top/frame_000039.jpg,harting_han64_eee_m_c_allsides_2,top,frame_000039,,,unassigned,good,/home/sb/Harting_Inspection/data/raw/harting_Han64_EEE-M-C-allSides-2/harting_Han64_EEE-M-C-Top
65c362a657e62cb2,/home/sb/Harting_Inspection/data/raw/harting_Han64_EEE-M-C-allSides-2/harting_Han64_EEE-M-C-Top/frame_000040.jpg,harting_han64_eee_m_c_allsides_2,top,frame_000040,,,unassigned,good,/home/sb/Harting_Inspection/data/raw/harting_Han64_EEE-M-C-allSides-2/harting_Han64_EEE-M-C-Top
f70d545b2869e7c6,/home/sb/Harting_Inspection/data/raw/harting_Han64_EEE-M-C-allSides-2/harting_Han64_EEE-M-C-Top/frame_000041.jpg,harting_han64_eee_m_c_allsides_2,top,frame_000041,,,unassigned,good,/home/sb/Harting_Inspection/data/raw/harting_Han64_EEE-M-C-allSides-2/harting_Han64_EEE-M-C-Top
71b8ee82882f736e,/home/sb/Harting_Inspection/data/raw/harting_Han64_EEE-M-C-allSides-2/harting_Han64_EEE-M-C-Top/frame_000042.jpg,harting_han64_eee_m_c_allsides_2,top,frame_000042,,,unassigned,good,/home/sb/Harting_Inspection/data/raw/harting_Han64_EEE-M-C-allSides-2/harting_Han64_EEE-M-C-Top
2ccc06dcf1a6b8aa,/home/sb/Harting_Inspection/data/raw/harting_Han64_EEE-M-C-allSides-2/harting_Han64_EEE-M-C-Top/frame_000043.jpg,harting_han64_eee_m_c_allsides_2,top,frame_000043,,,unassigned,good,/home/sb/Harting_Inspection/data/raw/harting_Han64_EEE-M-C-allSides-2/harting_Han64_EEE-M-C-Top
6037f5d38f8f37a1,/home/sb/Harting_Inspection/data/raw/harting_Han64_EEE-M-C-allSides-2/harting_Han64_EEE-M-C-Top/frame_000044.jpg,harting_han64_eee_m_c_allsides_2,top,frame_000044,,,unassigned,good,/home/sb/Harting_Inspection/data/raw/harting_Han64_EEE-M-C-allSides-2/harting_Han64_EEE-M-C-Top
5d5dd2c3243e1b63,/home/sb/Harting_Inspection/data/raw/harting_Han64_EEE-M-C-allSides-2/harting_Han64_EEE-M-C-Top/frame_000045.jpg,harting_han64_eee_m_c_allsides_2,top,frame_000045,,,unassigned,good,/home/sb/Harting_Inspection/data/raw/harting_Han64_EEE-M-C-allSides-2/harting_Han64_EEE-M-C-Top
ae9855dcc65ba9a1,/home/sb/Harting_Inspection/data/raw/harting_Han64_EEE-M-C-allSides-2/harting_Han64_EEE-M-C-Top/frame_000046.jpg,harting_han64_eee_m_c_allsides_2,top,frame_000046,,,unassigned,good,/home/sb/Harting_Inspection/data/raw/harting_Han64_EEE-M-C-allSides-2/harting_Han64_EEE-M-C-Top
1406d9032205bc78,/home/sb/Harting_Inspection/data/raw/harting_Han64_EEE-M-C-allSides-2/harting_Han64_EEE-M-C-Top/frame_000047.jpg,harting_han64_eee_m_c_allsides_2,top,frame_000047,,,unassigned,good,/home/sb/Harting_Inspection/data/raw/harting_Han64_EEE-M-C-allSides-2/harting_Han64_EEE-M-C-Top
eccad54e3b9655a2,/home/sb/Harting_Inspection/data/raw/harting_Han64_EEE-M-C-allSides-2/harting_Han64_EEE-M-C-Top/frame_000048.jpg,harting_han64_eee_m_c_allsides_2,top,frame_000048,,,unassigned,good,/home/sb/Harting_Inspection/data/raw/harting_Han64_EEE-M-C-allSides-2/harting_Han64_EEE-M-C-Top
35d4913f9e2f18b9,/home/sb/Harting_Inspection/data/raw/harting_Han64_EEE-M-C-allSides-2/harting_Han64_EEE-M-C-Top/frame_000049.jpg,harting_han64_eee_m_c_allsides_2,top,frame_000049,,,unassigned,good,/home/sb/Harting_Inspection/data/raw/harting_Han64_EEE-M-C-allSides-2/harting_Han64_EEE-M-C-Top
a46edd440caaceeb,/home/sb/Harting_Inspection/data/raw/harting_Han64_EEE-M-C-allSides-2/harting_Han64_EEE-M-C-Top/frame_000050.jpg,harting_han64_eee_m_c_allsides_2,top,frame_000050,,,unassigned,good,/home/sb/Harting_Inspection/data/raw/harting_Han64_EEE-M-C-allSides-2/harting_Han64_EEE-M-C-Top
8104365d0076a7ca,/home/sb/Harting_Inspection/data/raw/harting_Han64_EEE-M-C-allSides-2/harting_Han64_EEE-M-C-Top/frame_000051.jpg,harting_han64_eee_m_c_allsides_2,top,frame_000051,,,unassigned,good,/home/sb/Harting_Inspection/data/raw/harting_Han64_EEE-M-C-allSides-2/harting_Han64_EEE-M-C-Top
3480d8f8b3391304,/home/sb/Harting_Inspection/data/raw/harting_Han64_EEE-M-C-allSides-2/harting_Han64_EEE-M-C-Top/frame_000052.jpg,harting_han64_eee_m_c_allsides_2,top,frame_000052,,,unassigned,good,/home/sb/Harting_Inspection/data/raw/harting_Han64_EEE-M-C-allSides-2/harting_Han64_EEE-M-C-Top
e932781098d7b9e9,/home/sb/Harting_Inspection/data/raw/harting_Han64_EEE-M-C-allSides-2/harting_Han64_EEE-M-C-Top/frame_000053.jpg,harting_han64_eee_m_c_allsides_2,top,frame_000053,,,unassigned,good,/home/sb/Harting_Inspection/data/raw/harting_Han64_EEE-M-C-allSides-2/harting_Han64_EEE-M-C-Top
af517b73265e9bcf,/home/sb/Harting_Inspection/data/raw/harting_Han64_EEE-M-C-allSides-2/harting_Han64_EEE-M-C-Top/frame_000054.jpg,harting_han64_eee_m_c_allsides_2,top,frame_000054,,,unassigned,good,/home/sb/Harting_Inspection/data/raw/harting_Han64_EEE-M-C-allSides-2/harting_Han64_EEE-M-C-Top
2bddcec1f968b60a,/home/sb/Harting_Inspection/data/raw/harting_Han64_EEE-M-C-allSides-2/harting_Han64_EEE-M-C-Top/frame_000055.jpg,harting_han64_eee_m_c_allsides_2,top,frame_000055,,,unassigned,good,/home/sb/Harting_Inspection/data/raw/harting_Han64_EEE-M-C-allSides-2/harting_Han64_EEE-M-C-Top
672b8bc1a8d1bef8,/home/sb/Harting_Inspection/data/raw/harting_Han64_EEE-M-C-allSides-2/harting_Han64_EEE-M-C-Top/frame_000056.jpg,harting_han64_eee_m_c_allsides_2,top,frame_000056,,,unassigned,good,/home/sb/Harting_Inspection/data/raw/harting_Han64_EEE-M-C-allSides-2/harting_Han64_EEE-M-C-Top
a78a9c45405d724d,/home/sb/Harting_Inspection/data/raw/harting_Han64_EEE-M-C-allSides-2/harting_Han64_EEE-M-C-Top/frame_000057.jpg,harting_han64_eee_m_c_allsides_2,top,frame_000057,,,unassigned,good,/home/sb/Harting_Inspection/data/raw/harting_Han64_EEE-M-C-allSides-2/harting_Han64_EEE-M-C-Top
16a0c95106798683,/home/sb/Harting_Inspection/data/raw/harting_Han64_EEE-M-C-allSides-2/harting_Han64_EEE-M-C-Top/frame_000058.jpg,harting_han64_eee_m_c_allsides_2,top,frame_000058,,,unassigned,good,/home/sb/Harting_Inspection/data/raw/harting_Han64_EEE-M-C-allSides-2/harting_Han64_EEE-M-C-Top
7c39df59bf820468,/home/sb/Harting_Inspection/data/raw/harting_Han64_EEE-M-C-allSides-2/harting_Han64_EEE-M-C-Top/frame_000059.jpg,harting_han64_eee_m_c_allsides_2,top,frame_000059,,,unassigned,good,/home/sb/Harting_Inspection/data/raw/harting_Han64_EEE-M-C-allSides-2/harting_Han64_EEE-M-C-Top
596c5bdce8c471c4,/home/sb/Harting_Inspection/data/raw/harting_Han64_EEE-M-C-allSides-2/harting_Han64_EEE-M-C-Top/frame_000060.jpg,harting_han64_eee_m_c_allsides_2,top,frame_000060,,,unassigned,good,/home/sb/Harting_Inspection/data/raw/harting_Han64_EEE-M-C-allSides-2/harting_Han64_EEE-M-C-Top
7ba0f3308c3a5deb,/home/sb/Harting_Inspection/data/raw/harting_Han64_EEE-M-C-allSides-2/harting_Han64_EEE-M-C-Top/frame_000061.jpg,harting_han64_eee_m_c_allsides_2,top,frame_000061,,,unassigned,good,/home/sb/Harting_Inspection/data/raw/harting_Han64_EEE-M-C-allSides-2/harting_Han64_EEE-M-C-Top
bcd3c5bcc73056d4,/home/sb/Harting_Inspection/data/raw/harting_Han64_EEE-M-C-allSides-2/harting_Han64_EEE-M-C-Top/frame_000062.jpg,harting_han64_eee_m_c_allsides_2,top,frame_000062,,,unassigned,good,/home/sb/Harting_Inspection/data/raw/harting_Han64_EEE-M-C-allSides-2/harting_Han64_EEE-M-C-Top
e160bcc47cbd857b,/home/sb/Harting_Inspection/data/raw/harting_Han64_EEE-M-C-allSides-2/harting_Han64_EEE-M-C-Top/frame_000063.jpg,harting_han64_eee_m_c_allsides_2,top,frame_000063,,,unassigned,good,/home/sb/Harting_Inspection/data/raw/harting_Han64_EEE-M-C-allSides-2/harting_Han64_EEE-M-C-Top
6f857c087d997174,/home/sb/Harting_Inspection/data/raw/harting_Han64_EEE-M-C-allSides-2/harting_Han64_EEE-M-C-Top/frame_000064.jpg,harting_han64_eee_m_c_allsides_2,top,frame_000064,,,unassigned,good,/home/sb/Harting_Inspection/data/raw/harting_Han64_EEE-M-C-allSides-2/harting_Han64_EEE-M-C-Top
38985f1b10ead314,/home/sb/Harting_Inspection/data/raw/harting_Han64_EEE-M-C-allSides-2/harting_Han64_EEE-M-C-Top/frame_000065.jpg,harting_han64_eee_m_c_allsides_2,top,frame_000065,,,unassigned,good,/home/sb/Harting_Inspection/data/raw/harting_Han64_EEE-M-C-allSides-2/harting_Han64_EEE-M-C-Top
5b6a15b62e78174a,/home/sb/Harting_Inspection/data/raw/harting_Han64_EEE-M-C-allSides-2/harting_Han64_EEE-M-C-Top/frame_000066.jpg,harting_han64_eee_m_c_allsides_2,top,frame_000066,,,unassigned,good,/home/sb/Harting_Inspection/data/raw/harting_Han64_EEE-M-C-allSides-2/harting_Han64_EEE-M-C-Top
8f7e2ab52ce27b77,/home/sb/Harting_Inspection/data/raw/harting_Han64_EEE-M-C-allSides-2/harting_Han64_EEE-M-C-Top/frame_000067.jpg,harting_han64_eee_m_c_allsides_2,top,frame_000067,,,unassigned,good,/home/sb/Harting_Inspection/data/raw/harting_Han64_EEE-M-C-allSides-2/harting_Han64_EEE-M-C-Top
72a67ceb3ceb65b5,/home/sb/Harting_Inspection/data/raw/harting_Han64_EEE-M-C-allSides-2/harting_Han64_EEE-M-C-Top/frame_000068.jpg,harting_han64_eee_m_c_allsides_2,top,frame_000068,,,unassigned,good,/home/sb/Harting_Inspection/data/raw/harting_Han64_EEE-M-C-allSides-2/harting_Han64_EEE-M-C-Top
efba59cc59b78f6a,/home/sb/Harting_Inspection/data/raw/harting_Han64_EEE-M-C-allSides-2/harting_Han64_EEE-M-C-Top/frame_000069.jpg,harting_han64_eee_m_c_allsides_2,top,frame_000069,,,unassigned,good,/home/sb/Harting_Inspection/data/raw/harting_Han64_EEE-M-C-allSides-2/harting_Han64_EEE-M-C-Top
a07dbfcd43eadbd0,/home/sb/Harting_Inspection/data/raw/harting_Han64_EEE-M-C-allSides-2/harting_Han64_EEE-M-C-Top/frame_000070.jpg,harting_han64_eee_m_c_allsides_2,top,frame_000070,,,unassigned,good,/home/sb/Harting_Inspection/data/raw/harting_Han64_EEE-M-C-allSides-2/harting_Han64_EEE-M-C-Top
f26b918d455322f4,/home/sb/Harting_Inspection/data/raw/harting_Han64_EEE-M-C-allSides-2/harting_Han64_EEE-M-C-Top/frame_000071.jpg,harting_han64_eee_m_c_allsides_2,top,frame_000071,,,unassigned,good,/home/sb/Harting_Inspection/data/raw/harting_Han64_EEE-M-C-allSides-2/harting_Han64_EEE-M-C-Top
4772ab386d186061,/home/sb/Harting_Inspection/data/raw/harting_Han64_EEE-M-C-allSides-2/harting_Han64_EEE-M-C-Top/frame_000072.jpg,harting_han64_eee_m_c_allsides_2,top,frame_000072,,,unassigned,good,/home/sb/Harting_Inspection/data/raw/harting_Han64_EEE-M-C-allSides-2/harting_Han64_EEE-M-C-Top
21b750caad1f0ade,/home/sb/Harting_Inspection/data/raw/harting_Han64_EEE-M-C-allSides-2/harting_Han64_EEE-M-C-Top/frame_000073.jpg,harting_han64_eee_m_c_allsides_2,top,frame_000073,,,unassigned,good,/home/sb/Harting_Inspection/data/raw/harting_Han64_EEE-M-C-allSides-2/harting_Han64_EEE-M-C-Top
aa37b40ae6a76905,/home/sb/Harting_Inspection/data/raw/harting_Han64_EEE-M-C-allSides-2/harting_Han64_EEE-M-C-Top/frame_000074.jpg,harting_han64_eee_m_c_allsides_2,top,frame_000074,,,unassigned,good,/home/sb/Harting_Inspection/data/raw/harting_Han64_EEE-M-C-allSides-2/harting_Han64_EEE-M-C-Top
9e1de26c38cdb167,/home/sb/Harting_Inspection/data/raw/harting_Han64_EEE-M-C-allSides-2/harting_Han64_EEE-M-C-Top/frame_000075.jpg,harting_han64_eee_m_c_allsides_2,top,frame_000075,,,unassigned,good,/home/sb/Harting_Inspection/data/raw/harting_Han64_EEE-M-C-allSides-2/harting_Han64_EEE-M-C-Top
86b6703d70ee5329,/home/sb/Harting_Inspection/data/raw/harting_Han64_EEE-M-C-allSides-2/harting_Han64_EEE-M-C-Top/frame_000076.jpg,harting_han64_eee_m_c_allsides_2,top,frame_000076,,,unassigned,good,/home/sb/Harting_Inspection/data/raw/harting_Han64_EEE-M-C-allSides-2/harting_Han64_EEE-M-C-Top
fd59454094a2dc18,/home/sb/Harting_Inspection/data/raw/harting_Han64_EEE-M-C-allSides-2/harting_Han64_EEE-M-C-Top/frame_000077.jpg,harting_han64_eee_m_c_allsides_2,top,frame_000077,,,unassigned,good,/home/sb/Harting_Inspection/data/raw/harting_Han64_EEE-M-C-allSides-2/harting_Han64_EEE-M-C-Top
8982fe67a3e8a3ea,/home/sb/Harting_Inspection/data/raw/harting_Han64_EEE-M-C-allSides-2/harting_Han64_EEE-M-C-Top/frame_000078.jpg,harting_han64_eee_m_c_allsides_2,top,frame_000078,,,unassigned,good,/home/sb/Harting_Inspection/data/raw/harting_Han64_EEE-M-C-allSides-2/harting_Han64_EEE-M-C-Top
cce97ca4f3c44c46,/home/sb/Harting_Inspection/data/raw/harting_Han64_EEE-M-C-allSides-2/harting_Han64_EEE-M-C-Top/frame_000079.jpg,harting_han64_eee_m_c_allsides_2,top,frame_000079,,,unassigned,good,/home/sb/Harting_Inspection/data/raw/harting_Han64_EEE-M-C-allSides-2/harting_Han64_EEE-M-C-Top
a692646ab7bdf013,/home/sb/Harting_Inspection/data/raw/harting_Han64_EEE-M-C-allSides-2/harting_Han64_EEE-M-C-Top/frame_000080.jpg,harting_han64_eee_m_c_allsides_2,top,frame_000080,,,unassigned,good,/home/sb/Harting_Inspection/data/raw/harting_Han64_EEE-M-C-allSides-2/harting_Han64_EEE-M-C-Top
b1804e3f31301d40,/home/sb/Harting_Inspection/data/raw/harting_Han64_EEE-M-C-allSides-2/harting_Han64_EEE-M-C-Top/frame_000081.jpg,harting_han64_eee_m_c_allsides_2,top,frame_000081,,,unassigned,good,/home/sb/Harting_Inspection/data/raw/harting_Han64_EEE-M-C-allSides-2/harting_Han64_EEE-M-C-Top
895aa8cbdeb505ae,/home/sb/Harting_Inspection/data/raw/harting_Han64_EEE-M-C-allSides-2/harting_Han64_EEE-M-C-Top/frame_000082.jpg,harting_han64_eee_m_c_allsides_2,top,frame_000082,,,unassigned,good,/home/sb/Harting_Inspection/data/raw/harting_Han64_EEE-M-C-allSides-2/harting_Han64_EEE-M-C-Top
bdd31704ae1ea657,/home/sb/Harting_Inspection/data/raw/harting_Han64_EEE-M-C-allSides-2/harting_Han64_EEE-M-C-Top/frame_000083.jpg,harting_han64_eee_m_c_allsides_2,top,frame_000083,,,unassigned,good,/home/sb/Harting_Inspection/data/raw/harting_Han64_EEE-M-C-allSides-2/harting_Han64_EEE-M-C-Top
44c538e70c9fb11c,/home/sb/Harting_Inspection/data/raw/harting_Han64_EEE-M-C-allSides-2/harting_Han64_EEE-M-C-Top/frame_000084.jpg,harting_han64_eee_m_c_allsides_2,top,frame_000084,,,unassigned,good,/home/sb/Harting_Inspection/data/raw/harting_Han64_EEE-M-C-allSides-2/harting_Han64_EEE-M-C-Top
e9181e101dec0313,/home/sb/Harting_Inspection/data/raw/harting_Han64_EEE-M-C-allSides-2/harting_Han64_EEE-M-C-Top/frame_000085.jpg,harting_han64_eee_m_c_allsides_2,top,frame_000085,,,unassigned,good,/home/sb/Harting_Inspection/data/raw/harting_Han64_EEE-M-C-allSides-2/harting_Han64_EEE-M-C-Top
736a259003c950f5,/home/sb/Harting_Inspection/data/raw/harting_Han64_EEE-M-C-allSides-2/harting_Han64_EEE-M-C-Top/frame_000086.jpg,harting_han64_eee_m_c_allsides_2,top,frame_000086,,,unassigned,good,/home/sb/Harting_Inspection/data/raw/harting_Han64_EEE-M-C-allSides-2/harting_Han64_EEE-M-C-Top
a31f390eac7cdfcd,/home/sb/Harting_Inspection/data/raw/harting_Han64_EEE-M-C-allSides-2/harting_Han64_EEE-M-C-Top/frame_000087.jpg,harting_han64_eee_m_c_allsides_2,top,frame_000087,,,unassigned,good,/home/sb/Harting_Inspection/data/raw/harting_Han64_EEE-M-C-allSides-2/harting_Han64_EEE-M-C-Top
a703b508366ca3eb,/home/sb/Harting_Inspection/data/raw/harting_Han64_EEE-M-C-allSides-2/harting_Han64_EEE-M-C-Top/frame_000088.jpg,harting_han64_eee_m_c_allsides_2,top,frame_000088,,,unassigned,good,/home/sb/Harting_Inspection/data/raw/harting_Han64_EEE-M-C-allSides-2/harting_Han64_EEE-M-C-Top
8fc8cad49672649d,/home/sb/Harting_Inspection/data/raw/harting_Han64_EEE-M-C-allSides-2/harting_Han64_EEE-M-C-Top/frame_000089.jpg,harting_han64_eee_m_c_allsides_2,top,frame_000089,,,unassigned,good,/home/sb/Harting_Inspection/data/raw/harting_Han64_EEE-M-C-allSides-2/harting_Han64_EEE-M-C-Top
36e636c3639948e1,/home/sb/Harting_Inspection/data/raw/harting_Han64_EEE-M-C-allSides-2/harting_Han64_EEE-M-C-Top/frame_000090.jpg,harting_han64_eee_m_c_allsides_2,top,frame_000090,,,unassigned,good,/home/sb/Harting_Inspection/data/raw/harting_Han64_EEE-M-C-allSides-2/harting_Han64_EEE-M-C-Top
d17fb415f1ae559d,/home/sb/Harting_Inspection/data/raw/harting_Han64_EEE-M-C-allSides-2/harting_Han64_EEE-M-C-Top/frame_000091.jpg,harting_han64_eee_m_c_allsides_2,top,frame_000091,,,unassigned,good,/home/sb/Harting_Inspection/data/raw/harting_Han64_EEE-M-C-allSides-2/harting_Han64_EEE-M-C-Top
77922f605d01fdca,/home/sb/Harting_Inspection/data/raw/harting_Han64_EEE-M-C-allSides-2/harting_Han64_EEE-M-C-Top/frame_000092.jpg,harting_han64_eee_m_c_allsides_2,top,frame_000092,,,unassigned,good,/home/sb/Harting_Inspection/data/raw/harting_Han64_EEE-M-C-allSides-2/harting_Han64_EEE-M-C-Top
4d60a56693ea9a09,/home/sb/Harting_Inspection/data/raw/harting_Han64_EEE-M-C-allSides-2/harting_Han64_EEE-M-C-Top/frame_000093.jpg,harting_han64_eee_m_c_allsides_2,top,frame_000093,,,unassigned,good,/home/sb/Harting_Inspection/data/raw/harting_Han64_EEE-M-C-allSides-2/harting_Han64_EEE-M-C-Top
08ebcbf5e2cda82a,/home/sb/Harting_Inspection/data/raw/harting_Han64_EEE-M-C-allSides-2/harting_Han64_EEE-M-C-Top/frame_000094.jpg,harting_han64_eee_m_c_allsides_2,top,frame_000094,,,unassigned,good,/home/sb/Harting_Inspection/data/raw/harting_Han64_EEE-M-C-allSides-2/harting_Han64_EEE-M-C-Top
5d6e6960c21b3820,/home/sb/Harting_Inspection/data/raw/harting_Han64_EEE-M-C-allSides-2/harting_Han64_EEE-M-C-Top/frame_000095.jpg,harting_han64_eee_m_c_allsides_2,top,frame_000095,,,unassigned,good,/home/sb/Harting_Inspection/data/raw/harting_Han64_EEE-M-C-allSides-2/harting_Han64_EEE-M-C-Top
24261735be2ab87a,/home/sb/Harting_Inspection/data/raw/harting_Han64_EEE-M-C-allSides-2/harting_Han64_EEE-M-C-Top/frame_000096.jpg,harting_han64_eee_m_c_allsides_2,top,frame_000096,,,unassigned,good,/home/sb/Harting_Inspection/data/raw/harting_Han64_EEE-M-C-allSides-2/harting_Han64_EEE-M-C-Top
ce40ac2d54309407,/home/sb/Harting_Inspection/data/raw/harting_Han64_EEE-M-C-allSides-2/harting_Han64_EEE-M-C-Top/frame_000097.jpg,harting_han64_eee_m_c_allsides_2,top,frame_000097,,,unassigned,good,/home/sb/Harting_Inspection/data/raw/harting_Han64_EEE-M-C-allSides-2/harting_Han64_EEE-M-C-Top
3b911e2711713e50,/home/sb/Harting_Inspection/data/raw/harting_Han64_EEE-M-C-allSides-2/harting_Han64_EEE-M-C-Top/frame_000098.jpg,harting_han64_eee_m_c_allsides_2,top,frame_000098,,,unassigned,good,/home/sb/Harting_Inspection/data/raw/harting_Han64_EEE-M-C-allSides-2/harting_Han64_EEE-M-C-Top
67dc2da1989ff655,/home/sb/Harting_Inspection/data/raw/harting_Han64_EEE-M-C-allSides-2/harting_Han64_EEE-M-C-Top/frame_000099.jpg,harting_han64_eee_m_c_allsides_2,top,frame_000099,,,unassigned,good,/home/sb/Harting_Inspection/data/raw/harting_Han64_EEE-M-C-allSides-2/harting_Han64_EEE-M-C-Top
a1c0182bad418d3b,/home/sb/Harting_Inspection/data/raw/harting_Han64_EEE-M-C-allSides-2/harting_Han64_EEE-M-C-Top/frame_000100.jpg,harting_han64_eee_m_c_allsides_2,top,frame_000100,,,unassigned,good,/home/sb/Harting_Inspection/data/raw/harting_Han64_EEE-M-C-allSides-2/harting_Han64_EEE-M-C-Top
7d92f96b51f01a2f,/home/sb/Harting_Inspection/data/raw/harting_Han64_EEE-M-C-allSides-2/harting_Han64_EEE-M-C-Top/frame_000101.jpg,harting_han64_eee_m_c_allsides_2,top,frame_000101,,,unassigned,good,/home/sb/Harting_Inspection/data/raw/harting_Han64_EEE-M-C-allSides-2/harting_Han64_EEE-M-C-Top
524a715ada5bbf05,/home/sb/Harting_Inspection/data/raw/harting_Han64_EEE-M-C-allSides-2/harting_Han64_EEE-M-C-Top/frame_000102.jpg,harting_han64_eee_m_c_allsides_2,top,frame_000102,,,unassigned,good,/home/sb/Harting_Inspection/data/raw/harting_Han64_EEE-M-C-allSides-2/harting_Han64_EEE-M-C-Top
6a3472eb87fd081c,/home/sb/Harting_Inspection/data/raw/harting_Han64_EEE-M-C-allSides-2/harting_Han64_EEE-M-C-Top/frame_000103.jpg,harting_han64_eee_m_c_allsides_2,top,frame_000103,,,unassigned,good,/home/sb/Harting_Inspection/data/raw/harting_Han64_EEE-M-C-allSides-2/harting_Han64_EEE-M-C-Top
3d4a53e8fc63f48c,/home/sb/Harting_Inspection/data/raw/harting_Han64_EEE-M-C-allSides-2/harting_Han64_EEE-M-C-Top/frame_000104.jpg,harting_han64_eee_m_c_allsides_2,top,frame_000104,,,unassigned,good,/home/sb/Harting_Inspection/data/raw/harting_Han64_EEE-M-C-allSides-2/harting_Han64_EEE-M-C-Top
f7fad9e2ec6d3c5f,/home/sb/Harting_Inspection/data/raw/harting_Han64_EEE-M-C-allSides-2/harting_Han64_EEE-M-C-Top/frame_000105.jpg,harting_han64_eee_m_c_allsides_2,top,frame_000105,,,unassigned,good,/home/sb/Harting_Inspection/data/raw/harting_Han64_EEE-M-C-allSides-2/harting_Han64_EEE-M-C-Top
7e319b82be0ca315,/home/sb/Harting_Inspection/data/raw/harting_Han64_EEE-M-C-allSides-2/harting_Han64_EEE-M-C-Top/frame_000106.jpg,harting_han64_eee_m_c_allsides_2,top,frame_000106,,,unassigned,good,/home/sb/Harting_Inspection/data/raw/harting_Han64_EEE-M-C-allSides-2/harting_Han64_EEE-M-C-Top
20a64cc39e5ece58,/home/sb/Harting_Inspection/data/raw/harting_Han64_EEE-M-C-allSides-2/harting_Han64_EEE-M-C-Top/frame_000107.jpg,harting_han64_eee_m_c_allsides_2,top,frame_000107,,,unassigned,good,/home/sb/Harting_Inspection/data/raw/harting_Han64_EEE-M-C-allSides-2/harting_Han64_EEE-M-C-Top
f9a4e4462b0f20e8,/home/sb/Harting_Inspection/data/raw/harting_Han64_EEE-M-C-allSides-2/harting_Han64_EEE-M-C-Top/frame_000108.jpg,harting_han64_eee_m_c_allsides_2,top,frame_000108,,,unassigned,good,/home/sb/Harting_Inspection/data/raw/harting_Han64_EEE-M-C-allSides-2/harting_Han64_EEE-M-C-Top
f60cfe014681a838,/home/sb/Harting_Inspection/data/raw/harting_Han64_EEE-M-C-allSides-2/harting_Han64_EEE-M-C-Top/frame_000109.jpg,harting_han64_eee_m_c_allsides_2,top,frame_000109,,,unassigned,good,/home/sb/Harting_Inspection/data/raw/harting_Han64_EEE-M-C-allSides-2/harting_Han64_EEE-M-C-Top
0567080bda53b420,/home/sb/Harting_Inspection/data/raw/harting_Han64_EEE-M-C-allSides-2/harting_Han64_EEE-M-C-Top/frame_000110.jpg,harting_han64_eee_m_c_allsides_2,top,frame_000110,,,unassigned,good,/home/sb/Harting_Inspection/data/raw/harting_Han64_EEE-M-C-allSides-2/harting_Han64_EEE-M-C-Top
787e4eea6bc8a69f,/home/sb/Harting_Inspection/data/raw/harting_Han64_EEE-M-C-allSides-2/harting_Han64_EEE-M-C-Top/frame_000111.jpg,harting_han64_eee_m_c_allsides_2,top,frame_000111,,,unassigned,good,/home/sb/Harting_Inspection/data/raw/harting_Han64_EEE-M-C-allSides-2/harting_Han64_EEE-M-C-Top
84523ec5f6d47cef,/home/sb/Harting_Inspection/data/raw/harting_Han64_EEE-M-C-allSides-2/harting_Han64_EEE-M-C-Top/frame_000112.jpg,harting_han64_eee_m_c_allsides_2,top,frame_000112,,,unassigned,good,/home/sb/Harting_Inspection/data/raw/harting_Han64_EEE-M-C-allSides-2/harting_Han64_EEE-M-C-Top
d7189a9aae08d6d7,/home/sb/Harting_Inspection/data/raw/harting_Han64_EEE-M-C-allSides-2/harting_Han64_EEE-M-C-Top/frame_000113.jpg,harting_han64_eee_m_c_allsides_2,top,frame_000113,,,unassigned,good,/home/sb/Harting_Inspection/data/raw/harting_Han64_EEE-M-C-allSides-2/harting_Han64_EEE-M-C-Top
cd73890f6d6154dc,/home/sb/Harting_Inspection/data/raw/harting_Han64_EEE-M-C-allSides-2/harting_Han64_EEE-M-C-Top/frame_000114.jpg,harting_han64_eee_m_c_allsides_2,top,frame_000114,,,unassigned,good,/home/sb/Harting_Inspection/data/raw/harting_Han64_EEE-M-C-allSides-2/harting_Han64_EEE-M-C-Top
1b0170f22407a1a1,/home/sb/Harting_Inspection/data/raw/harting_Han64_EEE-M-C-allSides-2/harting_Han64_EEE-M-C-Top/frame_000115.jpg,harting_han64_eee_m_c_allsides_2,top,frame_000115,,,unassigned,good,/home/sb/Harting_Inspection/data/raw/harting_Han64_EEE-M-C-allSides-2/harting_Han64_EEE-M-C-Top
502f48e82aa9892b,/home/sb/Harting_Inspection/data/raw/harting_Han64_EEE-M-C-allSides-2/harting_Han64_EEE-M-C-Top/frame_000116.jpg,harting_han64_eee_m_c_allsides_2,top,frame_000116,,,unassigned,good,/home/sb/Harting_Inspection/data/raw/harting_Han64_EEE-M-C-allSides-2/harting_Han64_EEE-M-C-Top
bf9ecedb57387ae4,/home/sb/Harting_Inspection/data/raw/harting_Han64_EEE-M-C-allSides-2/harting_Han64_EEE-M-C-Top/frame_000117.jpg,harting_han64_eee_m_c_allsides_2,top,frame_000117,,,unassigned,good,/home/sb/Harting_Inspection/data/raw/harting_Han64_EEE-M-C-allSides-2/harting_Han64_EEE-M-C-Top
5942bd7950f94b86,/home/sb/Harting_Inspection/data/raw/harting_Han64_EEE-M-C-allSides-2/harting_Han64_EEE-M-C-Top/frame_000118.jpg,harting_han64_eee_m_c_allsides_2,top,frame_000118,,,unassigned,good,/home/sb/Harting_Inspection/data/raw/harting_Han64_EEE-M-C-allSides-2/harting_Han64_EEE-M-C-Top
0cc14e4d3aa7f1c9,/home/sb/Harting_Inspection/data/raw/harting_Han64_EEE-M-C-allSides-2/harting_Han64_EEE-M-C-Top/frame_000119.jpg,harting_han64_eee_m_c_allsides_2,top,frame_000119,,,unassigned,good,/home/sb/Harting_Inspection/data/raw/harting_Han64_EEE-M-C-allSides-2/harting_Han64_EEE-M-C-Top
2deb2310e6af19e3,/home/sb/Harting_Inspection/data/raw/harting_Han64_EEE-M-C-allSides-2/harting_Han64_EEE-M-C-Top/frame_000120.jpg,harting_han64_eee_m_c_allsides_2,top,frame_000120,,,unassigned,good,/home/sb/Harting_Inspection/data/raw/harting_Han64_EEE-M-C-allSides-2/harting_Han64_EEE-M-C-Top
fa83db64a6bb6f77,/home/sb/Harting_Inspection/data/raw/harting_Han64_EEE-M-C-allSides-2/harting_Han64_EEE-M-C-Top/frame_000121.jpg,harting_han64_eee_m_c_allsides_2,top,frame_000121,,,unassigned,good,/home/sb/Harting_Inspection/data/raw/harting_Han64_EEE-M-C-allSides-2/harting_Han64_EEE-M-C-Top
34c6eb54bf550f2a,/home/sb/Harting_Inspection/data/raw/harting_Han64_EEE-M-C-allSides-2/harting_Han64_EEE-M-C-Top/frame_000122.jpg,harting_han64_eee_m_c_allsides_2,top,frame_000122,,,unassigned,good,/home/sb/Harting_Inspection/data/raw/harting_Han64_EEE-M-C-allSides-2/harting_Han64_EEE-M-C-Top
589330df94453587,/home/sb/Harting_Inspection/data/raw/harting_Han64_EEE-M-C-allSides-2/harting_Han64_EEE-M-C-Top/frame_000123.jpg,harting_han64_eee_m_c_allsides_2,top,frame_000123,,,unassigned,good,/home/sb/Harting_Inspection/data/raw/harting_Han64_EEE-M-C-allSides-2/harting_Han64_EEE-M-C-Top
83b29fa428f5cc98,/home/sb/Harting_Inspection/data/raw/harting_Han64_EEE-M-C-allSides-2/harting_Han64_EEE-M-C-Top/frame_000124.jpg,harting_han64_eee_m_c_allsides_2,top,frame_000124,,,unassigned,good,/home/sb/Harting_Inspection/data/raw/harting_Han64_EEE-M-C-allSides-2/harting_Han64_EEE-M-C-Top
87ea0329bbb84455,/home/sb/Harting_Inspection/data/raw/harting_Han64_EEE-M-C-allSides-2/harting_Han64_EEE-M-C-Top/frame_000125.jpg,harting_han64_eee_m_c_allsides_2,top,frame_000125,,,unassigned,good,/home/sb/Harting_Inspection/data/raw/harting_Han64_EEE-M-C-allSides-2/harting_Han64_EEE-M-C-Top
83543e4d04cb24da,/home/sb/Harting_Inspection/data/raw/harting_Han64_EEE-M-C-allSides-2/harting_Han64_EEE-M-C-Top/frame_000126.jpg,harting_han64_eee_m_c_allsides_2,top,frame_000126,,,unassigned,good,/home/sb/Harting_Inspection/data/raw/harting_Han64_EEE-M-C-allSides-2/harting_Han64_EEE-M-C-Top
684d2d6816876300,/home/sb/Harting_Inspection/data/raw/harting_Han64_EEE-M-C-allSides-2/harting_Han64_EEE-M-C-Top/frame_000127.jpg,harting_han64_eee_m_c_allsides_2,top,frame_000127,,,unassigned,good,/home/sb/Harting_Inspection/data/raw/harting_Han64_EEE-M-C-allSides-2/harting_Han64_EEE-M-C-Top
75543f0f460c3411,/home/sb/Harting_Inspection/data/raw/harting_Han64_EEE-M-C-allSides-2/harting_Han64_EEE-M-C-Top/frame_000128.jpg,harting_han64_eee_m_c_allsides_2,top,frame_000128,,,unassigned,good,/home/sb/Harting_Inspection/data/raw/harting_Han64_EEE-M-C-allSides-2/harting_Han64_EEE-M-C-Top
259a2c6324eb408b,/home/sb/Harting_Inspection/data/raw/harting_Han64_EEE-M-C-allSides-2/harting_Han64_EEE-M-C-Top/frame_000129.jpg,harting_han64_eee_m_c_allsides_2,top,frame_000129,,,unassigned,good,/home/sb/Harting_Inspection/data/raw/harting_Han64_EEE-M-C-allSides-2/harting_Han64_EEE-M-C-Top
0321589c3592ef0c,/home/sb/Harting_Inspection/data/raw/harting_Han64_EEE-M-C-allSides-2/harting_Han64_EEE-M-C-Top/frame_000130.jpg,harting_han64_eee_m_c_allsides_2,top,frame_000130,,,unassigned,good,/home/sb/Harting_Inspection/data/raw/harting_Han64_EEE-M-C-allSides-2/harting_Han64_EEE-M-C-Top
07c842a6e251d3bc,/home/sb/Harting_Inspection/data/raw/harting_Han64_EEE-M-C-allSides-2/harting_Han64_EEE-M-C-Top/frame_000131.jpg,harting_han64_eee_m_c_allsides_2,top,frame_000131,,,unassigned,good,/home/sb/Harting_Inspection/data/raw/harting_Han64_EEE-M-C-allSides-2/harting_Han64_EEE-M-C-Top
da7b63aa4f2f6776,/home/sb/Harting_Inspection/data/raw/harting_Han64_EEE-M-C-allSides-2/harting_Han64_EEE-M-C-Top/frame_000132.jpg,harting_han64_eee_m_c_allsides_2,top,frame_000132,,,unassigned,good,/home/sb/Harting_Inspection/data/raw/harting_Han64_EEE-M-C-allSides-2/harting_Han64_EEE-M-C-Top
75fc488df6168b28,/home/sb/Harting_Inspection/data/raw/harting_Han64_EEE-M-C-allSides-2/harting_Han64_EEE-M-C-Top/frame_000133.jpg,harting_han64_eee_m_c_allsides_2,top,frame_000133,,,unassigned,good,/home/sb/Harting_Inspection/data/raw/harting_Han64_EEE-M-C-allSides-2/harting_Han64_EEE-M-C-Top
051cfea9c5f58da3,/home/sb/Harting_Inspection/data/raw/harting_Han64_EEE-M-C-allSides-2/harting_Han64_EEE-M-C-Top/frame_000134.jpg,harting_han64_eee_m_c_allsides_2,top,frame_000134,,,unassigned,good,/home/sb/Harting_Inspection/data/raw/harting_Han64_EEE-M-C-allSides-2/harting_Han64_EEE-M-C-Top
1f81632348d395b3,/home/sb/Harting_Inspection/data/raw/harting_Han64_EEE-M-C-allSides-2/harting_Han64_EEE-M-C-Top/frame_000135.jpg,harting_han64_eee_m_c_allsides_2,top,frame_000135,,,unassigned,good,/home/sb/Harting_Inspection/data/raw/harting_Han64_EEE-M-C-allSides-2/harting_Han64_EEE-M-C-Top
7f6125b590631ecd,/home/sb/Harting_Inspection/data/raw/harting_Han64_EEE-M-C-allSides-2/harting_Han64_EEE-M-C-Top/frame_000136.jpg,harting_han64_eee_m_c_allsides_2,top,frame_000136,,,unassigned,good,/home/sb/Harting_Inspection/data/raw/harting_Han64_EEE-M-C-allSides-2/harting_Han64_EEE-M-C-Top
d3f45e8212939322,/home/sb/Harting_Inspection/data/raw/harting_Han64_EEE-M-C-allSides-2/harting_Han64_EEE-M-C-Top/frame_000137.jpg,harting_han64_eee_m_c_allsides_2,top,frame_000137,,,unassigned,good,/home/sb/Harting_Inspection/data/raw/harting_Han64_EEE-M-C-allSides-2/harting_Han64_EEE-M-C-Top
1287096c6a1b6153,/home/sb/Harting_Inspection/data/raw/harting_Han64_EEE-M-C-allSides-2/harting_Han64_EEE-M-C-Top/frame_000138.jpg,harting_han64_eee_m_c_allsides_2,top,frame_000138,,,unassigned,good,/home/sb/Harting_Inspection/data/raw/harting_Han64_EEE-M-C-allSides-2/harting_Han64_EEE-M-C-Top
5d750a10bf80b36d,/home/sb/Harting_Inspection/data/raw/harting_Han64_EEE-M-C-allSides-2/harting_Han64_EEE-M-C-Top/frame_000139.jpg,harting_han64_eee_m_c_allsides_2,top,frame_000139,,,unassigned,good,/home/sb/Harting_Inspection/data/raw/harting_Han64_EEE-M-C-allSides-2/harting_Han64_EEE-M-C-Top
a1a83824ff460036,/home/sb/Harting_Inspection/data/raw/harting_Han64_EEE-M-C-allSides-2/harting_Han64_EEE-M-C-Top/frame_000140.jpg,harting_han64_eee_m_c_allsides_2,top,frame_000140,,,unassigned,good,/home/sb/Harting_Inspection/data/raw/harting_Han64_EEE-M-C-allSides-2/harting_Han64_EEE-M-C-Top
9f90f8eb92c6ac49,/home/sb/Harting_Inspection/data/raw/harting_Han64_EEE-M-C-allSides-2/harting_Han64_EEE-M-C-Top/frame_000141.jpg,harting_han64_eee_m_c_allsides_2,top,frame_000141,,,unassigned,good,/home/sb/Harting_Inspection/data/raw/harting_Han64_EEE-M-C-allSides-2/harting_Han64_EEE-M-C-Top
2ae514af1b181d07,/home/sb/Harting_Inspection/data/raw/harting_Han64_EEE-M-C-allSides-2/harting_Han64_EEE-M-C-Top/frame_000142.jpg,harting_han64_eee_m_c_allsides_2,top,frame_000142,,,unassigned,good,/home/sb/Harting_Inspection/data/raw/harting_Han64_EEE-M-C-allSides-2/harting_Han64_EEE-M-C-Top
f5732163cebd2870,/home/sb/Harting_Inspection/data/raw/harting_Han64_EEE-M-C-allSides-2/harting_Han64_EEE-M-C-Top/frame_000143.jpg,harting_han64_eee_m_c_allsides_2,top,frame_000143,,,unassigned,good,/home/sb/Harting_Inspection/data/raw/harting_Han64_EEE-M-C-allSides-2/harting_Han64_EEE-M-C-Top
3b1d92a74474a0d7,/home/sb/Harting_Inspection/data/raw/harting_Han64_EEE-M-C-allSides-2/harting_Han64_EEE-M-C-Top/frame_000144.jpg,harting_han64_eee_m_c_allsides_2,top,frame_000144,,,unassigned,good,/home/sb/Harting_Inspection/data/raw/harting_Han64_EEE-M-C-allSides-2/harting_Han64_EEE-M-C-Top
0a73a3f59602d929,/home/sb/Harting_Inspection/data/raw/harting_Han64_EEE-M-C-allSides-2/harting_Han64_EEE-M-C-Top/frame_000145.jpg,harting_han64_eee_m_c_allsides_2,top,frame_000145,,,unassigned,good,/home/sb/Harting_Inspection/data/raw/harting_Han64_EEE-M-C-allSides-2/harting_Han64_EEE-M-C-Top
38c1794203d78513,/home/sb/Harting_Inspection/data/raw/harting_Han64_EEE-M-C-allSides-2/harting_Han64_EEE-M-C-Top/frame_000146.jpg,harting_han64_eee_m_c_allsides_2,top,frame_000146,,,unassigned,good,/home/sb/Harting_Inspection/data/raw/harting_Han64_EEE-M-C-allSides-2/harting_Han64_EEE-M-C-Top
23c6cc76c205ac48,/home/sb/Harting_Inspection/data/raw/harting_Han64_EEE-M-C-allSides-2/harting_Han64_EEE-M-C-Top/frame_000147.jpg,harting_han64_eee_m_c_allsides_2,top,frame_000147,,,unassigned,good,/home/sb/Harting_Inspection/data/raw/harting_Han64_EEE-M-C-allSides-2/harting_Han64_EEE-M-C-Top
9d4fc0f161235a60,/home/sb/Harting_Inspection/data/raw/harting_Han64_EEE-M-C-allSides-2/harting_Han64_EEE-M-C-Top/frame_000148.jpg,harting_han64_eee_m_c_allsides_2,top,frame_000148,,,unassigned,good,/home/sb/Harting_Inspection/data/raw/harting_Han64_EEE-M-C-allSides-2/harting_Han64_EEE-M-C-Top
8084bb27c0cf7b60,/home/sb/Harting_Inspection/data/raw/harting_Han64_EEE-M-C-allSides-2/harting_Han64_EEE-M-C-Top/frame_000149.jpg,harting_han64_eee_m_c_allsides_2,top,frame_000149,,,unassigned,good,/home/sb/Harting_Inspection/data/raw/harting_Han64_EEE-M-C-allSides-2/harting_Han64_EEE-M-C-Top
da0319c8bcf8d119,/home/sb/Harting_Inspection/data/raw/harting_Han64_EEE-M-C-allSides-2/harting_Han64_EEE-M-C-Top/frame_000150.jpg,harting_han64_eee_m_c_allsides_2,top,frame_000150,,,unassigned,good,/home/sb/Harting_Inspection/data/raw/harting_Han64_EEE-M-C-allSides-2/harting_Han64_EEE-M-C-Top
43c31e48fc4d2883,/home/sb/Harting_Inspection/data/raw/harting_Han64_EEE-M-C-allSides-2/harting_Han64_EEE-M-C-Top/frame_000151.jpg,harting_han64_eee_m_c_allsides_2,top,frame_000151,,,unassigned,good,/home/sb/Harting_Inspection/data/raw/harting_Han64_EEE-M-C-allSides-2/harting_Han64_EEE-M-C-Top
32e539729f2398da,/home/sb/Harting_Inspection/data/raw/harting_Han64_EEE-M-C-allSides-2/harting_Han64_EEE-M-C-Top/frame_000152.jpg,harting_han64_eee_m_c_allsides_2,top,frame_000152,,,unassigned,good,/home/sb/Harting_Inspection/data/raw/harting_Han64_EEE-M-C-allSides-2/harting_Han64_EEE-M-C-Top
b064461412638c48,/home/sb/Harting_Inspection/data/raw/harting_Han64_EEE-M-C-allSides-2/harting_Han64_EEE-M-C-Top/frame_000153.jpg,harting_han64_eee_m_c_allsides_2,top,frame_000153,,,unassigned,good,/home/sb/Harting_Inspection/data/raw/harting_Han64_EEE-M-C-allSides-2/harting_Han64_EEE-M-C-Top
a1e7721f68a516cb,/home/sb/Harting_Inspection/data/raw/harting_Han64_EEE-M-C-allSides-2/harting_Han64_EEE-M-C-Top/frame_000154.jpg,harting_han64_eee_m_c_allsides_2,top,frame_000154,,,unassigned,good,/home/sb/Harting_Inspection/data/raw/harting_Han64_EEE-M-C-allSides-2/harting_Han64_EEE-M-C-Top
ad1735f52bbc2f77,/home/sb/Harting_Inspection/data/raw/harting_Han64_EEE-M-C-allSides-2/harting_Han64_EEE-M-C-Top/frame_000155.jpg,harting_han64_eee_m_c_allsides_2,top,frame_000155,,,unassigned,good,/home/sb/Harting_Inspection/data/raw/harting_Han64_EEE-M-C-allSides-2/harting_Han64_EEE-M-C-Top
3adf5150d93287f0,/home/sb/Harting_Inspection/data/raw/harting_Han64_EEE-M-C-allSides-2/harting_Han64_EEE-M-C-Top/frame_000156.jpg,harting_han64_eee_m_c_allsides_2,top,frame_000156,,,unassigned,good,/home/sb/Harting_Inspection/data/raw/harting_Han64_EEE-M-C-allSides-2/harting_Han64_EEE-M-C-Top
15c8efb8dd3ace95,/home/sb/Harting_Inspection/data/raw/harting_Han64_EEE-M-C-allSides-2/harting_Han64_EEE-M-C-Top/frame_000157.jpg,harting_han64_eee_m_c_allsides_2,top,frame_000157,,,unassigned,good,/home/sb/Harting_Inspection/data/raw/harting_Han64_EEE-M-C-allSides-2/harting_Han64_EEE-M-C-Top
8c68930f69e9e6a7,/home/sb/Harting_Inspection/data/raw/harting_Han64_EEE-M-C-allSides-2/harting_Han64_EEE-M-C-Top/frame_000158.jpg,harting_han64_eee_m_c_allsides_2,top,frame_000158,,,unassigned,good,/home/sb/Harting_Inspection/data/raw/harting_Han64_EEE-M-C-allSides-2/harting_Han64_EEE-M-C-Top
868b2df2e05d3c17,/home/sb/Harting_Inspection/data/raw/harting_Han64_EEE-M-C-allSides-2/harting_Han64_EEE-M-C-Top/frame_000159.jpg,harting_han64_eee_m_c_allsides_2,top,frame_000159,,,unassigned,good,/home/sb/Harting_Inspection/data/raw/harting_Han64_EEE-M-C-allSides-2/harting_Han64_EEE-M-C-Top
3afc03f14af64e77,/home/sb/Harting_Inspection/data/raw/harting_Han64_EEE-M-C-allSides-2/harting_Han64_EEE-M-C-Top/frame_000160.jpg,harting_han64_eee_m_c_allsides_2,top,frame_000160,,,unassigned,good,/home/sb/Harting_Inspection/data/raw/harting_Han64_EEE-M-C-allSides-2/harting_Han64_EEE-M-C-Top
bdea8be564326eff,/home/sb/Harting_Inspection/data/raw/harting_Han64_EEE-M-C-allSides-2/harting_Han64_EEE-M-C-Top/frame_000161.jpg,harting_han64_eee_m_c_allsides_2,top,frame_000161,,,unassigned,good,/home/sb/Harting_Inspection/data/raw/harting_Han64_EEE-M-C-allSides-2/harting_Han64_EEE-M-C-Top
1520051db33db96e,/home/sb/Harting_Inspection/data/raw/harting_Han64_EEE-M-C-allSides-2/harting_Han64_EEE-M-C-Top/frame_000162.jpg,harting_han64_eee_m_c_allsides_2,top,frame_000162,,,unassigned,good,/home/sb/Harting_Inspection/data/raw/harting_Han64_EEE-M-C-allSides-2/harting_Han64_EEE-M-C-Top
9f2b4201c5520d79,/home/sb/Harting_Inspection/data/raw/harting_Han64_EEE-M-C-allSides-2/harting_Han64_EEE-M-C-Top/frame_000163.jpg,harting_han64_eee_m_c_allsides_2,top,frame_000163,,,unassigned,good,/home/sb/Harting_Inspection/data/raw/harting_Han64_EEE-M-C-allSides-2/harting_Han64_EEE-M-C-Top
295b1078c98a2634,/home/sb/Harting_Inspection/data/raw/harting_Han64_EEE-M-C-allSides-2/harting_Han64_EEE-M-C-Top/frame_000164.jpg,harting_han64_eee_m_c_allsides_2,top,frame_000164,,,unassigned,good,/home/sb/Harting_Inspection/data/raw/harting_Han64_EEE-M-C-allSides-2/harting_Han64_EEE-M-C-Top
1d210e2264283a0d,/home/sb/Harting_Inspection/data/raw/harting_Han64_EEE-M-C-allSides-2/harting_Han64_EEE-M-C-Top/frame_000165.jpg,harting_han64_eee_m_c_allsides_2,top,frame_000165,,,unassigned,good,/home/sb/Harting_Inspection/data/raw/harting_Han64_EEE-M-C-allSides-2/harting_Han64_EEE-M-C-Top
7d0ae22ec8055059,/home/sb/Harting_Inspection/data/raw/harting_Han64_EEE-M-C-allSides-2/harting_Han64_EEE-M-C-Top/frame_000166.jpg,harting_han64_eee_m_c_allsides_2,top,frame_000166,,,unassigned,good,/home/sb/Harting_Inspection/data/raw/harting_Han64_EEE-M-C-allSides-2/harting_Han64_EEE-M-C-Top
880e91fe85a00ed0,/home/sb/Harting_Inspection/data/raw/harting_Han64_EEE-M-C-allSides-2/harting_Han64_EEE-M-C-Top/frame_000167.jpg,harting_han64_eee_m_c_allsides_2,top,frame_000167,,,unassigned,good,/home/sb/Harting_Inspection/data/raw/harting_Han64_EEE-M-C-allSides-2/harting_Han64_EEE-M-C-Top
75f37170c3b03c7a,/home/sb/Harting_Inspection/data/raw/harting_Han64_EEE-M-C-allSides-2/harting_Han64_EEE-M-C-Top/frame_000168.jpg,harting_han64_eee_m_c_allsides_2,top,frame_000168,,,unassigned,good,/home/sb/Harting_Inspection/data/raw/harting_Han64_EEE-M-C-allSides-2/harting_Han64_EEE-M-C-Top
9501f037c52861d5,/home/sb/Harting_Inspection/data/raw/harting_Han64_EEE-M-C-allSides-2/harting_Han64_EEE-M-C-Top/frame_000169.jpg,harting_han64_eee_m_c_allsides_2,top,frame_000169,,,unassigned,good,/home/sb/Harting_Inspection/data/raw/harting_Han64_EEE-M-C-allSides-2/harting_Han64_EEE-M-C-Top
dc658c285474f8ea,/home/sb/Harting_Inspection/data/raw/harting_Han64_EEE-M-C-allSides-2/harting_Han64_EEE-M-C-Top/frame_000170.jpg,harting_han64_eee_m_c_allsides_2,top,frame_000170,,,unassigned,good,/home/sb/Harting_Inspection/data/raw/harting_Han64_EEE-M-C-allSides-2/harting_Han64_EEE-M-C-Top
2866d8a4de05fe0b,/home/sb/Harting_Inspection/data/raw/harting_Han64_EEE-M-C-allSides-2/harting_Han64_EEE-M-C-Top/frame_000171.jpg,harting_han64_eee_m_c_allsides_2,top,frame_000171,,,unassigned,good,/home/sb/Harting_Inspection/data/raw/harting_Han64_EEE-M-C-allSides-2/harting_Han64_EEE-M-C-Top
294984beedaf7168,/home/sb/Harting_Inspection/data/raw/harting_Han64_EEE-M-C-allSides-2/harting_Han64_EEE-M-C-Top/frame_000172.jpg,harting_han64_eee_m_c_allsides_2,top,frame_000172,,,unassigned,good,/home/sb/Harting_Inspection/data/raw/harting_Han64_EEE-M-C-allSides-2/harting_Han64_EEE-M-C-Top
0f243d2c81b75c2e,/home/sb/Harting_Inspection/data/raw/harting_Han64_EEE-M-C-allSides-2/harting_Han64_EEE-M-C-Top/frame_000173.jpg,harting_han64_eee_m_c_allsides_2,top,frame_000173,,,unassigned,good,/home/sb/Harting_Inspection/data/raw/harting_Han64_EEE-M-C-allSides-2/harting_Han64_EEE-M-C-Top
7e71715bd43860ed,/home/sb/Harting_Inspection/data/raw/harting_Han64_EEE-M-C-allSides-2/harting_Han64_EEE-M-C-Top/frame_000174.jpg,harting_han64_eee_m_c_allsides_2,top,frame_000174,,,unassigned,good,/home/sb/Harting_Inspection/data/raw/harting_Han64_EEE-M-C-allSides-2/harting_Han64_EEE-M-C-Top
aaf850aaed28e499,/home/sb/Harting_Inspection/data/raw/harting_Han64_EEE-M-C-allSides-2/harting_Han64_EEE-M-C-Top/frame_000175.jpg,harting_han64_eee_m_c_allsides_2,top,frame_000175,,,unassigned,good,/home/sb/Harting_Inspection/data/raw/harting_Han64_EEE-M-C-allSides-2/harting_Han64_EEE-M-C-Top
badcce85c4d2830a,/home/sb/Harting_Inspection/data/raw/harting_Han64_EEE-M-C-allSides-2/harting_Han64_EEE-M-C-Top/frame_000176.jpg,harting_han64_eee_m_c_allsides_2,top,frame_000176,,,unassigned,good,/home/sb/Harting_Inspection/data/raw/harting_Han64_EEE-M-C-allSides-2/harting_Han64_EEE-M-C-Top
36d6a9f612d498f7,/home/sb/Harting_Inspection/data/raw/harting_Han64_EEE-M-C-allSides-2/harting_Han64_EEE-M-C-Top/frame_000177.jpg,harting_han64_eee_m_c_allsides_2,top,frame_000177,,,unassigned,good,/home/sb/Harting_Inspection/data/raw/harting_Han64_EEE-M-C-allSides-2/harting_Han64_EEE-M-C-Top
b2feb13e249191c3,/home/sb/Harting_Inspection/data/raw/harting_Han64_EEE-M-C-allSides-2/harting_Han64_EEE-M-C-Top/frame_000178.jpg,harting_han64_eee_m_c_allsides_2,top,frame_000178,,,unassigned,good,/home/sb/Harting_Inspection/data/raw/harting_Han64_EEE-M-C-allSides-2/harting_Han64_EEE-M-C-Top
6f785b048361a007,/home/sb/Harting_Inspection/data/raw/harting_Han64_EEE-M-C-allSides-2/harting_Han64_EEE-M-C-Top/frame_000179.jpg,harting_han64_eee_m_c_allsides_2,top,frame_000179,,,unassigned,good,/home/sb/Harting_Inspection/data/raw/harting_Han64_EEE-M-C-allSides-2/harting_Han64_EEE-M-C-Top
a1ed830da3c5a1eb,/home/sb/Harting_Inspection/data/raw/harting_Han64_EEE-M-C-allSides-2/harting_Han64_EEE-M-C-Top/frame_000180.jpg,harting_han64_eee_m_c_allsides_2,top,frame_000180,,,unassigned,good,/home/sb/Harting_Inspection/data/raw/harting_Han64_EEE-M-C-allSides-2/harting_Han64_EEE-M-C-Top
35c10be59dd9366d,/home/sb/Harting_Inspection/data/raw/harting_Han64_EEE-M-C-allSides-2/harting_Han64_EEE-M-C-Top/frame_000181.jpg,harting_han64_eee_m_c_allsides_2,top,frame_000181,,,unassigned,good,/home/sb/Harting_Inspection/data/raw/harting_Han64_EEE-M-C-allSides-2/harting_Han64_EEE-M-C-Top
71fe66f5a3929714,/home/sb/Harting_Inspection/data/raw/harting_Han64_EEE-M-C-allSides-2/harting_Han64_EEE-M-C-Top/frame_000182.jpg,harting_han64_eee_m_c_allsides_2,top,frame_000182,,,unassigned,good,/home/sb/Harting_Inspection/data/raw/harting_Han64_EEE-M-C-allSides-2/harting_Han64_EEE-M-C-Top
af839c42403833d2,/home/sb/Harting_Inspection/data/raw/harting_Han64_EEE-M-C-allSides-2/harting_Han64_EEE-M-C-Top/frame_000183.jpg,harting_han64_eee_m_c_allsides_2,top,frame_000183,,,unassigned,good,/home/sb/Harting_Inspection/data/raw/harting_Han64_EEE-M-C-allSides-2/harting_Han64_EEE-M-C-Top
f11b19db69e513a4,/home/sb/Harting_Inspection/data/raw/harting_Han64_EEE-M-C-allSides-2/harting_Han64_EEE-M-C-Top/frame_000184.jpg,harting_han64_eee_m_c_allsides_2,top,frame_000184,,,unassigned,good,/home/sb/Harting_Inspection/data/raw/harting_Han64_EEE-M-C-allSides-2/harting_Han64_EEE-M-C-Top
fba2532724178b60,/home/sb/Harting_Inspection/data/raw/harting_Han64_EEE-M-C-allSides-2/harting_Han64_EEE-M-C-Top/frame_000185.jpg,harting_han64_eee_m_c_allsides_2,top,frame_000185,,,unassigned,good,/home/sb/Harting_Inspection/data/raw/harting_Han64_EEE-M-C-allSides-2/harting_Han64_EEE-M-C-Top
27b85674b618ed9f,/home/sb/Harting_Inspection/data/raw/harting_Han64_EEE-M-C-allSides-2/harting_Han64_EEE-M-C-Top/frame_000186.jpg,harting_han64_eee_m_c_allsides_2,top,frame_000186,,,unassigned,good,/home/sb/Harting_Inspection/data/raw/harting_Han64_EEE-M-C-allSides-2/harting_Han64_EEE-M-C-Top
2d8716892e9a7379,/home/sb/Harting_Inspection/data/raw/harting_Han64_EEE-M-C-allSides-2/harting_Han64_EEE-M-C-Top/frame_000187.jpg,harting_han64_eee_m_c_allsides_2,top,frame_000187,,,unassigned,good,/home/sb/Harting_Inspection/data/raw/harting_Han64_EEE-M-C-allSides-2/harting_Han64_EEE-M-C-Top
448fb7516f3bca04,/home/sb/Harting_Inspection/data/raw/harting_Han64_EEE-M-C-allSides-2/harting_Han64_EEE-M-C-Top/frame_000188.jpg,harting_han64_eee_m_c_allsides_2,top,frame_000188,,,unassigned,good,/home/sb/Harting_Inspection/data/raw/harting_Han64_EEE-M-C-allSides-2/harting_Han64_EEE-M-C-Top
17a420961c12b9cf,/home/sb/Harting_Inspection/data/raw/harting_Han64_EEE-M-C-allSides-2/harting_Han64_EEE-M-C-Top/frame_000189.jpg,harting_han64_eee_m_c_allsides_2,top,frame_000189,,,unassigned,good,/home/sb/Harting_Inspection/data/raw/harting_Han64_EEE-M-C-allSides-2/harting_Han64_EEE-M-C-Top
65e57447abe8a68c,/home/sb/Harting_Inspection/data/raw/harting_Han64_EEE-M-C-allSides-2/harting_Han64_EEE-M-C-Top/frame_000190.jpg,harting_han64_eee_m_c_allsides_2,top,frame_000190,,,unassigned,good,/home/sb/Harting_Inspection/data/raw/harting_Han64_EEE-M-C-allSides-2/harting_Han64_EEE-M-C-Top
d317af93176c19a6,/home/sb/Harting_Inspection/data/raw/harting_Han64_EEE-M-C-allSides-2/harting_Han64_EEE-M-C-Top/frame_000191.jpg,harting_han64_eee_m_c_allsides_2,top,frame_000191,,,unassigned,good,/home/sb/Harting_Inspection/data/raw/harting_Han64_EEE-M-C-allSides-2/harting_Han64_EEE-M-C-Top
20714af0d4a253de,/home/sb/Harting_Inspection/data/raw/harting_Han64_EEE-M-C-allSides-2/harting_Han64_EEE-M-C-Top/frame_000192.jpg,harting_han64_eee_m_c_allsides_2,top,frame_000192,,,unassigned,good,/home/sb/Harting_Inspection/data/raw/harting_Han64_EEE-M-C-allSides-2/harting_Han64_EEE-M-C-Top
f35555dbb0c77062,/home/sb/Harting_Inspection/data/raw/harting_Han64_EEE-M-C-allSides-2/harting_Han64_EEE-M-C-Top/frame_000193.jpg,harting_han64_eee_m_c_allsides_2,top,frame_000193,,,unassigned,good,/home/sb/Harting_Inspection/data/raw/harting_Han64_EEE-M-C-allSides-2/harting_Han64_EEE-M-C-Top
f21798d5cb01d2c8,/home/sb/Harting_Inspection/data/raw/harting_Han64_EEE-M-C-allSides-2/harting_Han64_EEE-M-C-Top/frame_000194.jpg,harting_han64_eee_m_c_allsides_2,top,frame_000194,,,unassigned,good,/home/sb/Harting_Inspection/data/raw/harting_Han64_EEE-M-C-allSides-2/harting_Han64_EEE-M-C-Top
d90c5b053e32d62a,/home/sb/Harting_Inspection/data/raw/harting_Han64_EEE-M-C-allSides-2/harting_Han64_EEE-M-C-Top/frame_000195.jpg,harting_han64_eee_m_c_allsides_2,top,frame_000195,,,unassigned,good,/home/sb/Harting_Inspection/data/raw/harting_Han64_EEE-M-C-allSides-2/harting_Han64_EEE-M-C-Top
e4c37893fa5ceb6a,/home/sb/Harting_Inspection/data/raw/harting_Han64_EEE-M-C-allSides-2/harting_Han64_EEE-M-C-Top/frame_000196.jpg,harting_han64_eee_m_c_allsides_2,top,frame_000196,,,unassigned,good,/home/sb/Harting_Inspection/data/raw/harting_Han64_EEE-M-C-allSides-2/harting_Han64_EEE-M-C-Top
8c4c202e57464f79,/home/sb/Harting_Inspection/data/raw/harting_Han64_EEE-M-C-allSides-2/harting_Han64_EEE-M-C-Top/frame_000197.jpg,harting_han64_eee_m_c_allsides_2,top,frame_000197,,,unassigned,good,/home/sb/Harting_Inspection/data/raw/harting_Han64_EEE-M-C-allSides-2/harting_Han64_EEE-M-C-Top
80a6a092c45699e4,/home/sb/Harting_Inspection/data/raw/harting_Han64_EEE-M-C-allSides-2/harting_Han64_EEE-M-C-Top/frame_000198.jpg,harting_han64_eee_m_c_allsides_2,top,frame_000198,,,unassigned,good,/home/sb/Harting_Inspection/data/raw/harting_Han64_EEE-M-C-allSides-2/harting_Han64_EEE-M-C-Top
945dc5697db46a7d,/home/sb/Harting_Inspection/data/raw/harting_Han64_EEE-M-C-allSides-2/harting_Han64_EEE-M-C-Top/frame_000199.jpg,harting_han64_eee_m_c_allsides_2,top,frame_000199,,,unassigned,good,/home/sb/Harting_Inspection/data/raw/harting_Han64_EEE-M-C-allSides-2/harting_Han64_EEE-M-C-Top
581d9044c48ecb72,/home/sb/Harting_Inspection/data/raw/harting_Han64_EEE-M-C-allSides-2/harting_Han64_EEE-M-C-Top/frame_000200.jpg,harting_han64_eee_m_c_allsides_2,top,frame_000200,,,unassigned,good,/home/sb/Harting_Inspection/data/raw/harting_Han64_EEE-M-C-allSides-2/harting_Han64_EEE-M-C-Top
e1531708d7f29b21,/home/sb/Harting_Inspection/data/raw/harting_Han64_EEE-M-C-allSides-2/harting_Han64_EEE-M-C-Top/frame_000201.jpg,harting_han64_eee_m_c_allsides_2,top,frame_000201,,,unassigned,good,/home/sb/Harting_Inspection/data/raw/harting_Han64_EEE-M-C-allSides-2/harting_Han64_EEE-M-C-Top
4b862f6858f5d0d5,/home/sb/Harting_Inspection/data/raw/harting_Han64_EEE-M-C-allSides-2/harting_Han64_EEE-M-C-Top/frame_000202.jpg,harting_han64_eee_m_c_allsides_2,top,frame_000202,,,unassigned,good,/home/sb/Harting_Inspection/data/raw/harting_Han64_EEE-M-C-allSides-2/harting_Han64_EEE-M-C-Top
10a599482c406938,/home/sb/Harting_Inspection/data/raw/harting_Han64_EEE-M-C-allSides-2/harting_Han64_EEE-M-C-Top/frame_000203.jpg,harting_han64_eee_m_c_allsides_2,top,frame_000203,,,unassigned,good,/home/sb/Harting_Inspection/data/raw/harting_Han64_EEE-M-C-allSides-2/harting_Han64_EEE-M-C-Top
6c7e13edb724d8a5,/home/sb/Harting_Inspection/data/raw/harting_Han64_EEE-M-C-allSides-2/harting_Han64_EEE-M-C-Top/frame_000204.jpg,harting_han64_eee_m_c_allsides_2,top,frame_000204,,,unassigned,good,/home/sb/Harting_Inspection/data/raw/harting_Han64_EEE-M-C-allSides-2/harting_Han64_EEE-M-C-Top
5eea49066f1cbcff,/home/sb/Harting_Inspection/data/raw/harting_Han64_EEE-M-C-allSides-2/harting_Han64_EEE-M-C-Top/frame_000205.jpg,harting_han64_eee_m_c_allsides_2,top,frame_000205,,,unassigned,good,/home/sb/Harting_Inspection/data/raw/harting_Han64_EEE-M-C-allSides-2/harting_Han64_EEE-M-C-Top
161faaf5c20e4af3,/home/sb/Harting_Inspection/data/raw/harting_Han64_EEE-M-C-allSides-2/harting_Han64_EEE-M-C-Top/frame_000206.jpg,harting_han64_eee_m_c_allsides_2,top,frame_000206,,,unassigned,good,/home/sb/Harting_Inspection/data/raw/harting_Han64_EEE-M-C-allSides-2/harting_Han64_EEE-M-C-Top
519da5d0a013b4cd,/home/sb/Harting_Inspection/data/raw/harting_Han64_EEE-M-C-allSides-2/harting_Han64_EEE-M-C-Top/frame_000207.jpg,harting_han64_eee_m_c_allsides_2,top,frame_000207,,,unassigned,good,/home/sb/Harting_Inspection/data/raw/harting_Han64_EEE-M-C-allSides-2/harting_Han64_EEE-M-C-Top
d46dd5d9016d0d25,/home/sb/Harting_Inspection/data/raw/harting_Han64_EEE-M-C-allSides-2/harting_Han64_EEE-M-C-Top/frame_000208.jpg,harting_han64_eee_m_c_allsides_2,top,frame_000208,,,unassigned,good,/home/sb/Harting_Inspection/data/raw/harting_Han64_EEE-M-C-allSides-2/harting_Han64_EEE-M-C-Top
ff89bb74047c7178,/home/sb/Harting_Inspection/data/raw/harting_Han64_EEE-M-C-allSides-2/harting_Han64_EEE-M-C-Top/frame_000209.jpg,harting_han64_eee_m_c_allsides_2,top,frame_000209,,,unassigned,good,/home/sb/Harting_Inspection/data/raw/harting_Han64_EEE-M-C-allSides-2/harting_Han64_EEE-M-C-Top
43969893599a50db,/home/sb/Harting_Inspection/data/raw/harting_Han64_EEE-M-C-allSides-2/harting_Han64_EEE-M-C-Top/frame_000210.jpg,harting_han64_eee_m_c_allsides_2,top,frame_000210,,,unassigned,good,/home/sb/Harting_Inspection/data/raw/harting_Han64_EEE-M-C-allSides-2/harting_Han64_EEE-M-C-Top
c3e9dd87c4c9d847,/home/sb/Harting_Inspection/data/raw/harting_Han64_EEE-M-C-allSides-2/harting_Han64_EEE-M-C-Top/frame_000211.jpg,harting_han64_eee_m_c_allsides_2,top,frame_000211,,,unassigned,good,/home/sb/Harting_Inspection/data/raw/harting_Han64_EEE-M-C-allSides-2/harting_Han64_EEE-M-C-Top
09af033de9b22796,/home/sb/Harting_Inspection/data/raw/harting_Han64_EEE-M-C-allSides-2/harting_Han64_EEE-M-C-Top/frame_000212.jpg,harting_han64_eee_m_c_allsides_2,top,frame_000212,,,unassigned,good,/home/sb/Harting_Inspection/data/raw/harting_Han64_EEE-M-C-allSides-2/harting_Han64_EEE-M-C-Top
7882b354bcc7bd3f,/home/sb/Harting_Inspection/data/raw/harting_Han64_EEE-M-C-allSides-2/harting_Han64_EEE-M-C-Top/frame_000213.jpg,harting_han64_eee_m_c_allsides_2,top,frame_000213,,,unassigned,good,/home/sb/Harting_Inspection/data/raw/harting_Han64_EEE-M-C-allSides-2/harting_Han64_EEE-M-C-Top
ad2ce6a2e08f8dc3,/home/sb/Harting_Inspection/data/raw/harting_Han64_EEE-M-C-allSides-2/harting_Han64_EEE-M-C-Top/frame_000214.jpg,harting_han64_eee_m_c_allsides_2,top,frame_000214,,,unassigned,good,/home/sb/Harting_Inspection/data/raw/harting_Han64_EEE-M-C-allSides-2/harting_Han64_EEE-M-C-Top
0e51435af0a08f69,/home/sb/Harting_Inspection/data/raw/harting_Han64_EEE-M-C-allSides-2/harting_Han64_EEE-M-C-Top/frame_000215.jpg,harting_han64_eee_m_c_allsides_2,top,frame_000215,,,unassigned,good,/home/sb/Harting_Inspection/data/raw/harting_Han64_EEE-M-C-allSides-2/harting_Han64_EEE-M-C-Top
0797b558dad88e74,/home/sb/Harting_Inspection/data/raw/harting_Han64_EEE-M-C-allSides-2/harting_Han64_EEE-M-C-Top/frame_000216.jpg,harting_han64_eee_m_c_allsides_2,top,frame_000216,,,unassigned,good,/home/sb/Harting_Inspection/data/raw/harting_Han64_EEE-M-C-allSides-2/harting_Han64_EEE-M-C-Top
f4b8bad4cb1710d3,/home/sb/Harting_Inspection/data/raw/harting_Han64_EEE-M-C-allSides-2/harting_Han64_EEE-M-C-Top/frame_000217.jpg,harting_han64_eee_m_c_allsides_2,top,frame_000217,,,unassigned,good,/home/sb/Harting_Inspection/data/raw/harting_Han64_EEE-M-C-allSides-2/harting_Han64_EEE-M-C-Top
750f43b363bd5c02,/home/sb/Harting_Inspection/data/raw/harting_Han64_EEE-M-C-allSides-2/harting_Han64_EEE-M-C-Top/frame_000218.jpg,harting_han64_eee_m_c_allsides_2,top,frame_000218,,,unassigned,good,/home/sb/Harting_Inspection/data/raw/harting_Han64_EEE-M-C-allSides-2/harting_Han64_EEE-M-C-Top
457c4b2883b22c12,/home/sb/Harting_Inspection/data/raw/harting_Han64_EEE-M-C-allSides-2/harting_Han64_EEE-M-C-Top/frame_000219.jpg,harting_han64_eee_m_c_allsides_2,top,frame_000219,,,unassigned,good,/home/sb/Harting_Inspection/data/raw/harting_Han64_EEE-M-C-allSides-2/harting_Han64_EEE-M-C-Top
84ee750a513508d6,/home/sb/Harting_Inspection/data/raw/harting_Han64_EEE-M-C-allSides-2/harting_Han64_EEE-M-C-Top/frame_000220.jpg,harting_han64_eee_m_c_allsides_2,top,frame_000220,,,unassigned,good,/home/sb/Harting_Inspection/data/raw/harting_Han64_EEE-M-C-allSides-2/harting_Han64_EEE-M-C-Top
c394ad414a64d8c8,/home/sb/Harting_Inspection/data/raw/harting_Han64_EEE-M-C-allSides-2/harting_Han64_EEE-M-C-Top/frame_000221.jpg,harting_han64_eee_m_c_allsides_2,top,frame_000221,,,unassigned,good,/home/sb/Harting_Inspection/data/raw/harting_Han64_EEE-M-C-allSides-2/harting_Han64_EEE-M-C-Top
1fca9f488a60fc39,/home/sb/Harting_Inspection/data/raw/harting_Han64_EEE-M-C-allSides-2/harting_Han64_EEE-M-C-Top/frame_000222.jpg,harting_han64_eee_m_c_allsides_2,top,frame_000222,,,unassigned,good,/home/sb/Harting_Inspection/data/raw/harting_Han64_EEE-M-C-allSides-2/harting_Han64_EEE-M-C-Top
6a704d052b66c836,/home/sb/Harting_Inspection/data/raw/harting_Han64_EEE-M-C-allSides-2/harting_Han64_EEE-M-C-Top/frame_000223.jpg,harting_han64_eee_m_c_allsides_2,top,frame_000223,,,unassigned,good,/home/sb/Harting_Inspection/data/raw/harting_Han64_EEE-M-C-allSides-2/harting_Han64_EEE-M-C-Top
26904734f2f9329a,/home/sb/Harting_Inspection/data/raw/harting_Han64_EEE-M-C-allSides-2/harting_Han64_EEE-M-C-Top/frame_000224.jpg,harting_han64_eee_m_c_allsides_2,top,frame_000224,,,unassigned,good,/home/sb/Harting_Inspection/data/raw/harting_Han64_EEE-M-C-allSides-2/harting_Han64_EEE-M-C-Top
bd403f54fbc3d5fb,/home/sb/Harting_Inspection/data/raw/harting_Han64_EEE-M-C-allSides-2/harting_Han64_EEE-M-C-Top/frame_000225.jpg,harting_han64_eee_m_c_allsides_2,top,frame_000225,,,unassigned,good,/home/sb/Harting_Inspection/data/raw/harting_Han64_EEE-M-C-allSides-2/harting_Han64_EEE-M-C-Top
f7a407e319970db2,/home/sb/Harting_Inspection/data/raw/harting_Han64_EEE-M-C-allSides-2/harting_Han64_EEE-M-C-Top/frame_000226.jpg,harting_han64_eee_m_c_allsides_2,top,frame_000226,,,unassigned,good,/home/sb/Harting_Inspection/data/raw/harting_Han64_EEE-M-C-allSides-2/harting_Han64_EEE-M-C-Top
1e1b7b47ed1e586d,/home/sb/Harting_Inspection/data/raw/harting_Han64_EEE-M-C-allSides-2/harting_Han64_EEE-M-C-Top/frame_000227.jpg,harting_han64_eee_m_c_allsides_2,top,frame_000227,,,unassigned,good,/home/sb/Harting_Inspection/data/raw/harting_Han64_EEE-M-C-allSides-2/harting_Han64_EEE-M-C-Top
9fdc1032f5e238ff,/home/sb/Harting_Inspection/data/raw/harting_Han64_EEE-M-C-allSides-2/harting_Han64_EEE-M-C-Top/frame_000228.jpg,harting_han64_eee_m_c_allsides_2,top,frame_000228,,,unassigned,good,/home/sb/Harting_Inspection/data/raw/harting_Han64_EEE-M-C-allSides-2/harting_Han64_EEE-M-C-Top
5e768e2c23fa2c8c,/home/sb/Harting_Inspection/data/raw/harting_Han64_EEE-M-C-allSides-2/harting_Han64_EEE-M-C-Top/frame_000229.jpg,harting_han64_eee_m_c_allsides_2,top,frame_000229,,,unassigned,good,/home/sb/Harting_Inspection/data/raw/harting_Han64_EEE-M-C-allSides-2/harting_Han64_EEE-M-C-Top
4ed8dd429f497cef,/home/sb/Harting_Inspection/data/raw/harting_Han64_EEE-M-C-allSides-2/harting_Han64_EEE-M-C-Top/frame_000230.jpg,harting_han64_eee_m_c_allsides_2,top,frame_000230,,,unassigned,good,/home/sb/Harting_Inspection/data/raw/harting_Han64_EEE-M-C-allSides-2/harting_Han64_EEE-M-C-Top
e890b6c6cbe36b59,/home/sb/Harting_Inspection/data/raw/harting_Han64_EEE-M-C-allSides-2/harting_Han64_EEE-M-C-Top/frame_000231.jpg,harting_han64_eee_m_c_allsides_2,top,frame_000231,,,unassigned,good,/home/sb/Harting_Inspection/data/raw/harting_Han64_EEE-M-C-allSides-2/harting_Han64_EEE-M-C-Top
d8522e7aa0b2180d,/home/sb/Harting_Inspection/data/raw/harting_Han64_EEE-M-C-allSides-2/harting_Han64_EEE-M-C-Top/frame_000232.jpg,harting_han64_eee_m_c_allsides_2,top,frame_000232,,,unassigned,good,/home/sb/Harting_Inspection/data/raw/harting_Han64_EEE-M-C-allSides-2/harting_Han64_EEE-M-C-Top
7a66d4c6db1f4508,/home/sb/Harting_Inspection/data/raw/harting_Han64_EEE-M-C-allSides-2/harting_Han64_EEE-M-C-Top/frame_000233.jpg,harting_han64_eee_m_c_allsides_2,top,frame_000233,,,unassigned,good,/home/sb/Harting_Inspection/data/raw/harting_Han64_EEE-M-C-allSides-2/harting_Han64_EEE-M-C-Top
5c2cc438e4f8f2bd,/home/sb/Harting_Inspection/data/raw/harting_Han64_EEE-M-C-allSides-2/harting_Han64_EEE-M-C-Top/frame_000234.jpg,harting_han64_eee_m_c_allsides_2,top,frame_000234,,,unassigned,good,/home/sb/Harting_Inspection/data/raw/harting_Han64_EEE-M-C-allSides-2/harting_Han64_EEE-M-C-Top
c154e49fee5f0f51,/home/sb/Harting_Inspection/data/raw/harting_Han64_EEE-M-C-allSides-2/harting_Han64_EEE-M-C-Top/frame_000235.jpg,harting_han64_eee_m_c_allsides_2,top,frame_000235,,,unassigned,good,/home/sb/Harting_Inspection/data/raw/harting_Han64_EEE-M-C-allSides-2/harting_Han64_EEE-M-C-Top
b123b32cfb9fa32c,/home/sb/Harting_Inspection/data/raw/harting_Han64_EEE-M-C-allSides-2/harting_Han64_EEE-M-C-Top/frame_000236.jpg,harting_han64_eee_m_c_allsides_2,top,frame_000236,,,unassigned,good,/home/sb/Harting_Inspection/data/raw/harting_Han64_EEE-M-C-allSides-2/harting_Han64_EEE-M-C-Top
f662fe7aae8bc7d0,/home/sb/Harting_Inspection/data/raw/harting_Han64_EEE-M-C-allSides-2/harting_Han64_EEE-M-C-Top/frame_000237.jpg,harting_han64_eee_m_c_allsides_2,top,frame_000237,,,unassigned,good,/home/sb/Harting_Inspection/data/raw/harting_Han64_EEE-M-C-allSides-2/harting_Han64_EEE-M-C-Top
9b9092ab1562e121,/home/sb/Harting_Inspection/data/raw/harting_Han64_EEE-M-C-allSides-2/harting_Han64_EEE-M-C-Top/frame_000238.jpg,harting_han64_eee_m_c_allsides_2,top,frame_000238,,,unassigned,good,/home/sb/Harting_Inspection/data/raw/harting_Han64_EEE-M-C-allSides-2/harting_Han64_EEE-M-C-Top
3363338ffda62b5f,/home/sb/Harting_Inspection/data/raw/harting_Han64_EEE-M-C-allSides-2/harting_Han64_EEE-M-C-Top/frame_000239.jpg,harting_han64_eee_m_c_allsides_2,top,frame_000239,,,unassigned,good,/home/sb/Harting_Inspection/data/raw/harting_Han64_EEE-M-C-allSides-2/harting_Han64_EEE-M-C-Top
012114de13a030e9,/home/sb/Harting_Inspection/data/raw/harting_Han64_EEE-M-C-allSides-2/harting_Han64_EEE-M-C-Top/frame_000240.jpg,harting_han64_eee_m_c_allsides_2,top,frame_000240,,,unassigned,good,/home/sb/Harting_Inspection/data/raw/harting_Han64_EEE-M-C-allSides-2/harting_Han64_EEE-M-C-Top
df324f8f0b8e93c7,/home/sb/Harting_Inspection/data/raw/harting_Han64_EEE-M-C-allSides-2/harting_Han64_EEE-M-C-Top/frame_000241.jpg,harting_han64_eee_m_c_allsides_2,top,frame_000241,,,unassigned,good,/home/sb/Harting_Inspection/data/raw/harting_Han64_EEE-M-C-allSides-2/harting_Han64_EEE-M-C-Top
3b8936d7911649cd,/home/sb/Harting_Inspection/data/raw/harting_Han64_EEE-M-C-allSides-2/harting_Han64_EEE-M-C-Top/frame_000242.jpg,harting_han64_eee_m_c_allsides_2,top,frame_000242,,,unassigned,good,/home/sb/Harting_Inspection/data/raw/harting_Han64_EEE-M-C-allSides-2/harting_Han64_EEE-M-C-Top
10cfe50fbfc5c5ea,/home/sb/Harting_Inspection/data/raw/harting_Han64_EEE-M-C-allSides-2/harting_Han64_EEE-M-C-Top/frame_000243.jpg,harting_han64_eee_m_c_allsides_2,top,frame_000243,,,unassigned,good,/home/sb/Harting_Inspection/data/raw/harting_Han64_EEE-M-C-allSides-2/harting_Han64_EEE-M-C-Top
5d34c23df0f4aff2,/home/sb/Harting_Inspection/data/raw/harting_Han64_EEE-M-C-allSides-2/harting_Han64_EEE-M-C-Top/frame_000244.jpg,harting_han64_eee_m_c_allsides_2,top,frame_000244,,,unassigned,good,/home/sb/Harting_Inspection/data/raw/harting_Han64_EEE-M-C-allSides-2/harting_Han64_EEE-M-C-Top
38f4ae7907cb414d,/home/sb/Harting_Inspection/data/raw/harting_Han64_EEE-M-C-allSides-2/harting_Han64_EEE-M-C-Top/frame_000245.jpg,harting_han64_eee_m_c_allsides_2,top,frame_000245,,,unassigned,good,/home/sb/Harting_Inspection/data/raw/harting_Han64_EEE-M-C-allSides-2/harting_Han64_EEE-M-C-Top
d21defda4401f7b7,/home/sb/Harting_Inspection/data/raw/harting_Han64_EEE-M-C-allSides-2/harting_Han64_EEE-M-C-Top/frame_000246.jpg,harting_han64_eee_m_c_allsides_2,top,frame_000246,,,unassigned,good,/home/sb/Harting_Inspection/data/raw/harting_Han64_EEE-M-C-allSides-2/harting_Han64_EEE-M-C-Top
e9ceb6cdc71aceae,/home/sb/Harting_Inspection/data/raw/harting_Han64_EEE-M-C-allSides-2/harting_Han64_EEE-M-C-Top/frame_000247.jpg,harting_han64_eee_m_c_allsides_2,top,frame_000247,,,unassigned,good,/home/sb/Harting_Inspection/data/raw/harting_Han64_EEE-M-C-allSides-2/harting_Han64_EEE-M-C-Top
c0d338242567e07f,/home/sb/Harting_Inspection/data/raw/harting_Han64_EEE-M-C-allSides-2/harting_Han64_EEE-M-C-Top/frame_000248.jpg,harting_han64_eee_m_c_allsides_2,top,frame_000248,,,unassigned,good,/home/sb/Harting_Inspection/data/raw/harting_Han64_EEE-M-C-allSides-2/harting_Han64_EEE-M-C-Top
e7de8d83b04c0ea3,/home/sb/Harting_Inspection/data/raw/harting_Han64_EEE-M-C-allSides-2/harting_Han64_EEE-M-C-Top/frame_000249.jpg,harting_han64_eee_m_c_allsides_2,top,frame_000249,,,unassigned,good,/home/sb/Harting_Inspection/data/raw/harting_Han64_EEE-M-C-allSides-2/harting_Han64_EEE-M-C-Top
69f4cf1e6d28dfb1,/home/sb/Harting_Inspection/data/raw/harting_Han64_EEE-M-C-allSides-2/harting_Han64_EEE-M-C-Top/frame_000250.jpg,harting_han64_eee_m_c_allsides_2,top,frame_000250,,,unassigned,good,/home/sb/Harting_Inspection/data/raw/harting_Han64_EEE-M-C-allSides-2/harting_Han64_EEE-M-C-Top
c4333ccd83115a48,/home/sb/Harting_Inspection/data/raw/harting_Han64_EEE-M-C-allSides-2/harting_Han64_EEE-M-C-Top/frame_000251.jpg,harting_han64_eee_m_c_allsides_2,top,frame_000251,,,unassigned,good,/home/sb/Harting_Inspection/data/raw/harting_Han64_EEE-M-C-allSides-2/harting_Han64_EEE-M-C-Top
ed6fcc38dfe57311,/home/sb/Harting_Inspection/data/raw/harting_Han64_EEE-M-C-allSides-2/harting_Han64_EEE-M-C-Top/frame_000252.jpg,harting_han64_eee_m_c_allsides_2,top,frame_000252,,,unassigned,good,/home/sb/Harting_Inspection/data/raw/harting_Han64_EEE-M-C-allSides-2/harting_Han64_EEE-M-C-Top
2c0e1c845a6e4411,/home/sb/Harting_Inspection/data/raw/harting_Han64_EEE-M-C-allSides-2/harting_Han64_EEE-M-C-Top/frame_000253.jpg,harting_han64_eee_m_c_allsides_2,top,frame_000253,,,unassigned,good,/home/sb/Harting_Inspection/data/raw/harting_Han64_EEE-M-C-allSides-2/harting_Han64_EEE-M-C-Top
7b719ace5d43500d,/home/sb/Harting_Inspection/data/raw/harting_Han64_EEE-M-C-allSides-2/harting_Han64_EEE-M-C-Top/frame_000254.jpg,harting_han64_eee_m_c_allsides_2,top,frame_000254,,,unassigned,good,/home/sb/Harting_Inspection/data/raw/harting_Han64_EEE-M-C-allSides-2/harting_Han64_EEE-M-C-Top
8729c48960d00cbe,/home/sb/Harting_Inspection/data/raw/harting_Han64_EEE-M-C-allSides-2/harting_Han64_EEE-M-C-Top/frame_000255.jpg,harting_han64_eee_m_c_allsides_2,top,frame_000255,,,unassigned,good,/home/sb/Harting_Inspection/data/raw/harting_Han64_EEE-M-C-allSides-2/harting_Han64_EEE-M-C-Top
c77bebccedf912a5,/home/sb/Harting_Inspection/data/raw/harting_Han64_EEE-M-C-allSides-2/harting_Han64_EEE-M-C-Top/frame_000256.jpg,harting_han64_eee_m_c_allsides_2,top,frame_000256,,,unassigned,good,/home/sb/Harting_Inspection/data/raw/harting_Han64_EEE-M-C-allSides-2/harting_Han64_EEE-M-C-Top
b087c177bf787de8,/home/sb/Harting_Inspection/data/raw/harting_Han64_EEE-M-C-allSides-2/harting_Han64_EEE-M-C-Top/frame_000257.jpg,harting_han64_eee_m_c_allsides_2,top,frame_000257,,,unassigned,good,/home/sb/Harting_Inspection/data/raw/harting_Han64_EEE-M-C-allSides-2/harting_Han64_EEE-M-C-Top
7f7cc4349d3d3aa3,/home/sb/Harting_Inspection/data/raw/harting_Han64_EEE-M-C-allSides-2/harting_Han64_EEE-M-C-Top/frame_000258.jpg,harting_han64_eee_m_c_allsides_2,top,frame_000258,,,unassigned,good,/home/sb/Harting_Inspection/data/raw/harting_Han64_EEE-M-C-allSides-2/harting_Han64_EEE-M-C-Top
e425c0d78b036c94,/home/sb/Harting_Inspection/data/raw/harting_Han64_EEE-M-C-allSides-2/harting_Han64_EEE-M-C-Top/frame_000259.jpg,harting_han64_eee_m_c_allsides_2,top,frame_000259,,,unassigned,good,/home/sb/Harting_Inspection/data/raw/harting_Han64_EEE-M-C-allSides-2/harting_Han64_EEE-M-C-Top
e9de2d172d5ee2df,/home/sb/Harting_Inspection/data/raw/harting_Han64_EEE-M-C-allSides-2/harting_Han64_EEE-M-C-Top/frame_000260.jpg,harting_han64_eee_m_c_allsides_2,top,frame_000260,,,unassigned,good,/home/sb/Harting_Inspection/data/raw/harting_Han64_EEE-M-C-allSides-2/harting_Han64_EEE-M-C-Top
0732debd9c05aef4,/home/sb/Harting_Inspection/data/raw/harting_Han64_EEE-M-C-allSides-2/harting_Han64_EEE-M-C-Top/frame_000261.jpg,harting_han64_eee_m_c_allsides_2,top,frame_000261,,,unassigned,good,/home/sb/Harting_Inspection/data/raw/harting_Han64_EEE-M-C-allSides-2/harting_Han64_EEE-M-C-Top
8b3c3da4b3345468,/home/sb/Harting_Inspection/data/raw/harting_Han64_EEE-M-C-allSides-2/harting_Han64_EEE-M-C-Top/frame_000262.jpg,harting_han64_eee_m_c_allsides_2,top,frame_000262,,,unassigned,good,/home/sb/Harting_Inspection/data/raw/harting_Han64_EEE-M-C-allSides-2/harting_Han64_EEE-M-C-Top
df2aa5c0b267cc66,/home/sb/Harting_Inspection/data/raw/harting_Han64_EEE-M-C-allSides-2/harting_Han64_EEE-M-C-Top/frame_000263.jpg,harting_han64_eee_m_c_allsides_2,top,frame_000263,,,unassigned,good,/home/sb/Harting_Inspection/data/raw/harting_Han64_EEE-M-C-allSides-2/harting_Han64_EEE-M-C-Top
a9b60d28f5a7f22e,/home/sb/Harting_Inspection/data/raw/harting_Han64_EEE-M-C-allSides-2/harting_Han64_EEE-M-C-Top/frame_000264.jpg,harting_han64_eee_m_c_allsides_2,top,frame_000264,,,unassigned,good,/home/sb/Harting_Inspection/data/raw/harting_Han64_EEE-M-C-allSides-2/harting_Han64_EEE-M-C-Top
5bca7b89e6aff889,/home/sb/Harting_Inspection/data/raw/harting_Han64_EEE-M-C-allSides-2/harting_Han64_EEE-M-C-Top/frame_000265.jpg,harting_han64_eee_m_c_allsides_2,top,frame_000265,,,unassigned,good,/home/sb/Harting_Inspection/data/raw/harting_Han64_EEE-M-C-allSides-2/harting_Han64_EEE-M-C-Top
64ce74f27441cb2b,/home/sb/Harting_Inspection/data/raw/harting_Han64_EEE-M-C-allSides-2/harting_Han64_EEE-M-C-Top/frame_000266.jpg,harting_han64_eee_m_c_allsides_2,top,frame_000266,,,unassigned,good,/home/sb/Harting_Inspection/data/raw/harting_Han64_EEE-M-C-allSides-2/harting_Han64_EEE-M-C-Top
73e595d71f1e0471,/home/sb/Harting_Inspection/data/raw/harting_Han64_EEE-M-C-allSides-2/harting_Han64_EEE-M-C-Top/frame_000267.jpg,harting_han64_eee_m_c_allsides_2,top,frame_000267,,,unassigned,good,/home/sb/Harting_Inspection/data/raw/harting_Han64_EEE-M-C-allSides-2/harting_Han64_EEE-M-C-Top
52ac97e236f7ca8e,/home/sb/Harting_Inspection/data/raw/harting_Han64_EEE-M-C-allSides-2/harting_Han64_EEE-M-C-Top/frame_000268.jpg,harting_han64_eee_m_c_allsides_2,top,frame_000268,,,unassigned,good,/home/sb/Harting_Inspection/data/raw/harting_Han64_EEE-M-C-allSides-2/harting_Han64_EEE-M-C-Top
aa9dfc7b438e1289,/home/sb/Harting_Inspection/data/raw/harting_Han64_EEE-M-C-allSides-2/harting_Han64_EEE-M-C-Top/frame_000269.jpg,harting_han64_eee_m_c_allsides_2,top,frame_000269,,,unassigned,good,/home/sb/Harting_Inspection/data/raw/harting_Han64_EEE-M-C-allSides-2/harting_Han64_EEE-M-C-Top
16e1378d2e5c116e,/home/sb/Harting_Inspection/data/raw/harting_Han64_EEE-M-C-allSides-2/harting_Han64_EEE-M-C-Top/frame_000270.jpg,harting_han64_eee_m_c_allsides_2,top,frame_000270,,,unassigned,good,/home/sb/Harting_Inspection/data/raw/harting_Han64_EEE-M-C-allSides-2/harting_Han64_EEE-M-C-Top
a8ce0547df359c54,/home/sb/Harting_Inspection/data/raw/harting_Han64_EEE-M-C-allSides-2/harting_Han64_EEE-M-C-Top/frame_000271.jpg,harting_han64_eee_m_c_allsides_2,top,frame_000271,,,unassigned,good,/home/sb/Harting_Inspection/data/raw/harting_Han64_EEE-M-C-allSides-2/harting_Han64_EEE-M-C-Top
9bc130f4d2d2e11f,/home/sb/Harting_Inspection/data/raw/harting_Han64_EEE-M-C-allSides-2/harting_Han64_EEE-M-C-Top/frame_000272.jpg,harting_han64_eee_m_c_allsides_2,top,frame_000272,,,unassigned,good,/home/sb/Harting_Inspection/data/raw/harting_Han64_EEE-M-C-allSides-2/harting_Han64_EEE-M-C-Top
387b57ad2727f2e3,/home/sb/Harting_Inspection/data/raw/harting_Han64_EEE-M-C-allSides-2/harting_Han64_EEE-M-C-Top/frame_000273.jpg,harting_han64_eee_m_c_allsides_2,top,frame_000273,,,unassigned,good,/home/sb/Harting_Inspection/data/raw/harting_Han64_EEE-M-C-allSides-2/harting_Han64_EEE-M-C-Top
18f539e8cdeae6a9,/home/sb/Harting_Inspection/data/raw/harting_Han64_EEE-M-C-allSides-2/harting_Han64_EEE-M-C-Top/frame_000274.jpg,harting_han64_eee_m_c_allsides_2,top,frame_000274,,,unassigned,good,/home/sb/Harting_Inspection/data/raw/harting_Han64_EEE-M-C-allSides-2/harting_Han64_EEE-M-C-Top
c24688a621c0ed30,/home/sb/Harting_Inspection/data/raw/harting_Han64_EEE-M-C-allSides-2/harting_Han64_EEE-M-C-Top/frame_000275.jpg,harting_han64_eee_m_c_allsides_2,top,frame_000275,,,unassigned,good,/home/sb/Harting_Inspection/data/raw/harting_Han64_EEE-M-C-allSides-2/harting_Han64_EEE-M-C-Top
3fc9100ec87334f1,/home/sb/Harting_Inspection/data/raw/harting_Han64_EEE-M-C-allSides-2/harting_Han64_EEE-M-C-Top/frame_000276.jpg,harting_han64_eee_m_c_allsides_2,top,frame_000276,,,unassigned,good,/home/sb/Harting_Inspection/data/raw/harting_Han64_EEE-M-C-allSides-2/harting_Han64_EEE-M-C-Top
67e3f4080d839161,/home/sb/Harting_Inspection/data/raw/harting_Han64_EEE-M-C-allSides-2/harting_Han64_EEE-M-C-Top/frame_000277.jpg,harting_han64_eee_m_c_allsides_2,top,frame_000277,,,unassigned,good,/home/sb/Harting_Inspection/data/raw/harting_Han64_EEE-M-C-allSides-2/harting_Han64_EEE-M-C-Top
50c51e8fee8babf2,/home/sb/Harting_Inspection/data/raw/harting_Han64_EEE-M-C-allSides-2/harting_Han64_EEE-M-C-Top/frame_000278.jpg,harting_han64_eee_m_c_allsides_2,top,frame_000278,,,unassigned,good,/home/sb/Harting_Inspection/data/raw/harting_Han64_EEE-M-C-allSides-2/harting_Han64_EEE-M-C-Top
e95f356cfb8da1dd,/home/sb/Harting_Inspection/data/raw/harting_Han64_EEE-M-C-allSides-2/harting_Han64_EEE-M-C-Top/frame_000279.jpg,harting_han64_eee_m_c_allsides_2,top,frame_000279,,,unassigned,good,/home/sb/Harting_Inspection/data/raw/harting_Han64_EEE-M-C-allSides-2/harting_Han64_EEE-M-C-Top
843e03cba8cc7365,/home/sb/Harting_Inspection/data/raw/harting_Han64_EEE-M-C-allSides-2/harting_Han64_EEE-M-C-Top/frame_000280.jpg,harting_han64_eee_m_c_allsides_2,top,frame_000280,,,unassigned,good,/home/sb/Harting_Inspection/data/raw/harting_Han64_EEE-M-C-allSides-2/harting_Han64_EEE-M-C-Top
29eabd91d342cea0,/home/sb/Harting_Inspection/data/raw/harting_Han64_EEE-M-C-allSides-2/harting_Han64_EEE-M-C-Top/frame_000281.jpg,harting_han64_eee_m_c_allsides_2,top,frame_000281,,,unassigned,good,/home/sb/Harting_Inspection/data/raw/harting_Han64_EEE-M-C-allSides-2/harting_Han64_EEE-M-C-Top
f23264fd08d3c417,/home/sb/Harting_Inspection/data/raw/harting_Han64_EEE-M-C-allSides-2/harting_Han64_EEE-M-C-Top/frame_000282.jpg,harting_han64_eee_m_c_allsides_2,top,frame_000282,,,unassigned,good,/home/sb/Harting_Inspection/data/raw/harting_Han64_EEE-M-C-allSides-2/harting_Han64_EEE-M-C-Top
a25ddd8fa508ed16,/home/sb/Harting_Inspection/data/raw/harting_Han64_EEE-M-C-allSides-2/harting_Han64_EEE-M-C-Top/frame_000283.jpg,harting_han64_eee_m_c_allsides_2,top,frame_000283,,,unassigned,good,/home/sb/Harting_Inspection/data/raw/harting_Han64_EEE-M-C-allSides-2/harting_Han64_EEE-M-C-Top
ae7ed1fe3938f450,/home/sb/Harting_Inspection/data/raw/harting_Han64_EEE-M-C-allSides-2/harting_Han64_EEE-M-C-Top/frame_000284.jpg,harting_han64_eee_m_c_allsides_2,top,frame_000284,,,unassigned,good,/home/sb/Harting_Inspection/data/raw/harting_Han64_EEE-M-C-allSides-2/harting_Han64_EEE-M-C-Top
e241c50b1bb24850,/home/sb/Harting_Inspection/data/raw/harting_Han64_EEE-M-C-allSides-2/harting_Han64_EEE-M-C-Top/frame_000285.jpg,harting_han64_eee_m_c_allsides_2,top,frame_000285,,,unassigned,good,/home/sb/Harting_Inspection/data/raw/harting_Han64_EEE-M-C-allSides-2/harting_Han64_EEE-M-C-Top
7e8d51b1394a1d60,/home/sb/Harting_Inspection/data/raw/harting_Han64_EEE-M-C-allSides-2/harting_Han64_EEE-M-C-Top/frame_000286.jpg,harting_han64_eee_m_c_allsides_2,top,frame_000286,,,unassigned,good,/home/sb/Harting_Inspection/data/raw/harting_Han64_EEE-M-C-allSides-2/harting_Han64_EEE-M-C-Top
a3ef565b8f9652ff,/home/sb/Harting_Inspection/data/raw/harting_Han64_EEE-M-C-allSides-2/harting_Han64_EEE-M-C-Top/frame_000287.jpg,harting_han64_eee_m_c_allsides_2,top,frame_000287,,,unassigned,good,/home/sb/Harting_Inspection/data/raw/harting_Han64_EEE-M-C-allSides-2/harting_Han64_EEE-M-C-Top
5b3c5a081fcae7bd,/home/sb/Harting_Inspection/data/raw/harting_Han64_EEE-M-C-allSides-2/harting_Han64_EEE-M-C-Top/frame_000288.jpg,harting_han64_eee_m_c_allsides_2,top,frame_000288,,,unassigned,good,/home/sb/Harting_Inspection/data/raw/harting_Han64_EEE-M-C-allSides-2/harting_Han64_EEE-M-C-Top
3ee2cd71ee0b6e9d,/home/sb/Harting_Inspection/data/raw/harting_Han64_EEE-M-C-allSides-2/harting_Han64_EEE-M-C-Top/frame_000289.jpg,harting_han64_eee_m_c_allsides_2,top,frame_000289,,,unassigned,good,/home/sb/Harting_Inspection/data/raw/harting_Han64_EEE-M-C-allSides-2/harting_Han64_EEE-M-C-Top
fa3e78224645144e,/home/sb/Harting_Inspection/data/raw/harting_Han64_EEE-M-C-allSides-2/harting_Han64_EEE-M-C-Top/frame_000290.jpg,harting_han64_eee_m_c_allsides_2,top,frame_000290,,,unassigned,good,/home/sb/Harting_Inspection/data/raw/harting_Han64_EEE-M-C-allSides-2/harting_Han64_EEE-M-C-Top
4f4c3750b8c9f1c8,/home/sb/Harting_Inspection/data/raw/harting_Han64_EEE-M-C-allSides-2/harting_Han64_EEE-M-C-Top/frame_000291.jpg,harting_han64_eee_m_c_allsides_2,top,frame_000291,,,unassigned,good,/home/sb/Harting_Inspection/data/raw/harting_Han64_EEE-M-C-allSides-2/harting_Han64_EEE-M-C-Top
f9b2828a07bf6e76,/home/sb/Harting_Inspection/data/raw/harting_Han64_EEE-M-C-allSides-2/harting_Han64_EEE-M-C-Top/frame_000292.jpg,harting_han64_eee_m_c_allsides_2,top,frame_000292,,,unassigned,good,/home/sb/Harting_Inspection/data/raw/harting_Han64_EEE-M-C-allSides-2/harting_Han64_EEE-M-C-Top
088374ce74cfb778,/home/sb/Harting_Inspection/data/raw/harting_Han64_EEE-M-C-allSides-2/harting_Han64_EEE-M-C-Top/frame_000293.jpg,harting_han64_eee_m_c_allsides_2,top,frame_000293,,,unassigned,good,/home/sb/Harting_Inspection/data/raw/harting_Han64_EEE-M-C-allSides-2/harting_Han64_EEE-M-C-Top
fbf66949d0702936,/home/sb/Harting_Inspection/data/raw/harting_Han64_EEE-M-C-allSides-2/harting_Han64_EEE-M-C-Top/frame_000294.jpg,harting_han64_eee_m_c_allsides_2,top,frame_000294,,,unassigned,good,/home/sb/Harting_Inspection/data/raw/harting_Han64_EEE-M-C-allSides-2/harting_Han64_EEE-M-C-Top
923e97c686e7333f,/home/sb/Harting_Inspection/data/raw/harting_Han64_EEE-M-C-allSides-2/harting_Han64_EEE-M-C-Top/frame_000295.jpg,harting_han64_eee_m_c_allsides_2,top,frame_000295,,,unassigned,good,/home/sb/Harting_Inspection/data/raw/harting_Han64_EEE-M-C-allSides-2/harting_Han64_EEE-M-C-Top
eedc56dd0b8f83a8,/home/sb/Harting_Inspection/data/raw/harting_Han64_EEE-M-C-allSides-2/harting_Han64_EEE-M-C-Top/frame_000296.jpg,harting_han64_eee_m_c_allsides_2,top,frame_000296,,,unassigned,good,/home/sb/Harting_Inspection/data/raw/harting_Han64_EEE-M-C-allSides-2/harting_Han64_EEE-M-C-Top
453e11ae54b72255,/home/sb/Harting_Inspection/data/raw/harting_Han64_EEE-M-C-allSides-2/harting_Han64_EEE-M-C-Top/frame_000297.jpg,harting_han64_eee_m_c_allsides_2,top,frame_000297,,,unassigned,good,/home/sb/Harting_Inspection/data/raw/harting_Han64_EEE-M-C-allSides-2/harting_Han64_EEE-M-C-Top
a661b7993d67fd77,/home/sb/Harting_Inspection/data/raw/harting_Han64_EEE-M-C-allSides-2/harting_Han64_EEE-M-C-Top/frame_000298.jpg,harting_han64_eee_m_c_allsides_2,top,frame_000298,,,unassigned,good,/home/sb/Harting_Inspection/data/raw/harting_Han64_EEE-M-C-allSides-2/harting_Han64_EEE-M-C-Top
a64c83a3d574499a,/home/sb/Harting_Inspection/data/raw/harting_Han64_EEE-M-C-allSides-2/harting_Han64_EEE-M-C-Top/frame_000299.jpg,harting_han64_eee_m_c_allsides_2,top,frame_000299,,,unassigned,good,/home/sb/Harting_Inspection/data/raw/harting_Han64_EEE-M-C-allSides-2/harting_Han64_EEE-M-C-Top
54fce2a866d47368,/home/sb/Harting_Inspection/data/raw/harting_Han64_EEE-M-C-allSides-2/harting_Han64_EEE-M-C-Top/frame_000300.jpg,harting_han64_eee_m_c_allsides_2,top,frame_000300,,,unassigned,good,/home/sb/Harting_Inspection/data/raw/harting_Han64_EEE-M-C-allSides-2/harting_Han64_EEE-M-C-Top
7e4156e15313fcc4,/home/sb/Harting_Inspection/data/raw/harting_Han64_EEE-M-C-allSides-2/harting_Han64_EEE-M-C-Top/frame_000301.jpg,harting_han64_eee_m_c_allsides_2,top,frame_000301,,,unassigned,good,/home/sb/Harting_Inspection/data/raw/harting_Han64_EEE-M-C-allSides-2/harting_Han64_EEE-M-C-Top
ba6aae7c966ecbb6,/home/sb/Harting_Inspection/data/raw/harting_Han64_EEE-M-C-allSides-2/harting_Han64_EEE-M-C-Top/frame_000302.jpg,harting_han64_eee_m_c_allsides_2,top,frame_000302,,,unassigned,good,/home/sb/Harting_Inspection/data/raw/harting_Han64_EEE-M-C-allSides-2/harting_Han64_EEE-M-C-Top
8b800bcd3bf157d9,/home/sb/Harting_Inspection/data/raw/harting_Han64_EEE-M-C-allSides-2/harting_Han64_EEE-M-C-Top/frame_000303.jpg,harting_han64_eee_m_c_allsides_2,top,frame_000303,,,unassigned,good,/home/sb/Harting_Inspection/data/raw/harting_Han64_EEE-M-C-allSides-2/harting_Han64_EEE-M-C-Top
e77a22962d7d6320,/home/sb/Harting_Inspection/data/raw/harting_Han64_EEE-M-C-allSides-2/harting_Han64_EEE-M-C-Top/frame_000304.jpg,harting_han64_eee_m_c_allsides_2,top,frame_000304,,,unassigned,good,/home/sb/Harting_Inspection/data/raw/harting_Han64_EEE-M-C-allSides-2/harting_Han64_EEE-M-C-Top
f13b6be18b0267ff,/home/sb/Harting_Inspection/data/raw/harting_Han64_EEE-M-C-allSides-2/harting_Han64_EEE-M-C-Top/frame_000305.jpg,harting_han64_eee_m_c_allsides_2,top,frame_000305,,,unassigned,good,/home/sb/Harting_Inspection/data/raw/harting_Han64_EEE-M-C-allSides-2/harting_Han64_EEE-M-C-Top
7dde9da737565939,/home/sb/Harting_Inspection/data/raw/harting_Han64_EEE-M-C-allSides-2/harting_Han64_EEE-M-C-Top/frame_000306.jpg,harting_han64_eee_m_c_allsides_2,top,frame_000306,,,unassigned,good,/home/sb/Harting_Inspection/data/raw/harting_Han64_EEE-M-C-allSides-2/harting_Han64_EEE-M-C-Top
bad76ace71076d83,/home/sb/Harting_Inspection/data/raw/harting_Han64_EEE-M-C-allSides-2/harting_Han64_EEE-M-C-Top/frame_000307.jpg,harting_han64_eee_m_c_allsides_2,top,frame_000307,,,unassigned,good,/home/sb/Harting_Inspection/data/raw/harting_Han64_EEE-M-C-allSides-2/harting_Han64_EEE-M-C-Top
91eac151e1bbecc1,/home/sb/Harting_Inspection/data/raw/harting_Han64_EEE-M-C-allSides-2/harting_Han64_EEE-M-C-Top/frame_000308.jpg,harting_han64_eee_m_c_allsides_2,top,frame_000308,,,unassigned,good,/home/sb/Harting_Inspection/data/raw/harting_Han64_EEE-M-C-allSides-2/harting_Han64_EEE-M-C-Top
182d19af7a52929b,/home/sb/Harting_Inspection/data/raw/harting_Han64_EEE-M-C-allSides-2/harting_Han64_EEE-M-C-Top/frame_000309.jpg,harting_han64_eee_m_c_allsides_2,top,frame_000309,,,unassigned,good,/home/sb/Harting_Inspection/data/raw/harting_Han64_EEE-M-C-allSides-2/harting_Han64_EEE-M-C-Top
eed15aacc45ff1e1,/home/sb/Harting_Inspection/data/raw/harting_Han64_EEE-M-C-allSides-2/harting_Han64_EEE-M-C-Top/frame_000310.jpg,harting_han64_eee_m_c_allsides_2,top,frame_000310,,,unassigned,good,/home/sb/Harting_Inspection/data/raw/harting_Han64_EEE-M-C-allSides-2/harting_Han64_EEE-M-C-Top
4cdc45b524470ef1,/home/sb/Harting_Inspection/data/raw/harting_Han64_EEE-M-C-allSides-2/harting_Han64_EEE-M-C-Top/frame_000311.jpg,harting_han64_eee_m_c_allsides_2,top,frame_000311,,,unassigned,good,/home/sb/Harting_Inspection/data/raw/harting_Han64_EEE-M-C-allSides-2/harting_Han64_EEE-M-C-Top
c4e98d96f95ba2cc,/home/sb/Harting_Inspection/data/raw/harting_Han64_EEE-M-C-allSides-2/harting_Han64_EEE-M-C-Top/frame_000312.jpg,harting_han64_eee_m_c_allsides_2,top,frame_000312,,,unassigned,good,/home/sb/Harting_Inspection/data/raw/harting_Han64_EEE-M-C-allSides-2/harting_Han64_EEE-M-C-Top
ad69cc3d503054a6,/home/sb/Harting_Inspection/data/raw/harting_Han64_EEE-M-C-allSides-2/harting_Han64_EEE-M-C-Top/frame_000313.jpg,harting_han64_eee_m_c_allsides_2,top,frame_000313,,,unassigned,good,/home/sb/Harting_Inspection/data/raw/harting_Han64_EEE-M-C-allSides-2/harting_Han64_EEE-M-C-Top
9053a0f09097d8cf,/home/sb/Harting_Inspection/data/raw/harting_Han64_EEE-M-C-allSides-2/harting_Han64_EEE-M-C-Top/frame_000314.jpg,harting_han64_eee_m_c_allsides_2,top,frame_000314,,,unassigned,good,/home/sb/Harting_Inspection/data/raw/harting_Han64_EEE-M-C-allSides-2/harting_Han64_EEE-M-C-Top
91fac3ab7c408249,/home/sb/Harting_Inspection/data/raw/harting_Han64_EEE-M-C-allSides-2/harting_Han64_EEE-M-C-Top/frame_000315.jpg,harting_han64_eee_m_c_allsides_2,top,frame_000315,,,unassigned,good,/home/sb/Harting_Inspection/data/raw/harting_Han64_EEE-M-C-allSides-2/harting_Han64_EEE-M-C-Top
4800783d5032d3cb,/home/sb/Harting_Inspection/data/raw/harting_Han64_EEE-M-C-allSides-2/harting_Han64_EEE-M-C-Top/frame_000316.jpg,harting_han64_eee_m_c_allsides_2,top,frame_000316,,,unassigned,good,/home/sb/Harting_Inspection/data/raw/harting_Han64_EEE-M-C-allSides-2/harting_Han64_EEE-M-C-Top
b05944885ebd261a,/home/sb/Harting_Inspection/data/raw/harting_Han64_EEE-M-C-allSides-2/harting_Han64_EEE-M-C-Top/frame_000317.jpg,harting_han64_eee_m_c_allsides_2,top,frame_000317,,,unassigned,good,/home/sb/Harting_Inspection/data/raw/harting_Han64_EEE-M-C-allSides-2/harting_Han64_EEE-M-C-Top
eeb408f5d1291a29,/home/sb/Harting_Inspection/data/raw/harting_Han64_EEE-M-C-allSides-2/harting_Han64_EEE-M-C-Top/frame_000318.jpg,harting_han64_eee_m_c_allsides_2,top,frame_000318,,,unassigned,good,/home/sb/Harting_Inspection/data/raw/harting_Han64_EEE-M-C-allSides-2/harting_Han64_EEE-M-C-Top
c81f4e64d7851262,/home/sb/Harting_Inspection/data/raw/harting_Han64_EEE-M-C-allSides-2/harting_Han64_EEE-M-C-Top/frame_000319.jpg,harting_han64_eee_m_c_allsides_2,top,frame_000319,,,unassigned,good,/home/sb/Harting_Inspection/data/raw/harting_Han64_EEE-M-C-allSides-2/harting_Han64_EEE-M-C-Top
d6909598ab48a083,/home/sb/Harting_Inspection/data/raw/harting_Han64_EEE-M-C-allSides-2/harting_Han64_EEE-M-C-Top/frame_000320.jpg,harting_han64_eee_m_c_allsides_2,top,frame_000320,,,unassigned,good,/home/sb/Harting_Inspection/data/raw/harting_Han64_EEE-M-C-allSides-2/harting_Han64_EEE-M-C-Top
24763e1833901ccd,/home/sb/Harting_Inspection/data/raw/harting_Han64_EEE-M-C-allSides-2/harting_Han64_EEE-M-C-Top/frame_000321.jpg,harting_han64_eee_m_c_allsides_2,top,frame_000321,,,unassigned,good,/home/sb/Harting_Inspection/data/raw/harting_Han64_EEE-M-C-allSides-2/harting_Han64_EEE-M-C-Top
1e06f434b5c2893f,/home/sb/Harting_Inspection/data/raw/harting_Han64_EEE-M-C-allSides-2/harting_Han64_EEE-M-C-Top/frame_000322.jpg,harting_han64_eee_m_c_allsides_2,top,frame_000322,,,unassigned,good,/home/sb/Harting_Inspection/data/raw/harting_Han64_EEE-M-C-allSides-2/harting_Han64_EEE-M-C-Top
70caf3a408033d06,/home/sb/Harting_Inspection/data/raw/harting_Han64_EEE-M-C-allSides-2/harting_Han64_EEE-M-C-Top/frame_000323.jpg,harting_han64_eee_m_c_allsides_2,top,frame_000323,,,unassigned,good,/home/sb/Harting_Inspection/data/raw/harting_Han64_EEE-M-C-allSides-2/harting_Han64_EEE-M-C-Top
e11c09cf3c296e41,/home/sb/Harting_Inspection/data/raw/harting_Han64_EEE-M-C-allSides-2/harting_Han64_EEE-M-C-Top/frame_000324.jpg,harting_han64_eee_m_c_allsides_2,top,frame_000324,,,unassigned,good,/home/sb/Harting_Inspection/data/raw/harting_Han64_EEE-M-C-allSides-2/harting_Han64_EEE-M-C-Top
258f92102dca61ef,/home/sb/Harting_Inspection/data/raw/harting_Han64_EEE-M-C-allSides-2/harting_Han64_EEE-M-C-Top/frame_000325.jpg,harting_han64_eee_m_c_allsides_2,top,frame_000325,,,unassigned,good,/home/sb/Harting_Inspection/data/raw/harting_Han64_EEE-M-C-allSides-2/harting_Han64_EEE-M-C-Top
3cc592215c34b018,/home/sb/Harting_Inspection/data/raw/harting_Han64_EEE-M-C-allSides-2/harting_Han64_EEE-M-C-Top/frame_000326.jpg,harting_han64_eee_m_c_allsides_2,top,frame_000326,,,unassigned,good,/home/sb/Harting_Inspection/data/raw/harting_Han64_EEE-M-C-allSides-2/harting_Han64_EEE-M-C-Top
cacae82087ed013d,/home/sb/Harting_Inspection/data/raw/harting_Han64_EEE-M-C-allSides-2/harting_Han64_EEE-M-C-Top/frame_000327.jpg,harting_han64_eee_m_c_allsides_2,top,frame_000327,,,unassigned,good,/home/sb/Harting_Inspection/data/raw/harting_Han64_EEE-M-C-allSides-2/harting_Han64_EEE-M-C-Top
d600479ae08847b8,/home/sb/Harting_Inspection/data/raw/harting_Han64_EEE-M-C-allSides-2/harting_Han64_EEE-M-C-Top/frame_000328.jpg,harting_han64_eee_m_c_allsides_2,top,frame_000328,,,unassigned,good,/home/sb/Harting_Inspection/data/raw/harting_Han64_EEE-M-C-allSides-2/harting_Han64_EEE-M-C-Top
dd00e8b5ee9b4383,/home/sb/Harting_Inspection/data/raw/harting_Han64_EEE-M-C-allSides-2/harting_Han64_EEE-M-C-Top/frame_000329.jpg,harting_han64_eee_m_c_allsides_2,top,frame_000329,,,unassigned,good,/home/sb/Harting_Inspection/data/raw/harting_Han64_EEE-M-C-allSides-2/harting_Han64_EEE-M-C-Top
dc8f0b10a9945915,/home/sb/Harting_Inspection/data/raw/harting_Han64_EEE-M-C-allSides-2/harting_Han64_EEE-M-C-Top/frame_000330.jpg,harting_han64_eee_m_c_allsides_2,top,frame_000330,,,unassigned,good,/home/sb/Harting_Inspection/data/raw/harting_Han64_EEE-M-C-allSides-2/harting_Han64_EEE-M-C-Top
8a5ece1b323da491,/home/sb/Harting_Inspection/data/raw/harting_Han64_EEE-M-C-allSides-2/harting_Han64_EEE-M-C-Top/frame_000331.jpg,harting_han64_eee_m_c_allsides_2,top,frame_000331,,,unassigned,good,/home/sb/Harting_Inspection/data/raw/harting_Han64_EEE-M-C-allSides-2/harting_Han64_EEE-M-C-Top
fdce0537ac6bad58,/home/sb/Harting_Inspection/data/raw/harting_Han64_EEE-M-C-allSides-2/harting_Han64_EEE-M-C-Top/frame_000332.jpg,harting_han64_eee_m_c_allsides_2,top,frame_000332,,,unassigned,good,/home/sb/Harting_Inspection/data/raw/harting_Han64_EEE-M-C-allSides-2/harting_Han64_EEE-M-C-Top
0c39e1475bf28d4d,/home/sb/Harting_Inspection/data/raw/harting_Han64_EEE-M-C-allSides-2/harting_Han64_EEE-M-C-Top/frame_000333.jpg,harting_han64_eee_m_c_allsides_2,top,frame_000333,,,unassigned,good,/home/sb/Harting_Inspection/data/raw/harting_Han64_EEE-M-C-allSides-2/harting_Han64_EEE-M-C-Top
ea5e7b5373fef460,/home/sb/Harting_Inspection/data/raw/harting_Han64_EEE-M-C-allSides-2/harting_Han64_EEE-M-C-Top/frame_000334.jpg,harting_han64_eee_m_c_allsides_2,top,frame_000334,,,unassigned,good,/home/sb/Harting_Inspection/data/raw/harting_Han64_EEE-M-C-allSides-2/harting_Han64_EEE-M-C-Top
ed82774704f15b77,/home/sb/Harting_Inspection/data/raw/harting_Han64_EEE-M-C-allSides-2/harting_Han64_EEE-M-C-Top/frame_000335.jpg,harting_han64_eee_m_c_allsides_2,top,frame_000335,,,unassigned,good,/home/sb/Harting_Inspection/data/raw/harting_Han64_EEE-M-C-allSides-2/harting_Han64_EEE-M-C-Top
53a94cac1e8a3ae8,/home/sb/Harting_Inspection/data/raw/harting_Han64_EEE-M-C-allSides-2/harting_Han64_EEE-M-C-Top/frame_000336.jpg,harting_han64_eee_m_c_allsides_2,top,frame_000336,,,unassigned,good,/home/sb/Harting_Inspection/data/raw/harting_Han64_EEE-M-C-allSides-2/harting_Han64_EEE-M-C-Top
b08d64c05f3b07f1,/home/sb/Harting_Inspection/data/raw/harting_Han64_EEE-M-C-allSides-2/harting_Han64_EEE-M-C-Top/frame_000337.jpg,harting_han64_eee_m_c_allsides_2,top,frame_000337,,,unassigned,good,/home/sb/Harting_Inspection/data/raw/harting_Han64_EEE-M-C-allSides-2/harting_Han64_EEE-M-C-Top
43c734eaf22e352e,/home/sb/Harting_Inspection/data/raw/harting_Han64_EEE-M-C-allSides-2/harting_Han64_EEE-M-C-Top/frame_000338.jpg,harting_han64_eee_m_c_allsides_2,top,frame_000338,,,unassigned,good,/home/sb/Harting_Inspection/data/raw/harting_Han64_EEE-M-C-allSides-2/harting_Han64_EEE-M-C-Top
bfbad7c0e544af26,/home/sb/Harting_Inspection/data/raw/harting_Han64_EEE-M-C-allSides-2/harting_Han64_EEE-M-C-Top/frame_000339.jpg,harting_han64_eee_m_c_allsides_2,top,frame_000339,,,unassigned,good,/home/sb/Harting_Inspection/data/raw/harting_Han64_EEE-M-C-allSides-2/harting_Han64_EEE-M-C-Top
5b071bb1fb814248,/home/sb/Harting_Inspection/data/raw/harting_Han64_EEE-M-C-allSides-2/harting_Han64_EEE-M-C-Top/frame_000340.jpg,harting_han64_eee_m_c_allsides_2,top,frame_000340,,,unassigned,good,/home/sb/Harting_Inspection/data/raw/harting_Han64_EEE-M-C-allSides-2/harting_Han64_EEE-M-C-Top
9c4096e74d5c271d,/home/sb/Harting_Inspection/data/raw/harting_Han64_EEE-M-C-allSides-2/harting_Han64_EEE-M-C-Top/frame_000341.jpg,harting_han64_eee_m_c_allsides_2,top,frame_000341,,,unassigned,good,/home/sb/Harting_Inspection/data/raw/harting_Han64_EEE-M-C-allSides-2/harting_Han64_EEE-M-C-Top
b3045e295d6a3223,/home/sb/Harting_Inspection/data/raw/harting_Han64_EEE-M-C-allSides-2/harting_Han64_EEE-M-C-Top/frame_000342.jpg,harting_han64_eee_m_c_allsides_2,top,frame_000342,,,unassigned,good,/home/sb/Harting_Inspection/data/raw/harting_Han64_EEE-M-C-allSides-2/harting_Han64_EEE-M-C-Top
556fcda05c3eb07e,/home/sb/Harting_Inspection/data/raw/harting_Han64_EEE-M-C-allSides-2/harting_Han64_EEE-M-C-Top/frame_000343.jpg,harting_han64_eee_m_c_allsides_2,top,frame_000343,,,unassigned,good,/home/sb/Harting_Inspection/data/raw/harting_Han64_EEE-M-C-allSides-2/harting_Han64_EEE-M-C-Top
591ea282ab4c15d5,/home/sb/Harting_Inspection/data/raw/harting_Han64_EEE-M-C-allSides-2/harting_Han64_EEE-M-C-Top/frame_000344.jpg,harting_han64_eee_m_c_allsides_2,top,frame_000344,,,unassigned,good,/home/sb/Harting_Inspection/data/raw/harting_Han64_EEE-M-C-allSides-2/harting_Han64_EEE-M-C-Top
fcc491366fe7112d,/home/sb/Harting_Inspection/data/raw/harting_Han64_EEE-M-C-allSides-2/harting_Han64_EEE-M-C-Top/frame_000345.jpg,harting_han64_eee_m_c_allsides_2,top,frame_000345,,,unassigned,good,/home/sb/Harting_Inspection/data/raw/harting_Han64_EEE-M-C-allSides-2/harting_Han64_EEE-M-C-Top
31a3748623e8283c,/home/sb/Harting_Inspection/data/raw/harting_Han64_EEE-M-C-allSides-2/harting_Han64_EEE-M-C-Top/frame_000346.jpg,harting_han64_eee_m_c_allsides_2,top,frame_000346,,,unassigned,good,/home/sb/Harting_Inspection/data/raw/harting_Han64_EEE-M-C-allSides-2/harting_Han64_EEE-M-C-Top
88a7e61fa8850d0e,/home/sb/Harting_Inspection/data/raw/harting_Han64_EEE-M-C-allSides-2/harting_Han64_EEE-M-C-Top/frame_000347.jpg,harting_han64_eee_m_c_allsides_2,top,frame_000347,,,unassigned,good,/home/sb/Harting_Inspection/data/raw/harting_Han64_EEE-M-C-allSides-2/harting_Han64_EEE-M-C-Top
8003c39cc9320812,/home/sb/Harting_Inspection/data/raw/harting_Han64_EEE-M-C-allSides-2/harting_Han64_EEE-M-C-Top/frame_000348.jpg,harting_han64_eee_m_c_allsides_2,top,frame_000348,,,unassigned,good,/home/sb/Harting_Inspection/data/raw/harting_Han64_EEE-M-C-allSides-2/harting_Han64_EEE-M-C-Top
4117ca9780b0f4f3,/home/sb/Harting_Inspection/data/raw/harting_Han64_EEE-M-C-allSides-2/harting_Han64_EEE-M-C-Top/frame_000349.jpg,harting_han64_eee_m_c_allsides_2,top,frame_000349,,,unassigned,good,/home/sb/Harting_Inspection/data/raw/harting_Han64_EEE-M-C-allSides-2/harting_Han64_EEE-M-C-Top
0075d2da2cbe48c3,/home/sb/Harting_Inspection/data/raw/harting_Han64_EEE-M-C-allSides-2/harting_Han64_EEE-M-C-Top/frame_000350.jpg,harting_han64_eee_m_c_allsides_2,top,frame_000350,,,unassigned,good,/home/sb/Harting_Inspection/data/raw/harting_Han64_EEE-M-C-allSides-2/harting_Han64_EEE-M-C-Top
c816f7c4eeae0cfb,/home/sb/Harting_Inspection/data/raw/harting_Han64_EEE-M-C-allSides-2/harting_Han64_EEE-M-C-Top/frame_000351.jpg,harting_han64_eee_m_c_allsides_2,top,frame_000351,,,unassigned,good,/home/sb/Harting_Inspection/data/raw/harting_Han64_EEE-M-C-allSides-2/harting_Han64_EEE-M-C-Top
860227885c613953,/home/sb/Harting_Inspection/data/raw/harting_Han64_EEE-M-C-allSides-2/harting_Han64_EEE-M-C-Top/frame_000352.jpg,harting_han64_eee_m_c_allsides_2,top,frame_000352,,,unassigned,good,/home/sb/Harting_Inspection/data/raw/harting_Han64_EEE-M-C-allSides-2/harting_Han64_EEE-M-C-Top
0d0d041acd443f41,/home/sb/Harting_Inspection/data/raw/harting_Han64_EEE-M-C-allSides-2/harting_Han64_EEE-M-C-Top/frame_000353.jpg,harting_han64_eee_m_c_allsides_2,top,frame_000353,,,unassigned,good,/home/sb/Harting_Inspection/data/raw/harting_Han64_EEE-M-C-allSides-2/harting_Han64_EEE-M-C-Top
8687e10618a90f7f,/home/sb/Harting_Inspection/data/raw/harting_Han64_EEE-M-C-allSides-2/harting_Han64_EEE-M-C-Top/frame_000354.jpg,harting_han64_eee_m_c_allsides_2,top,frame_000354,,,unassigned,good,/home/sb/Harting_Inspection/data/raw/harting_Han64_EEE-M-C-allSides-2/harting_Han64_EEE-M-C-Top
390155bb724d3990,/home/sb/Harting_Inspection/data/raw/harting_Han64_EEE-M-C-allSides-2/harting_Han64_EEE-M-C-Top/frame_000355.jpg,harting_han64_eee_m_c_allsides_2,top,frame_000355,,,unassigned,good,/home/sb/Harting_Inspection/data/raw/harting_Han64_EEE-M-C-allSides-2/harting_Han64_EEE-M-C-Top
5a6c14fbeb267513,/home/sb/Harting_Inspection/data/raw/harting_Han64_EEE-M-C-allSides-2/harting_Han64_EEE-M-C-Top/frame_000356.jpg,harting_han64_eee_m_c_allsides_2,top,frame_000356,,,unassigned,good,/home/sb/Harting_Inspection/data/raw/harting_Han64_EEE-M-C-allSides-2/harting_Han64_EEE-M-C-Top
2c8cbfea10f9aad2,/home/sb/Harting_Inspection/data/raw/harting_Han64_EEE-M-C-allSides-2/harting_Han64_EEE-M-C-Top/frame_000357.jpg,harting_han64_eee_m_c_allsides_2,top,frame_000357,,,unassigned,good,/home/sb/Harting_Inspection/data/raw/harting_Han64_EEE-M-C-allSides-2/harting_Han64_EEE-M-C-Top
56f01489b244b394,/home/sb/Harting_Inspection/data/raw/harting_Han64_EEE-M-C-allSides-2/harting_Han64_EEE-M-C-Top/frame_000358.jpg,harting_han64_eee_m_c_allsides_2,top,frame_000358,,,unassigned,good,/home/sb/Harting_Inspection/data/raw/harting_Han64_EEE-M-C-allSides-2/harting_Han64_EEE-M-C-Top
24b300218ca0b601,/home/sb/Harting_Inspection/data/raw/harting_Han64_EEE-M-C-allSides-2/harting_Han64_EEE-M-C-Top/frame_000359.jpg,harting_han64_eee_m_c_allsides_2,top,frame_000359,,,unassigned,good,/home/sb/Harting_Inspection/data/raw/harting_Han64_EEE-M-C-allSides-2/harting_Han64_EEE-M-C-Top
be84ef0316e4aa6e,/home/sb/Harting_Inspection/data/raw/harting_Han64_EEE-M-C-allSides-2/harting_Han64_EEE-M-C-Top/frame_000360.jpg,harting_han64_eee_m_c_allsides_2,top,frame_000360,,,unassigned,good,/home/sb/Harting_Inspection/data/raw/harting_Han64_EEE-M-C-allSides-2/harting_Han64_EEE-M-C-Top
5e4114a54856f87b,/home/sb/Harting_Inspection/data/raw/harting_Han64_EEE-M-C-allSides-2/harting_Han64_EEE-M-C-Top/frame_000361.jpg,harting_han64_eee_m_c_allsides_2,top,frame_000361,,,unassigned,good,/home/sb/Harting_Inspection/data/raw/harting_Han64_EEE-M-C-allSides-2/harting_Han64_EEE-M-C-Top
fdfd1937aed5329b,/home/sb/Harting_Inspection/data/raw/harting_Han64_EEE-M-C-allSides-2/harting_Han64_EEE-M-C-Top/frame_000362.jpg,harting_han64_eee_m_c_allsides_2,top,frame_000362,,,unassigned,good,/home/sb/Harting_Inspection/data/raw/harting_Han64_EEE-M-C-allSides-2/harting_Han64_EEE-M-C-Top
0048f39e4f64331c,/home/sb/Harting_Inspection/data/raw/harting_Han64_EEE-M-C-allSides-2/harting_Han64_EEE-M-C-Top/frame_000363.jpg,harting_han64_eee_m_c_allsides_2,top,frame_000363,,,unassigned,good,/home/sb/Harting_Inspection/data/raw/harting_Han64_EEE-M-C-allSides-2/harting_Han64_EEE-M-C-Top
9b86e0d476698a3c,/home/sb/Harting_Inspection/data/raw/harting_Han64_EEE-M-C-allSides-2/harting_Han64_EEE-M-C-Top/frame_000364.jpg,harting_han64_eee_m_c_allsides_2,top,frame_000364,,,unassigned,good,/home/sb/Harting_Inspection/data/raw/harting_Han64_EEE-M-C-allSides-2/harting_Han64_EEE-M-C-Top
54a81054869a24aa,/home/sb/Harting_Inspection/data/raw/harting_Han64_EEE-M-C-allSides-2/harting_Han64_EEE-M-C-Top/frame_000365.jpg,harting_han64_eee_m_c_allsides_2,top,frame_000365,,,unassigned,good,/home/sb/Harting_Inspection/data/raw/harting_Han64_EEE-M-C-allSides-2/harting_Han64_EEE-M-C-Top
3566b89bdb934211,/home/sb/Harting_Inspection/data/raw/harting_Han64_EEE-M-C-allSides-2/harting_Han64_EEE-M-C-Top/frame_000366.jpg,harting_han64_eee_m_c_allsides_2,top,frame_000366,,,unassigned,good,/home/sb/Harting_Inspection/data/raw/harting_Han64_EEE-M-C-allSides-2/harting_Han64_EEE-M-C-Top
02ab068104a7b0f4,/home/sb/Harting_Inspection/data/raw/harting_Han64_EEE-M-C-allSides-2/harting_Han64_EEE-M-C-Top/frame_000367.jpg,harting_han64_eee_m_c_allsides_2,top,frame_000367,,,unassigned,good,/home/sb/Harting_Inspection/data/raw/harting_Han64_EEE-M-C-allSides-2/harting_Han64_EEE-M-C-Top
ffe95558fa1371a8,/home/sb/Harting_Inspection/data/raw/harting_Han64_EEE-M-C-allSides-2/harting_Han64_EEE-M-C-Top/frame_000368.jpg,harting_han64_eee_m_c_allsides_2,top,frame_000368,,,unassigned,good,/home/sb/Harting_Inspection/data/raw/harting_Han64_EEE-M-C-allSides-2/harting_Han64_EEE-M-C-Top
1aba9f13b9c6e2b7,/home/sb/Harting_Inspection/data/raw/harting_Han64_EEE-M-C-allSides-2/harting_Han64_EEE-M-C-Top/frame_000369.jpg,harting_han64_eee_m_c_allsides_2,top,frame_000369,,,unassigned,good,/home/sb/Harting_Inspection/data/raw/harting_Han64_EEE-M-C-allSides-2/harting_Han64_EEE-M-C-Top
083f8e76862a5a9d,/home/sb/Harting_Inspection/data/raw/harting_Han64_EEE-M-C-allSides-2/harting_Han64_EEE-M-C-Top/frame_000370.jpg,harting_han64_eee_m_c_allsides_2,top,frame_000370,,,unassigned,good,/home/sb/Harting_Inspection/data/raw/harting_Han64_EEE-M-C-allSides-2/harting_Han64_EEE-M-C-Top
fc1f3f22ef6b52ff,/home/sb/Harting_Inspection/data/raw/harting_Han64_EEE-M-C-allSides-2/harting_Han64_EEE-M-C-Top/frame_000371.jpg,harting_han64_eee_m_c_allsides_2,top,frame_000371,,,unassigned,good,/home/sb/Harting_Inspection/data/raw/harting_Han64_EEE-M-C-allSides-2/harting_Han64_EEE-M-C-Top
7444ca6904997db9,/home/sb/Harting_Inspection/data/raw/harting_Han64_EEE-M-C-allSides-2/harting_Han64_EEE-M-C-Top/frame_000372.jpg,harting_han64_eee_m_c_allsides_2,top,frame_000372,,,unassigned,good,/home/sb/Harting_Inspection/data/raw/harting_Han64_EEE-M-C-allSides-2/harting_Han64_EEE-M-C-Top
81dfe512a98c78d1,/home/sb/Harting_Inspection/data/raw/harting_Han64_EEE-M-C-allSides-2/harting_Han64_EEE-M-C-Top/frame_000373.jpg,harting_han64_eee_m_c_allsides_2,top,frame_000373,,,unassigned,good,/home/sb/Harting_Inspection/data/raw/harting_Han64_EEE-M-C-allSides-2/harting_Han64_EEE-M-C-Top
d92152c89f711314,/home/sb/Harting_Inspection/data/raw/harting_Han64_EEE-M-C-allSides-2/harting_Han64_EEE-M-C-Top/frame_000374.jpg,harting_han64_eee_m_c_allsides_2,top,frame_000374,,,unassigned,good,/home/sb/Harting_Inspection/data/raw/harting_Han64_EEE-M-C-allSides-2/harting_Han64_EEE-M-C-Top
09ec92eac854fe88,/home/sb/Harting_Inspection/data/raw/harting_Han64_EEE-M-C-allSides-2/harting_Han64_EEE-M-C-Top/frame_000375.jpg,harting_han64_eee_m_c_allsides_2,top,frame_000375,,,unassigned,good,/home/sb/Harting_Inspection/data/raw/harting_Han64_EEE-M-C-allSides-2/harting_Han64_EEE-M-C-Top
d605e5263f65832d,/home/sb/Harting_Inspection/data/raw/harting_Han64_EEE-M-C-allSides-2/harting_Han64_EEE-M-C-Top/frame_000376.jpg,harting_han64_eee_m_c_allsides_2,top,frame_000376,,,unassigned,good,/home/sb/Harting_Inspection/data/raw/harting_Han64_EEE-M-C-allSides-2/harting_Han64_EEE-M-C-Top
392e229df2ceb998,/home/sb/Harting_Inspection/data/raw/harting_Han64_EEE-M-C-allSides-2/harting_Han64_EEE-M-C-Top/frame_000377.jpg,harting_han64_eee_m_c_allsides_2,top,frame_000377,,,unassigned,good,/home/sb/Harting_Inspection/data/raw/harting_Han64_EEE-M-C-allSides-2/harting_Han64_EEE-M-C-Top
15d52a7d67912898,/home/sb/Harting_Inspection/data/raw/harting_Han64_EEE-M-C-allSides-2/harting_Han64_EEE-M-C-Top/frame_000378.jpg,harting_han64_eee_m_c_allsides_2,top,frame_000378,,,unassigned,good,/home/sb/Harting_Inspection/data/raw/harting_Han64_EEE-M-C-allSides-2/harting_Han64_EEE-M-C-Top
75abc46dfaf75808,/home/sb/Harting_Inspection/data/raw/harting_Han64_EEE-M-C-allSides-2/harting_Han64_EEE-M-C-Top/frame_000379.jpg,harting_han64_eee_m_c_allsides_2,top,frame_000379,,,unassigned,good,/home/sb/Harting_Inspection/data/raw/harting_Han64_EEE-M-C-allSides-2/harting_Han64_EEE-M-C-Top
87139d3ae8058796,/home/sb/Harting_Inspection/data/raw/harting_Han64_EEE-M-C-allSides-2/harting_Han64_EEE-M-C-Top/frame_000380.jpg,harting_han64_eee_m_c_allsides_2,top,frame_000380,,,unassigned,good,/home/sb/Harting_Inspection/data/raw/harting_Han64_EEE-M-C-allSides-2/harting_Han64_EEE-M-C-Top
aeb3cd8d676cc7d4,/home/sb/Harting_Inspection/data/raw/harting_Han64_EEE-M-C-allSides-2/harting_Han64_EEE-M-C-Top/frame_000381.jpg,harting_han64_eee_m_c_allsides_2,top,frame_000381,,,unassigned,good,/home/sb/Harting_Inspection/data/raw/harting_Han64_EEE-M-C-allSides-2/harting_Han64_EEE-M-C-Top
3eb3c4a4a16edc8d,/home/sb/Harting_Inspection/data/raw/harting_Han64_EEE-M-C-allSides-2/harting_Han64_EEE-M-C-Top/frame_000382.jpg,harting_han64_eee_m_c_allsides_2,top,frame_000382,,,unassigned,good,/home/sb/Harting_Inspection/data/raw/harting_Han64_EEE-M-C-allSides-2/harting_Han64_EEE-M-C-Top
513a9a06b7d0d1c7,/home/sb/Harting_Inspection/data/raw/harting_Han64_EEE-M-C-allSides-2/harting_Han64_EEE-M-C-Top/frame_000383.jpg,harting_han64_eee_m_c_allsides_2,top,frame_000383,,,unassigned,good,/home/sb/Harting_Inspection/data/raw/harting_Han64_EEE-M-C-allSides-2/harting_Han64_EEE-M-C-Top
e61f9a7d7c2d31e5,/home/sb/Harting_Inspection/data/raw/harting_Han64_EEE-M-C-allSides-2/harting_Han64_EEE-M-C-Top/frame_000384.jpg,harting_han64_eee_m_c_allsides_2,top,frame_000384,,,unassigned,good,/home/sb/Harting_Inspection/data/raw/harting_Han64_EEE-M-C-allSides-2/harting_Han64_EEE-M-C-Top
d0320ccae7c9c4c6,/home/sb/Harting_Inspection/data/raw/harting_Han64_EEE-M-C-allSides-2/harting_Han64_EEE-M-C-Top/frame_000385.jpg,harting_han64_eee_m_c_allsides_2,top,frame_000385,,,unassigned,good,/home/sb/Harting_Inspection/data/raw/harting_Han64_EEE-M-C-allSides-2/harting_Han64_EEE-M-C-Top
38a73106fb4d4aa8,/home/sb/Harting_Inspection/data/raw/harting_Han64_EEE-M-C-allSides-2/harting_Han64_EEE-M-C-Top/frame_000386.jpg,harting_han64_eee_m_c_allsides_2,top,frame_000386,,,unassigned,good,/home/sb/Harting_Inspection/data/raw/harting_Han64_EEE-M-C-allSides-2/harting_Han64_EEE-M-C-Top
a4c5783595eb1f32,/home/sb/Harting_Inspection/data/raw/harting_Han64_EEE-M-C-allSides-2/harting_Han64_EEE-M-C-Top/frame_000387.jpg,harting_han64_eee_m_c_allsides_2,top,frame_000387,,,unassigned,good,/home/sb/Harting_Inspection/data/raw/harting_Han64_EEE-M-C-allSides-2/harting_Han64_EEE-M-C-Top
2bf1da2e5ee228b8,/home/sb/Harting_Inspection/data/raw/harting_Han64_EEE-M-C-allSides-2/harting_Han64_EEE-M-C-Top/frame_000388.jpg,harting_han64_eee_m_c_allsides_2,top,frame_000388,,,unassigned,good,/home/sb/Harting_Inspection/data/raw/harting_Han64_EEE-M-C-allSides-2/harting_Han64_EEE-M-C-Top
9e72c76f2e0d2917,/home/sb/Harting_Inspection/data/raw/harting_Han64_EEE-M-C-allSides-2/harting_Han64_EEE-M-C-bottom/frame_000000.jpg,harting_han64_eee_m_c_allsides_2,bottom,frame_000000,,,unassigned,good,/home/sb/Harting_Inspection/data/raw/harting_Han64_EEE-M-C-allSides-2/harting_Han64_EEE-M-C-bottom
3210e6ed4773fcf0,/home/sb/Harting_Inspection/data/raw/harting_Han64_EEE-M-C-allSides-2/harting_Han64_EEE-M-C-bottom/frame_000001.jpg,harting_han64_eee_m_c_allsides_2,bottom,frame_000001,,,unassigned,good,/home/sb/Harting_Inspection/data/raw/harting_Han64_EEE-M-C-allSides-2/harting_Han64_EEE-M-C-bottom
363d07497b133a14,/home/sb/Harting_Inspection/data/raw/harting_Han64_EEE-M-C-allSides-2/harting_Han64_EEE-M-C-bottom/frame_000002.jpg,harting_han64_eee_m_c_allsides_2,bottom,frame_000002,,,unassigned,good,/home/sb/Harting_Inspection/data/raw/harting_Han64_EEE-M-C-allSides-2/harting_Han64_EEE-M-C-bottom
cbec574395cc46c2,/home/sb/Harting_Inspection/data/raw/harting_Han64_EEE-M-C-allSides-2/harting_Han64_EEE-M-C-bottom/frame_000003.jpg,harting_han64_eee_m_c_allsides_2,bottom,frame_000003,,,unassigned,good,/home/sb/Harting_Inspection/data/raw/harting_Han64_EEE-M-C-allSides-2/harting_Han64_EEE-M-C-bottom
bfaf4115f2b22035,/home/sb/Harting_Inspection/data/raw/harting_Han64_EEE-M-C-allSides-2/harting_Han64_EEE-M-C-bottom/frame_000004.jpg,harting_han64_eee_m_c_allsides_2,bottom,frame_000004,,,unassigned,good,/home/sb/Harting_Inspection/data/raw/harting_Han64_EEE-M-C-allSides-2/harting_Han64_EEE-M-C-bottom
3c6151a8620fff86,/home/sb/Harting_Inspection/data/raw/harting_Han64_EEE-M-C-allSides-2/harting_Han64_EEE-M-C-bottom/frame_000005.jpg,harting_han64_eee_m_c_allsides_2,bottom,frame_000005,,,unassigned,good,/home/sb/Harting_Inspection/data/raw/harting_Han64_EEE-M-C-allSides-2/harting_Han64_EEE-M-C-bottom
9b6893aed3403732,/home/sb/Harting_Inspection/data/raw/harting_Han64_EEE-M-C-allSides-2/harting_Han64_EEE-M-C-bottom/frame_000006.jpg,harting_han64_eee_m_c_allsides_2,bottom,frame_000006,,,unassigned,good,/home/sb/Harting_Inspection/data/raw/harting_Han64_EEE-M-C-allSides-2/harting_Han64_EEE-M-C-bottom
c1a95e217ae2e102,/home/sb/Harting_Inspection/data/raw/harting_Han64_EEE-M-C-allSides-2/harting_Han64_EEE-M-C-bottom/frame_000007.jpg,harting_han64_eee_m_c_allsides_2,bottom,frame_000007,,,unassigned,good,/home/sb/Harting_Inspection/data/raw/harting_Han64_EEE-M-C-allSides-2/harting_Han64_EEE-M-C-bottom
c4d43ae548e4e523,/home/sb/Harting_Inspection/data/raw/harting_Han64_EEE-M-C-allSides-2/harting_Han64_EEE-M-C-bottom/frame_000008.jpg,harting_han64_eee_m_c_allsides_2,bottom,frame_000008,,,unassigned,good,/home/sb/Harting_Inspection/data/raw/harting_Han64_EEE-M-C-allSides-2/harting_Han64_EEE-M-C-bottom
b0104ae5ef612994,/home/sb/Harting_Inspection/data/raw/harting_Han64_EEE-M-C-allSides-2/harting_Han64_EEE-M-C-bottom/frame_000009.jpg,harting_han64_eee_m_c_allsides_2,bottom,frame_000009,,,unassigned,good,/home/sb/Harting_Inspection/data/raw/harting_Han64_EEE-M-C-allSides-2/harting_Han64_EEE-M-C-bottom
9c6bb6b40df81279,/home/sb/Harting_Inspection/data/raw/harting_Han64_EEE-M-C-allSides-2/harting_Han64_EEE-M-C-bottom/frame_000010.jpg,harting_han64_eee_m_c_allsides_2,bottom,frame_000010,,,unassigned,good,/home/sb/Harting_Inspection/data/raw/harting_Han64_EEE-M-C-allSides-2/harting_Han64_EEE-M-C-bottom
17c37c8006349016,/home/sb/Harting_Inspection/data/raw/harting_Han64_EEE-M-C-allSides-2/harting_Han64_EEE-M-C-bottom/frame_000011.jpg,harting_han64_eee_m_c_allsides_2,bottom,frame_000011,,,unassigned,good,/home/sb/Harting_Inspection/data/raw/harting_Han64_EEE-M-C-allSides-2/harting_Han64_EEE-M-C-bottom
c29cbd3e924bfded,/home/sb/Harting_Inspection/data/raw/harting_Han64_EEE-M-C-allSides-2/harting_Han64_EEE-M-C-bottom/frame_000012.jpg,harting_han64_eee_m_c_allsides_2,bottom,frame_000012,,,unassigned,good,/home/sb/Harting_Inspection/data/raw/harting_Han64_EEE-M-C-allSides-2/harting_Han64_EEE-M-C-bottom
d567cda57c9d837f,/home/sb/Harting_Inspection/data/raw/harting_Han64_EEE-M-C-allSides-2/harting_Han64_EEE-M-C-bottom/frame_000013.jpg,harting_han64_eee_m_c_allsides_2,bottom,frame_000013,,,unassigned,good,/home/sb/Harting_Inspection/data/raw/harting_Han64_EEE-M-C-allSides-2/harting_Han64_EEE-M-C-bottom
e1c66d9ddde5abe1,/home/sb/Harting_Inspection/data/raw/harting_Han64_EEE-M-C-allSides-2/harting_Han64_EEE-M-C-bottom/frame_000014.jpg,harting_han64_eee_m_c_allsides_2,bottom,frame_000014,,,unassigned,good,/home/sb/Harting_Inspection/data/raw/harting_Han64_EEE-M-C-allSides-2/harting_Han64_EEE-M-C-bottom
65c1404d8e795dd4,/home/sb/Harting_Inspection/data/raw/harting_Han64_EEE-M-C-allSides-2/harting_Han64_EEE-M-C-bottom/frame_000015.jpg,harting_han64_eee_m_c_allsides_2,bottom,frame_000015,,,unassigned,good,/home/sb/Harting_Inspection/data/raw/harting_Han64_EEE-M-C-allSides-2/harting_Han64_EEE-M-C-bottom
a1eb525ca0aa3d03,/home/sb/Harting_Inspection/data/raw/harting_Han64_EEE-M-C-allSides-2/harting_Han64_EEE-M-C-bottom/frame_000016.jpg,harting_han64_eee_m_c_allsides_2,bottom,frame_000016,,,unassigned,good,/home/sb/Harting_Inspection/data/raw/harting_Han64_EEE-M-C-allSides-2/harting_Han64_EEE-M-C-bottom
35fc9925ebc9e6df,/home/sb/Harting_Inspection/data/raw/harting_Han64_EEE-M-C-allSides-2/harting_Han64_EEE-M-C-bottom/frame_000017.jpg,harting_han64_eee_m_c_allsides_2,bottom,frame_000017,,,unassigned,good,/home/sb/Harting_Inspection/data/raw/harting_Han64_EEE-M-C-allSides-2/harting_Han64_EEE-M-C-bottom
4390edd2dae2e8b6,/home/sb/Harting_Inspection/data/raw/harting_Han64_EEE-M-C-allSides-2/harting_Han64_EEE-M-C-bottom/frame_000018.jpg,harting_han64_eee_m_c_allsides_2,bottom,frame_000018,,,unassigned,good,/home/sb/Harting_Inspection/data/raw/harting_Han64_EEE-M-C-allSides-2/harting_Han64_EEE-M-C-bottom
722aa92ab2afdd29,/home/sb/Harting_Inspection/data/raw/harting_Han64_EEE-M-C-allSides-2/harting_Han64_EEE-M-C-bottom/frame_000019.jpg,harting_han64_eee_m_c_allsides_2,bottom,frame_000019,,,unassigned,good,/home/sb/Harting_Inspection/data/raw/harting_Han64_EEE-M-C-allSides-2/harting_Han64_EEE-M-C-bottom
77c3d7c6d186034f,/home/sb/Harting_Inspection/data/raw/harting_Han64_EEE-M-C-allSides-2/harting_Han64_EEE-M-C-bottom/frame_000020.jpg,harting_han64_eee_m_c_allsides_2,bottom,frame_000020,,,unassigned,good,/home/sb/Harting_Inspection/data/raw/harting_Han64_EEE-M-C-allSides-2/harting_Han64_EEE-M-C-bottom
7de27fae31448d0e,/home/sb/Harting_Inspection/data/raw/harting_Han64_EEE-M-C-allSides-2/harting_Han64_EEE-M-C-bottom/frame_000021.jpg,harting_han64_eee_m_c_allsides_2,bottom,frame_000021,,,unassigned,good,/home/sb/Harting_Inspection/data/raw/harting_Han64_EEE-M-C-allSides-2/harting_Han64_EEE-M-C-bottom
2f766d389cb03467,/home/sb/Harting_Inspection/data/raw/harting_Han64_EEE-M-C-allSides-2/harting_Han64_EEE-M-C-bottom/frame_000022.jpg,harting_han64_eee_m_c_allsides_2,bottom,frame_000022,,,unassigned,good,/home/sb/Harting_Inspection/data/raw/harting_Han64_EEE-M-C-allSides-2/harting_Han64_EEE-M-C-bottom
618dac2ca0e555ae,/home/sb/Harting_Inspection/data/raw/harting_Han64_EEE-M-C-allSides-2/harting_Han64_EEE-M-C-bottom/frame_000023.jpg,harting_han64_eee_m_c_allsides_2,bottom,frame_000023,,,unassigned,good,/home/sb/Harting_Inspection/data/raw/harting_Han64_EEE-M-C-allSides-2/harting_Han64_EEE-M-C-bottom
741b867da118e545,/home/sb/Harting_Inspection/data/raw/harting_Han64_EEE-M-C-allSides-2/harting_Han64_EEE-M-C-bottom/frame_000024.jpg,harting_han64_eee_m_c_allsides_2,bottom,frame_000024,,,unassigned,good,/home/sb/Harting_Inspection/data/raw/harting_Han64_EEE-M-C-allSides-2/harting_Han64_EEE-M-C-bottom
76b7dd89e772f2b2,/home/sb/Harting_Inspection/data/raw/harting_Han64_EEE-M-C-allSides-2/harting_Han64_EEE-M-C-bottom/frame_000025.jpg,harting_han64_eee_m_c_allsides_2,bottom,frame_000025,,,unassigned,good,/home/sb/Harting_Inspection/data/raw/harting_Han64_EEE-M-C-allSides-2/harting_Han64_EEE-M-C-bottom
78715897e5deb4aa,/home/sb/Harting_Inspection/data/raw/harting_Han64_EEE-M-C-allSides-2/harting_Han64_EEE-M-C-bottom/frame_000026.jpg,harting_han64_eee_m_c_allsides_2,bottom,frame_000026,,,unassigned,good,/home/sb/Harting_Inspection/data/raw/harting_Han64_EEE-M-C-allSides-2/harting_Han64_EEE-M-C-bottom
9689a5b47aee5720,/home/sb/Harting_Inspection/data/raw/harting_Han64_EEE-M-C-allSides-2/harting_Han64_EEE-M-C-bottom/frame_000027.jpg,harting_han64_eee_m_c_allsides_2,bottom,frame_000027,,,unassigned,good,/home/sb/Harting_Inspection/data/raw/harting_Han64_EEE-M-C-allSides-2/harting_Han64_EEE-M-C-bottom
a396ae5d4847842d,/home/sb/Harting_Inspection/data/raw/harting_Han64_EEE-M-C-allSides-2/harting_Han64_EEE-M-C-bottom/frame_000028.jpg,harting_han64_eee_m_c_allsides_2,bottom,frame_000028,,,unassigned,good,/home/sb/Harting_Inspection/data/raw/harting_Han64_EEE-M-C-allSides-2/harting_Han64_EEE-M-C-bottom
953a679678fd05bc,/home/sb/Harting_Inspection/data/raw/harting_Han64_EEE-M-C-allSides-2/harting_Han64_EEE-M-C-bottom/frame_000029.jpg,harting_han64_eee_m_c_allsides_2,bottom,frame_000029,,,unassigned,good,/home/sb/Harting_Inspection/data/raw/harting_Han64_EEE-M-C-allSides-2/harting_Han64_EEE-M-C-bottom
32e37bd629dfc24a,/home/sb/Harting_Inspection/data/raw/harting_Han64_EEE-M-C-allSides-2/harting_Han64_EEE-M-C-bottom/frame_000030.jpg,harting_han64_eee_m_c_allsides_2,bottom,frame_000030,,,unassigned,good,/home/sb/Harting_Inspection/data/raw/harting_Han64_EEE-M-C-allSides-2/harting_Han64_EEE-M-C-bottom
2b384510a77225bd,/home/sb/Harting_Inspection/data/raw/harting_Han64_EEE-M-C-allSides-2/harting_Han64_EEE-M-C-bottom/frame_000031.jpg,harting_han64_eee_m_c_allsides_2,bottom,frame_000031,,,unassigned,good,/home/sb/Harting_Inspection/data/raw/harting_Han64_EEE-M-C-allSides-2/harting_Han64_EEE-M-C-bottom
39c697bf222d37b4,/home/sb/Harting_Inspection/data/raw/harting_Han64_EEE-M-C-allSides-2/harting_Han64_EEE-M-C-bottom/frame_000032.jpg,harting_han64_eee_m_c_allsides_2,bottom,frame_000032,,,unassigned,good,/home/sb/Harting_Inspection/data/raw/harting_Han64_EEE-M-C-allSides-2/harting_Han64_EEE-M-C-bottom
28ceea9324aee678,/home/sb/Harting_Inspection/data/raw/harting_Han64_EEE-M-C-allSides-2/harting_Han64_EEE-M-C-bottom/frame_000033.jpg,harting_han64_eee_m_c_allsides_2,bottom,frame_000033,,,unassigned,good,/home/sb/Harting_Inspection/data/raw/harting_Han64_EEE-M-C-allSides-2/harting_Han64_EEE-M-C-bottom
8683ee9259d21610,/home/sb/Harting_Inspection/data/raw/harting_Han64_EEE-M-C-allSides-2/harting_Han64_EEE-M-C-bottom/frame_000034.jpg,harting_han64_eee_m_c_allsides_2,bottom,frame_000034,,,unassigned,good,/home/sb/Harting_Inspection/data/raw/harting_Han64_EEE-M-C-allSides-2/harting_Han64_EEE-M-C-bottom
c496785fc5e31442,/home/sb/Harting_Inspection/data/raw/harting_Han64_EEE-M-C-allSides-2/harting_Han64_EEE-M-C-bottom/frame_000035.jpg,harting_han64_eee_m_c_allsides_2,bottom,frame_000035,,,unassigned,good,/home/sb/Harting_Inspection/data/raw/harting_Han64_EEE-M-C-allSides-2/harting_Han64_EEE-M-C-bottom
e4f7ab63d72e0263,/home/sb/Harting_Inspection/data/raw/harting_Han64_EEE-M-C-allSides-2/harting_Han64_EEE-M-C-bottom/frame_000036.jpg,harting_han64_eee_m_c_allsides_2,bottom,frame_000036,,,unassigned,good,/home/sb/Harting_Inspection/data/raw/harting_Han64_EEE-M-C-allSides-2/harting_Han64_EEE-M-C-bottom
ebb1ff8f44ebc69e,/home/sb/Harting_Inspection/data/raw/harting_Han64_EEE-M-C-allSides-2/harting_Han64_EEE-M-C-bottom/frame_000037.jpg,harting_han64_eee_m_c_allsides_2,bottom,frame_000037,,,unassigned,good,/home/sb/Harting_Inspection/data/raw/harting_Han64_EEE-M-C-allSides-2/harting_Han64_EEE-M-C-bottom
e32a56e43943f4ff,/home/sb/Harting_Inspection/data/raw/harting_Han64_EEE-M-C-allSides-2/harting_Han64_EEE-M-C-bottom/frame_000038.jpg,harting_han64_eee_m_c_allsides_2,bottom,frame_000038,,,unassigned,good,/home/sb/Harting_Inspection/data/raw/harting_Han64_EEE-M-C-allSides-2/harting_Han64_EEE-M-C-bottom
2813791a777f3abd,/home/sb/Harting_Inspection/data/raw/harting_Han64_EEE-M-C-allSides-2/harting_Han64_EEE-M-C-bottom/frame_000039.jpg,harting_han64_eee_m_c_allsides_2,bottom,frame_000039,,,unassigned,good,/home/sb/Harting_Inspection/data/raw/harting_Han64_EEE-M-C-allSides-2/harting_Han64_EEE-M-C-bottom
27cc604d99a22ae2,/home/sb/Harting_Inspection/data/raw/harting_Han64_EEE-M-C-allSides-2/harting_Han64_EEE-M-C-bottom/frame_000040.jpg,harting_han64_eee_m_c_allsides_2,bottom,frame_000040,,,unassigned,good,/home/sb/Harting_Inspection/data/raw/harting_Han64_EEE-M-C-allSides-2/harting_Han64_EEE-M-C-bottom
5185b19c23636acf,/home/sb/Harting_Inspection/data/raw/harting_Han64_EEE-M-C-allSides-2/harting_Han64_EEE-M-C-bottom/frame_000041.jpg,harting_han64_eee_m_c_allsides_2,bottom,frame_000041,,,unassigned,good,/home/sb/Harting_Inspection/data/raw/harting_Han64_EEE-M-C-allSides-2/harting_Han64_EEE-M-C-bottom
16f33e3b88647eec,/home/sb/Harting_Inspection/data/raw/harting_Han64_EEE-M-C-allSides-2/harting_Han64_EEE-M-C-bottom/frame_000042.jpg,harting_han64_eee_m_c_allsides_2,bottom,frame_000042,,,unassigned,good,/home/sb/Harting_Inspection/data/raw/harting_Han64_EEE-M-C-allSides-2/harting_Han64_EEE-M-C-bottom
3897160412b5d89b,/home/sb/Harting_Inspection/data/raw/harting_Han64_EEE-M-C-allSides-2/harting_Han64_EEE-M-C-bottom/frame_000043.jpg,harting_han64_eee_m_c_allsides_2,bottom,frame_000043,,,unassigned,good,/home/sb/Harting_Inspection/data/raw/harting_Han64_EEE-M-C-allSides-2/harting_Han64_EEE-M-C-bottom
1d3bbf2b8be4b71a,/home/sb/Harting_Inspection/data/raw/harting_Han64_EEE-M-C-allSides-2/harting_Han64_EEE-M-C-bottom/frame_000044.jpg,harting_han64_eee_m_c_allsides_2,bottom,frame_000044,,,unassigned,good,/home/sb/Harting_Inspection/data/raw/harting_Han64_EEE-M-C-allSides-2/harting_Han64_EEE-M-C-bottom
e48f98b8d1232e00,/home/sb/Harting_Inspection/data/raw/harting_Han64_EEE-M-C-allSides-2/harting_Han64_EEE-M-C-bottom/frame_000045.jpg,harting_han64_eee_m_c_allsides_2,bottom,frame_000045,,,unassigned,good,/home/sb/Harting_Inspection/data/raw/harting_Han64_EEE-M-C-allSides-2/harting_Han64_EEE-M-C-bottom
d8ba00c32dc39e9f,/home/sb/Harting_Inspection/data/raw/harting_Han64_EEE-M-C-allSides-2/harting_Han64_EEE-M-C-bottom/frame_000046.jpg,harting_han64_eee_m_c_allsides_2,bottom,frame_000046,,,unassigned,good,/home/sb/Harting_Inspection/data/raw/harting_Han64_EEE-M-C-allSides-2/harting_Han64_EEE-M-C-bottom
7406f226c1d49cd7,/home/sb/Harting_Inspection/data/raw/harting_Han64_EEE-M-C-allSides-2/harting_Han64_EEE-M-C-bottom/frame_000047.jpg,harting_han64_eee_m_c_allsides_2,bottom,frame_000047,,,unassigned,good,/home/sb/Harting_Inspection/data/raw/harting_Han64_EEE-M-C-allSides-2/harting_Han64_EEE-M-C-bottom
6f5cc4a67cb34405,/home/sb/Harting_Inspection/data/raw/harting_Han64_EEE-M-C-allSides-2/harting_Han64_EEE-M-C-bottom/frame_000048.jpg,harting_han64_eee_m_c_allsides_2,bottom,frame_000048,,,unassigned,good,/home/sb/Harting_Inspection/data/raw/harting_Han64_EEE-M-C-allSides-2/harting_Han64_EEE-M-C-bottom
d86986de986f5415,/home/sb/Harting_Inspection/data/raw/harting_Han64_EEE-M-C-allSides-2/harting_Han64_EEE-M-C-bottom/frame_000049.jpg,harting_han64_eee_m_c_allsides_2,bottom,frame_000049,,,unassigned,good,/home/sb/Harting_Inspection/data/raw/harting_Han64_EEE-M-C-allSides-2/harting_Han64_EEE-M-C-bottom
0d7cd5f92a8af8c2,/home/sb/Harting_Inspection/data/raw/harting_Han64_EEE-M-C-allSides-2/harting_Han64_EEE-M-C-bottom/frame_000050.jpg,harting_han64_eee_m_c_allsides_2,bottom,frame_000050,,,unassigned,good,/home/sb/Harting_Inspection/data/raw/harting_Han64_EEE-M-C-allSides-2/harting_Han64_EEE-M-C-bottom
9c74740bbcce534a,/home/sb/Harting_Inspection/data/raw/harting_Han64_EEE-M-C-allSides-2/harting_Han64_EEE-M-C-bottom/frame_000051.jpg,harting_han64_eee_m_c_allsides_2,bottom,frame_000051,,,unassigned,good,/home/sb/Harting_Inspection/data/raw/harting_Han64_EEE-M-C-allSides-2/harting_Han64_EEE-M-C-bottom
781245d2a86c9fbe,/home/sb/Harting_Inspection/data/raw/harting_Han64_EEE-M-C-allSides-2/harting_Han64_EEE-M-C-bottom/frame_000052.jpg,harting_han64_eee_m_c_allsides_2,bottom,frame_000052,,,unassigned,good,/home/sb/Harting_Inspection/data/raw/harting_Han64_EEE-M-C-allSides-2/harting_Han64_EEE-M-C-bottom
7d5ba34b4d422178,/home/sb/Harting_Inspection/data/raw/harting_Han64_EEE-M-C-allSides-2/harting_Han64_EEE-M-C-bottom/frame_000053.jpg,harting_han64_eee_m_c_allsides_2,bottom,frame_000053,,,unassigned,good,/home/sb/Harting_Inspection/data/raw/harting_Han64_EEE-M-C-allSides-2/harting_Han64_EEE-M-C-bottom
c33d973028ee3d9e,/home/sb/Harting_Inspection/data/raw/harting_Han64_EEE-M-C-allSides-2/harting_Han64_EEE-M-C-bottom/frame_000054.jpg,harting_han64_eee_m_c_allsides_2,bottom,frame_000054,,,unassigned,good,/home/sb/Harting_Inspection/data/raw/harting_Han64_EEE-M-C-allSides-2/harting_Han64_EEE-M-C-bottom
bab6f2ccb442b28e,/home/sb/Harting_Inspection/data/raw/harting_Han64_EEE-M-C-allSides-2/harting_Han64_EEE-M-C-bottom/frame_000055.jpg,harting_han64_eee_m_c_allsides_2,bottom,frame_000055,,,unassigned,good,/home/sb/Harting_Inspection/data/raw/harting_Han64_EEE-M-C-allSides-2/harting_Han64_EEE-M-C-bottom
d811b100c15d59f2,/home/sb/Harting_Inspection/data/raw/harting_Han64_EEE-M-C-allSides-2/harting_Han64_EEE-M-C-bottom/frame_000056.jpg,harting_han64_eee_m_c_allsides_2,bottom,frame_000056,,,unassigned,good,/home/sb/Harting_Inspection/data/raw/harting_Han64_EEE-M-C-allSides-2/harting_Han64_EEE-M-C-bottom
2a4bc188be54d32e,/home/sb/Harting_Inspection/data/raw/harting_Han64_EEE-M-C-allSides-2/harting_Han64_EEE-M-C-bottom/frame_000057.jpg,harting_han64_eee_m_c_allsides_2,bottom,frame_000057,,,unassigned,good,/home/sb/Harting_Inspection/data/raw/harting_Han64_EEE-M-C-allSides-2/harting_Han64_EEE-M-C-bottom
a88423df10e2fc14,/home/sb/Harting_Inspection/data/raw/harting_Han64_EEE-M-C-allSides-2/harting_Han64_EEE-M-C-bottom/frame_000058.jpg,harting_han64_eee_m_c_allsides_2,bottom,frame_000058,,,unassigned,good,/home/sb/Harting_Inspection/data/raw/harting_Han64_EEE-M-C-allSides-2/harting_Han64_EEE-M-C-bottom
c4778a17b41cfdd6,/home/sb/Harting_Inspection/data/raw/harting_Han64_EEE-M-C-allSides-2/harting_Han64_EEE-M-C-bottom/frame_000059.jpg,harting_han64_eee_m_c_allsides_2,bottom,frame_000059,,,unassigned,good,/home/sb/Harting_Inspection/data/raw/harting_Han64_EEE-M-C-allSides-2/harting_Han64_EEE-M-C-bottom
bee566ceb35c7846,/home/sb/Harting_Inspection/data/raw/harting_Han64_EEE-M-C-allSides-2/harting_Han64_EEE-M-C-bottom/frame_000060.jpg,harting_han64_eee_m_c_allsides_2,bottom,frame_000060,,,unassigned,good,/home/sb/Harting_Inspection/data/raw/harting_Han64_EEE-M-C-allSides-2/harting_Han64_EEE-M-C-bottom
90a512bf61462ac1,/home/sb/Harting_Inspection/data/raw/harting_Han64_EEE-M-C-allSides-2/harting_Han64_EEE-M-C-bottom/frame_000061.jpg,harting_han64_eee_m_c_allsides_2,bottom,frame_000061,,,unassigned,good,/home/sb/Harting_Inspection/data/raw/harting_Han64_EEE-M-C-allSides-2/harting_Han64_EEE-M-C-bottom
88e8033db6438b93,/home/sb/Harting_Inspection/data/raw/harting_Han64_EEE-M-C-allSides-2/harting_Han64_EEE-M-C-bottom/frame_000062.jpg,harting_han64_eee_m_c_allsides_2,bottom,frame_000062,,,unassigned,good,/home/sb/Harting_Inspection/data/raw/harting_Han64_EEE-M-C-allSides-2/harting_Han64_EEE-M-C-bottom
1c8fb966f67f662a,/home/sb/Harting_Inspection/data/raw/harting_Han64_EEE-M-C-allSides-2/harting_Han64_EEE-M-C-bottom/frame_000063.jpg,harting_han64_eee_m_c_allsides_2,bottom,frame_000063,,,unassigned,good,/home/sb/Harting_Inspection/data/raw/harting_Han64_EEE-M-C-allSides-2/harting_Han64_EEE-M-C-bottom
53db55159519e6fe,/home/sb/Harting_Inspection/data/raw/harting_Han64_EEE-M-C-allSides-2/harting_Han64_EEE-M-C-bottom/frame_000064.jpg,harting_han64_eee_m_c_allsides_2,bottom,frame_000064,,,unassigned,good,/home/sb/Harting_Inspection/data/raw/harting_Han64_EEE-M-C-allSides-2/harting_Han64_EEE-M-C-bottom
04d329648b2c2966,/home/sb/Harting_Inspection/data/raw/harting_Han64_EEE-M-C-allSides-2/harting_Han64_EEE-M-C-bottom/frame_000065.jpg,harting_han64_eee_m_c_allsides_2,bottom,frame_000065,,,unassigned,good,/home/sb/Harting_Inspection/data/raw/harting_Han64_EEE-M-C-allSides-2/harting_Han64_EEE-M-C-bottom
d75910140856d180,/home/sb/Harting_Inspection/data/raw/harting_Han64_EEE-M-C-allSides-2/harting_Han64_EEE-M-C-bottom/frame_000066.jpg,harting_han64_eee_m_c_allsides_2,bottom,frame_000066,,,unassigned,good,/home/sb/Harting_Inspection/data/raw/harting_Han64_EEE-M-C-allSides-2/harting_Han64_EEE-M-C-bottom
05898766e03f81a4,/home/sb/Harting_Inspection/data/raw/harting_Han64_EEE-M-C-allSides-2/harting_Han64_EEE-M-C-bottom/frame_000067.jpg,harting_han64_eee_m_c_allsides_2,bottom,frame_000067,,,unassigned,good,/home/sb/Harting_Inspection/data/raw/harting_Han64_EEE-M-C-allSides-2/harting_Han64_EEE-M-C-bottom
fb843c8bdbdc66c1,/home/sb/Harting_Inspection/data/raw/harting_Han64_EEE-M-C-allSides-2/harting_Han64_EEE-M-C-bottom/frame_000068.jpg,harting_han64_eee_m_c_allsides_2,bottom,frame_000068,,,unassigned,good,/home/sb/Harting_Inspection/data/raw/harting_Han64_EEE-M-C-allSides-2/harting_Han64_EEE-M-C-bottom
491176cdc5558b3b,/home/sb/Harting_Inspection/data/raw/harting_Han64_EEE-M-C-allSides-2/harting_Han64_EEE-M-C-bottom/frame_000069.jpg,harting_han64_eee_m_c_allsides_2,bottom,frame_000069,,,unassigned,good,/home/sb/Harting_Inspection/data/raw/harting_Han64_EEE-M-C-allSides-2/harting_Han64_EEE-M-C-bottom
81431326050aa003,/home/sb/Harting_Inspection/data/raw/harting_Han64_EEE-M-C-allSides-2/harting_Han64_EEE-M-C-bottom/frame_000070.jpg,harting_han64_eee_m_c_allsides_2,bottom,frame_000070,,,unassigned,good,/home/sb/Harting_Inspection/data/raw/harting_Han64_EEE-M-C-allSides-2/harting_Han64_EEE-M-C-bottom
c8de9fd618e5dcbf,/home/sb/Harting_Inspection/data/raw/harting_Han64_EEE-M-C-allSides-2/harting_Han64_EEE-M-C-bottom/frame_000071.jpg,harting_han64_eee_m_c_allsides_2,bottom,frame_000071,,,unassigned,good,/home/sb/Harting_Inspection/data/raw/harting_Han64_EEE-M-C-allSides-2/harting_Han64_EEE-M-C-bottom
e2582133cf1e9ce3,/home/sb/Harting_Inspection/data/raw/harting_Han64_EEE-M-C-allSides-2/harting_Han64_EEE-M-C-bottom/frame_000072.jpg,harting_han64_eee_m_c_allsides_2,bottom,frame_000072,,,unassigned,good,/home/sb/Harting_Inspection/data/raw/harting_Han64_EEE-M-C-allSides-2/harting_Han64_EEE-M-C-bottom
0b1f8329e89cc316,/home/sb/Harting_Inspection/data/raw/harting_Han64_EEE-M-C-allSides-2/harting_Han64_EEE-M-C-bottom/frame_000073.jpg,harting_han64_eee_m_c_allsides_2,bottom,frame_000073,,,unassigned,good,/home/sb/Harting_Inspection/data/raw/harting_Han64_EEE-M-C-allSides-2/harting_Han64_EEE-M-C-bottom
6a22a38378415da0,/home/sb/Harting_Inspection/data/raw/harting_Han64_EEE-M-C-allSides-2/harting_Han64_EEE-M-C-bottom/frame_000074.jpg,harting_han64_eee_m_c_allsides_2,bottom,frame_000074,,,unassigned,good,/home/sb/Harting_Inspection/data/raw/harting_Han64_EEE-M-C-allSides-2/harting_Han64_EEE-M-C-bottom
8c7420382cf5516e,/home/sb/Harting_Inspection/data/raw/harting_Han64_EEE-M-C-allSides-2/harting_Han64_EEE-M-C-bottom/frame_000075.jpg,harting_han64_eee_m_c_allsides_2,bottom,frame_000075,,,unassigned,good,/home/sb/Harting_Inspection/data/raw/harting_Han64_EEE-M-C-allSides-2/harting_Han64_EEE-M-C-bottom
f90e8effacbb89dd,/home/sb/Harting_Inspection/data/raw/harting_Han64_EEE-M-C-allSides-2/harting_Han64_EEE-M-C-bottom/frame_000076.jpg,harting_han64_eee_m_c_allsides_2,bottom,frame_000076,,,unassigned,good,/home/sb/Harting_Inspection/data/raw/harting_Han64_EEE-M-C-allSides-2/harting_Han64_EEE-M-C-bottom
8605466fca11681e,/home/sb/Harting_Inspection/data/raw/harting_Han64_EEE-M-C-allSides-2/harting_Han64_EEE-M-C-bottom/frame_000077.jpg,harting_han64_eee_m_c_allsides_2,bottom,frame_000077,,,unassigned,good,/home/sb/Harting_Inspection/data/raw/harting_Han64_EEE-M-C-allSides-2/harting_Han64_EEE-M-C-bottom
3658b5d32893da7f,/home/sb/Harting_Inspection/data/raw/harting_Han64_EEE-M-C-allSides-2/harting_Han64_EEE-M-C-bottom/frame_000078.jpg,harting_han64_eee_m_c_allsides_2,bottom,frame_000078,,,unassigned,good,/home/sb/Harting_Inspection/data/raw/harting_Han64_EEE-M-C-allSides-2/harting_Han64_EEE-M-C-bottom
7501136b4fdddcba,/home/sb/Harting_Inspection/data/raw/harting_Han64_EEE-M-C-allSides-2/harting_Han64_EEE-M-C-bottom/frame_000079.jpg,harting_han64_eee_m_c_allsides_2,bottom,frame_000079,,,unassigned,good,/home/sb/Harting_Inspection/data/raw/harting_Han64_EEE-M-C-allSides-2/harting_Han64_EEE-M-C-bottom
d45fbdd3316ac15f,/home/sb/Harting_Inspection/data/raw/harting_Han64_EEE-M-C-allSides-2/harting_Han64_EEE-M-C-bottom/frame_000080.jpg,harting_han64_eee_m_c_allsides_2,bottom,frame_000080,,,unassigned,good,/home/sb/Harting_Inspection/data/raw/harting_Han64_EEE-M-C-allSides-2/harting_Han64_EEE-M-C-bottom
816b734e68038916,/home/sb/Harting_Inspection/data/raw/harting_Han64_EEE-M-C-allSides-2/harting_Han64_EEE-M-C-bottom/frame_000081.jpg,harting_han64_eee_m_c_allsides_2,bottom,frame_000081,,,unassigned,good,/home/sb/Harting_Inspection/data/raw/harting_Han64_EEE-M-C-allSides-2/harting_Han64_EEE-M-C-bottom
9bc6d3ef51674cf3,/home/sb/Harting_Inspection/data/raw/harting_Han64_EEE-M-C-allSides-2/harting_Han64_EEE-M-C-bottom/frame_000082.jpg,harting_han64_eee_m_c_allsides_2,bottom,frame_000082,,,unassigned,good,/home/sb/Harting_Inspection/data/raw/harting_Han64_EEE-M-C-allSides-2/harting_Han64_EEE-M-C-bottom
949c9152f7c723b3,/home/sb/Harting_Inspection/data/raw/harting_Han64_EEE-M-C-allSides-2/harting_Han64_EEE-M-C-bottom/frame_000083.jpg,harting_han64_eee_m_c_allsides_2,bottom,frame_000083,,,unassigned,good,/home/sb/Harting_Inspection/data/raw/harting_Han64_EEE-M-C-allSides-2/harting_Han64_EEE-M-C-bottom
65aac5813ecbadf5,/home/sb/Harting_Inspection/data/raw/harting_Han64_EEE-M-C-allSides-2/harting_Han64_EEE-M-C-bottom/frame_000084.jpg,harting_han64_eee_m_c_allsides_2,bottom,frame_000084,,,unassigned,good,/home/sb/Harting_Inspection/data/raw/harting_Han64_EEE-M-C-allSides-2/harting_Han64_EEE-M-C-bottom
981a7dd39e484228,/home/sb/Harting_Inspection/data/raw/harting_Han64_EEE-M-C-allSides-2/harting_Han64_EEE-M-C-bottom/frame_000085.jpg,harting_han64_eee_m_c_allsides_2,bottom,frame_000085,,,unassigned,good,/home/sb/Harting_Inspection/data/raw/harting_Han64_EEE-M-C-allSides-2/harting_Han64_EEE-M-C-bottom
ab1a16ce8378858a,/home/sb/Harting_Inspection/data/raw/harting_Han64_EEE-M-C-allSides-2/harting_Han64_EEE-M-C-bottom/frame_000086.jpg,harting_han64_eee_m_c_allsides_2,bottom,frame_000086,,,unassigned,good,/home/sb/Harting_Inspection/data/raw/harting_Han64_EEE-M-C-allSides-2/harting_Han64_EEE-M-C-bottom
64e22e576c851e14,/home/sb/Harting_Inspection/data/raw/harting_Han64_EEE-M-C-allSides-2/harting_Han64_EEE-M-C-bottom/frame_000087.jpg,harting_han64_eee_m_c_allsides_2,bottom,frame_000087,,,unassigned,good,/home/sb/Harting_Inspection/data/raw/harting_Han64_EEE-M-C-allSides-2/harting_Han64_EEE-M-C-bottom
77ce015aaeec29fc,/home/sb/Harting_Inspection/data/raw/harting_Han64_EEE-M-C-allSides-2/harting_Han64_EEE-M-C-bottom/frame_000088.jpg,harting_han64_eee_m_c_allsides_2,bottom,frame_000088,,,unassigned,good,/home/sb/Harting_Inspection/data/raw/harting_Han64_EEE-M-C-allSides-2/harting_Han64_EEE-M-C-bottom
0e49604ad16f237d,/home/sb/Harting_Inspection/data/raw/harting_Han64_EEE-M-C-allSides-2/harting_Han64_EEE-M-C-bottom/frame_000089.jpg,harting_han64_eee_m_c_allsides_2,bottom,frame_000089,,,unassigned,good,/home/sb/Harting_Inspection/data/raw/harting_Han64_EEE-M-C-allSides-2/harting_Han64_EEE-M-C-bottom
bc71a398c046b344,/home/sb/Harting_Inspection/data/raw/harting_Han64_EEE-M-C-allSides-2/harting_Han64_EEE-M-C-bottom/frame_000090.jpg,harting_han64_eee_m_c_allsides_2,bottom,frame_000090,,,unassigned,good,/home/sb/Harting_Inspection/data/raw/harting_Han64_EEE-M-C-allSides-2/harting_Han64_EEE-M-C-bottom
3a4348d952844b91,/home/sb/Harting_Inspection/data/raw/harting_Han64_EEE-M-C-allSides-2/harting_Han64_EEE-M-C-bottom/frame_000091.jpg,harting_han64_eee_m_c_allsides_2,bottom,frame_000091,,,unassigned,good,/home/sb/Harting_Inspection/data/raw/harting_Han64_EEE-M-C-allSides-2/harting_Han64_EEE-M-C-bottom
abee05d5219463e6,/home/sb/Harting_Inspection/data/raw/harting_Han64_EEE-M-C-allSides-2/harting_Han64_EEE-M-C-bottom/frame_000092.jpg,harting_han64_eee_m_c_allsides_2,bottom,frame_000092,,,unassigned,good,/home/sb/Harting_Inspection/data/raw/harting_Han64_EEE-M-C-allSides-2/harting_Han64_EEE-M-C-bottom
78611e606d2ee801,/home/sb/Harting_Inspection/data/raw/harting_Han64_EEE-M-C-allSides-2/harting_Han64_EEE-M-C-bottom/frame_000093.jpg,harting_han64_eee_m_c_allsides_2,bottom,frame_000093,,,unassigned,good,/home/sb/Harting_Inspection/data/raw/harting_Han64_EEE-M-C-allSides-2/harting_Han64_EEE-M-C-bottom
c4c78c127dac46e1,/home/sb/Harting_Inspection/data/raw/harting_Han64_EEE-M-C-allSides-2/harting_Han64_EEE-M-C-bottom/frame_000094.jpg,harting_han64_eee_m_c_allsides_2,bottom,frame_000094,,,unassigned,good,/home/sb/Harting_Inspection/data/raw/harting_Han64_EEE-M-C-allSides-2/harting_Han64_EEE-M-C-bottom
264c351dd056dc1c,/home/sb/Harting_Inspection/data/raw/harting_Han64_EEE-M-C-allSides-2/harting_Han64_EEE-M-C-bottom/frame_000095.jpg,harting_han64_eee_m_c_allsides_2,bottom,frame_000095,,,unassigned,good,/home/sb/Harting_Inspection/data/raw/harting_Han64_EEE-M-C-allSides-2/harting_Han64_EEE-M-C-bottom
70f29c168b739eda,/home/sb/Harting_Inspection/data/raw/harting_Han64_EEE-M-C-allSides-2/harting_Han64_EEE-M-C-bottom/frame_000096.jpg,harting_han64_eee_m_c_allsides_2,bottom,frame_000096,,,unassigned,good,/home/sb/Harting_Inspection/data/raw/harting_Han64_EEE-M-C-allSides-2/harting_Han64_EEE-M-C-bottom
4272a550d0a1a5ed,/home/sb/Harting_Inspection/data/raw/harting_Han64_EEE-M-C-allSides-2/harting_Han64_EEE-M-C-bottom/frame_000097.jpg,harting_han64_eee_m_c_allsides_2,bottom,frame_000097,,,unassigned,good,/home/sb/Harting_Inspection/data/raw/harting_Han64_EEE-M-C-allSides-2/harting_Han64_EEE-M-C-bottom
095a592a7d61d7d3,/home/sb/Harting_Inspection/data/raw/harting_Han64_EEE-M-C-allSides-2/harting_Han64_EEE-M-C-bottom/frame_000098.jpg,harting_han64_eee_m_c_allsides_2,bottom,frame_000098,,,unassigned,good,/home/sb/Harting_Inspection/data/raw/harting_Han64_EEE-M-C-allSides-2/harting_Han64_EEE-M-C-bottom
ec1b27878b427e9e,/home/sb/Harting_Inspection/data/raw/harting_Han64_EEE-M-C-allSides-2/harting_Han64_EEE-M-C-bottom/frame_000099.jpg,harting_han64_eee_m_c_allsides_2,bottom,frame_000099,,,unassigned,good,/home/sb/Harting_Inspection/data/raw/harting_Han64_EEE-M-C-allSides-2/harting_Han64_EEE-M-C-bottom
afb7156cd4ce840a,/home/sb/Harting_Inspection/data/raw/harting_Han64_EEE-M-C-allSides-2/harting_Han64_EEE-M-C-bottom/frame_000100.jpg,harting_han64_eee_m_c_allsides_2,bottom,frame_000100,,,unassigned,good,/home/sb/Harting_Inspection/data/raw/harting_Han64_EEE-M-C-allSides-2/harting_Han64_EEE-M-C-bottom
48d382fe79224cf2,/home/sb/Harting_Inspection/data/raw/harting_Han64_EEE-M-C-allSides-2/harting_Han64_EEE-M-C-bottom/frame_000101.jpg,harting_han64_eee_m_c_allsides_2,bottom,frame_000101,,,unassigned,good,/home/sb/Harting_Inspection/data/raw/harting_Han64_EEE-M-C-allSides-2/harting_Han64_EEE-M-C-bottom
d11d5d7eaf0272cc,/home/sb/Harting_Inspection/data/raw/harting_Han64_EEE-M-C-allSides-2/harting_Han64_EEE-M-C-bottom/frame_000102.jpg,harting_han64_eee_m_c_allsides_2,bottom,frame_000102,,,unassigned,good,/home/sb/Harting_Inspection/data/raw/harting_Han64_EEE-M-C-allSides-2/harting_Han64_EEE-M-C-bottom
77035610956f1969,/home/sb/Harting_Inspection/data/raw/harting_Han64_EEE-M-C-allSides-2/harting_Han64_EEE-M-C-bottom/frame_000103.jpg,harting_han64_eee_m_c_allsides_2,bottom,frame_000103,,,unassigned,good,/home/sb/Harting_Inspection/data/raw/harting_Han64_EEE-M-C-allSides-2/harting_Han64_EEE-M-C-bottom
1915b05c7e07e187,/home/sb/Harting_Inspection/data/raw/harting_Han64_EEE-M-C-allSides-2/harting_Han64_EEE-M-C-bottom/frame_000104.jpg,harting_han64_eee_m_c_allsides_2,bottom,frame_000104,,,unassigned,good,/home/sb/Harting_Inspection/data/raw/harting_Han64_EEE-M-C-allSides-2/harting_Han64_EEE-M-C-bottom
3c73d3399b4d787a,/home/sb/Harting_Inspection/data/raw/harting_Han64_EEE-M-C-allSides-2/harting_Han64_EEE-M-C-bottom/frame_000105.jpg,harting_han64_eee_m_c_allsides_2,bottom,frame_000105,,,unassigned,good,/home/sb/Harting_Inspection/data/raw/harting_Han64_EEE-M-C-allSides-2/harting_Han64_EEE-M-C-bottom
f4d78695562fdddc,/home/sb/Harting_Inspection/data/raw/harting_Han64_EEE-M-C-allSides-2/harting_Han64_EEE-M-C-bottom/frame_000106.jpg,harting_han64_eee_m_c_allsides_2,bottom,frame_000106,,,unassigned,good,/home/sb/Harting_Inspection/data/raw/harting_Han64_EEE-M-C-allSides-2/harting_Han64_EEE-M-C-bottom
190957821552d27e,/home/sb/Harting_Inspection/data/raw/harting_Han64_EEE-M-C-allSides-2/harting_Han64_EEE-M-C-bottom/frame_000107.jpg,harting_han64_eee_m_c_allsides_2,bottom,frame_000107,,,unassigned,good,/home/sb/Harting_Inspection/data/raw/harting_Han64_EEE-M-C-allSides-2/harting_Han64_EEE-M-C-bottom
c051f926b3b2bd4f,/home/sb/Harting_Inspection/data/raw/harting_Han64_EEE-M-C-allSides-2/harting_Han64_EEE-M-C-bottom/frame_000108.jpg,harting_han64_eee_m_c_allsides_2,bottom,frame_000108,,,unassigned,good,/home/sb/Harting_Inspection/data/raw/harting_Han64_EEE-M-C-allSides-2/harting_Han64_EEE-M-C-bottom
54a5a1d2f09c36ac,/home/sb/Harting_Inspection/data/raw/harting_Han64_EEE-M-C-allSides-2/harting_Han64_EEE-M-C-bottom/frame_000109.jpg,harting_han64_eee_m_c_allsides_2,bottom,frame_000109,,,unassigned,good,/home/sb/Harting_Inspection/data/raw/harting_Han64_EEE-M-C-allSides-2/harting_Han64_EEE-M-C-bottom
ea473ee8744647cf,/home/sb/Harting_Inspection/data/raw/harting_Han64_EEE-M-C-allSides-2/harting_Han64_EEE-M-C-bottom/frame_000110.jpg,harting_han64_eee_m_c_allsides_2,bottom,frame_000110,,,unassigned,good,/home/sb/Harting_Inspection/data/raw/harting_Han64_EEE-M-C-allSides-2/harting_Han64_EEE-M-C-bottom
cb29011502945c14,/home/sb/Harting_Inspection/data/raw/harting_Han64_EEE-M-C-allSides-2/harting_Han64_EEE-M-C-bottom/frame_000111.jpg,harting_han64_eee_m_c_allsides_2,bottom,frame_000111,,,unassigned,good,/home/sb/Harting_Inspection/data/raw/harting_Han64_EEE-M-C-allSides-2/harting_Han64_EEE-M-C-bottom
8374f766426debac,/home/sb/Harting_Inspection/data/raw/harting_Han64_EEE-M-C-allSides-2/harting_Han64_EEE-M-C-bottom/frame_000112.jpg,harting_han64_eee_m_c_allsides_2,bottom,frame_000112,,,unassigned,good,/home/sb/Harting_Inspection/data/raw/harting_Han64_EEE-M-C-allSides-2/harting_Han64_EEE-M-C-bottom
1a19d92cd1dc0952,/home/sb/Harting_Inspection/data/raw/harting_Han64_EEE-M-C-allSides-2/harting_Han64_EEE-M-C-bottom/frame_000113.jpg,harting_han64_eee_m_c_allsides_2,bottom,frame_000113,,,unassigned,good,/home/sb/Harting_Inspection/data/raw/harting_Han64_EEE-M-C-allSides-2/harting_Han64_EEE-M-C-bottom
f3e81cc78244a5d8,/home/sb/Harting_Inspection/data/raw/harting_Han64_EEE-M-C-allSides-2/harting_Han64_EEE-M-C-bottom/frame_000114.jpg,harting_han64_eee_m_c_allsides_2,bottom,frame_000114,,,unassigned,good,/home/sb/Harting_Inspection/data/raw/harting_Han64_EEE-M-C-allSides-2/harting_Han64_EEE-M-C-bottom
701dace6b458acf0,/home/sb/Harting_Inspection/data/raw/harting_Han64_EEE-M-C-allSides-2/harting_Han64_EEE-M-C-bottom/frame_000115.jpg,harting_han64_eee_m_c_allsides_2,bottom,frame_000115,,,unassigned,good,/home/sb/Harting_Inspection/data/raw/harting_Han64_EEE-M-C-allSides-2/harting_Han64_EEE-M-C-bottom
776bca2d07c3c44b,/home/sb/Harting_Inspection/data/raw/harting_Han64_EEE-M-C-allSides-2/harting_Han64_EEE-M-C-bottom/frame_000116.jpg,harting_han64_eee_m_c_allsides_2,bottom,frame_000116,,,unassigned,good,/home/sb/Harting_Inspection/data/raw/harting_Han64_EEE-M-C-allSides-2/harting_Han64_EEE-M-C-bottom
ce4b891cda22bb65,/home/sb/Harting_Inspection/data/raw/harting_Han64_EEE-M-C-allSides-2/harting_Han64_EEE-M-C-bottom/frame_000117.jpg,harting_han64_eee_m_c_allsides_2,bottom,frame_000117,,,unassigned,good,/home/sb/Harting_Inspection/data/raw/harting_Han64_EEE-M-C-allSides-2/harting_Han64_EEE-M-C-bottom
43d5954b52f41ab3,/home/sb/Harting_Inspection/data/raw/harting_Han64_EEE-M-C-allSides-2/harting_Han64_EEE-M-C-bottom/frame_000118.jpg,harting_han64_eee_m_c_allsides_2,bottom,frame_000118,,,unassigned,good,/home/sb/Harting_Inspection/data/raw/harting_Han64_EEE-M-C-allSides-2/harting_Han64_EEE-M-C-bottom
88312f93c73dfdf0,/home/sb/Harting_Inspection/data/raw/harting_Han64_EEE-M-C-allSides-2/harting_Han64_EEE-M-C-bottom/frame_000119.jpg,harting_han64_eee_m_c_allsides_2,bottom,frame_000119,,,unassigned,good,/home/sb/Harting_Inspection/data/raw/harting_Han64_EEE-M-C-allSides-2/harting_Han64_EEE-M-C-bottom
8c0213181c13413f,/home/sb/Harting_Inspection/data/raw/harting_Han64_EEE-M-C-allSides-2/harting_Han64_EEE-M-C-bottom/frame_000120.jpg,harting_han64_eee_m_c_allsides_2,bottom,frame_000120,,,unassigned,good,/home/sb/Harting_Inspection/data/raw/harting_Han64_EEE-M-C-allSides-2/harting_Han64_EEE-M-C-bottom
27b08db78365f174,/home/sb/Harting_Inspection/data/raw/harting_Han64_EEE-M-C-allSides-2/harting_Han64_EEE-M-C-bottom/frame_000121.jpg,harting_han64_eee_m_c_allsides_2,bottom,frame_000121,,,unassigned,good,/home/sb/Harting_Inspection/data/raw/harting_Han64_EEE-M-C-allSides-2/harting_Han64_EEE-M-C-bottom
3a53d7ef7f1105aa,/home/sb/Harting_Inspection/data/raw/harting_Han64_EEE-M-C-allSides-2/harting_Han64_EEE-M-C-bottom/frame_000122.jpg,harting_han64_eee_m_c_allsides_2,bottom,frame_000122,,,unassigned,good,/home/sb/Harting_Inspection/data/raw/harting_Han64_EEE-M-C-allSides-2/harting_Han64_EEE-M-C-bottom
d93dda74d3c699a2,/home/sb/Harting_Inspection/data/raw/harting_Han64_EEE-M-C-allSides-2/harting_Han64_EEE-M-C-bottom/frame_000123.jpg,harting_han64_eee_m_c_allsides_2,bottom,frame_000123,,,unassigned,good,/home/sb/Harting_Inspection/data/raw/harting_Han64_EEE-M-C-allSides-2/harting_Han64_EEE-M-C-bottom
819e9c8a4ef0f7d3,/home/sb/Harting_Inspection/data/raw/harting_Han64_EEE-M-C-allSides-2/harting_Han64_EEE-M-C-bottom/frame_000124.jpg,harting_han64_eee_m_c_allsides_2,bottom,frame_000124,,,unassigned,good,/home/sb/Harting_Inspection/data/raw/harting_Han64_EEE-M-C-allSides-2/harting_Han64_EEE-M-C-bottom
75416b9336d69f7c,/home/sb/Harting_Inspection/data/raw/harting_Han64_EEE-M-C-allSides-2/harting_Han64_EEE-M-C-bottom/frame_000125.jpg,harting_han64_eee_m_c_allsides_2,bottom,frame_000125,,,unassigned,good,/home/sb/Harting_Inspection/data/raw/harting_Han64_EEE-M-C-allSides-2/harting_Han64_EEE-M-C-bottom
5ce68edbedc0aff1,/home/sb/Harting_Inspection/data/raw/harting_Han64_EEE-M-C-allSides-2/harting_Han64_EEE-M-C-bottom/frame_000126.jpg,harting_han64_eee_m_c_allsides_2,bottom,frame_000126,,,unassigned,good,/home/sb/Harting_Inspection/data/raw/harting_Han64_EEE-M-C-allSides-2/harting_Han64_EEE-M-C-bottom
d219525b62ec4284,/home/sb/Harting_Inspection/data/raw/harting_Han64_EEE-M-C-allSides-2/harting_Han64_EEE-M-C-bottom/frame_000127.jpg,harting_han64_eee_m_c_allsides_2,bottom,frame_000127,,,unassigned,good,/home/sb/Harting_Inspection/data/raw/harting_Han64_EEE-M-C-allSides-2/harting_Han64_EEE-M-C-bottom
de6214091ccb87ae,/home/sb/Harting_Inspection/data/raw/harting_Han64_EEE-M-C-allSides-2/harting_Han64_EEE-M-C-bottom/frame_000128.jpg,harting_han64_eee_m_c_allsides_2,bottom,frame_000128,,,unassigned,good,/home/sb/Harting_Inspection/data/raw/harting_Han64_EEE-M-C-allSides-2/harting_Han64_EEE-M-C-bottom
5aebbae7176a6b9b,/home/sb/Harting_Inspection/data/raw/harting_Han64_EEE-M-C-allSides-2/harting_Han64_EEE-M-C-bottom/frame_000129.jpg,harting_han64_eee_m_c_allsides_2,bottom,frame_000129,,,unassigned,good,/home/sb/Harting_Inspection/data/raw/harting_Han64_EEE-M-C-allSides-2/harting_Han64_EEE-M-C-bottom
b52327ba96a089a7,/home/sb/Harting_Inspection/data/raw/harting_Han64_EEE-M-C-allSides-2/harting_Han64_EEE-M-C-bottom/frame_000130.jpg,harting_han64_eee_m_c_allsides_2,bottom,frame_000130,,,unassigned,good,/home/sb/Harting_Inspection/data/raw/harting_Han64_EEE-M-C-allSides-2/harting_Han64_EEE-M-C-bottom
3ac42fa4328275b3,/home/sb/Harting_Inspection/data/raw/harting_Han64_EEE-M-C-allSides-2/harting_Han64_EEE-M-C-bottom/frame_000131.jpg,harting_han64_eee_m_c_allsides_2,bottom,frame_000131,,,unassigned,good,/home/sb/Harting_Inspection/data/raw/harting_Han64_EEE-M-C-allSides-2/harting_Han64_EEE-M-C-bottom
c92f1ca2ff249778,/home/sb/Harting_Inspection/data/raw/harting_Han64_EEE-M-C-allSides-2/harting_Han64_EEE-M-C-bottom/frame_000132.jpg,harting_han64_eee_m_c_allsides_2,bottom,frame_000132,,,unassigned,good,/home/sb/Harting_Inspection/data/raw/harting_Han64_EEE-M-C-allSides-2/harting_Han64_EEE-M-C-bottom
3213980dac3b1b6f,/home/sb/Harting_Inspection/data/raw/harting_Han64_EEE-M-C-allSides-2/harting_Han64_EEE-M-C-bottom/frame_000133.jpg,harting_han64_eee_m_c_allsides_2,bottom,frame_000133,,,unassigned,good,/home/sb/Harting_Inspection/data/raw/harting_Han64_EEE-M-C-allSides-2/harting_Han64_EEE-M-C-bottom
7b2ffbfba1c254be,/home/sb/Harting_Inspection/data/raw/harting_Han64_EEE-M-C-allSides-2/harting_Han64_EEE-M-C-bottom/frame_000134.jpg,harting_han64_eee_m_c_allsides_2,bottom,frame_000134,,,unassigned,good,/home/sb/Harting_Inspection/data/raw/harting_Han64_EEE-M-C-allSides-2/harting_Han64_EEE-M-C-bottom
d56043472a3f2686,/home/sb/Harting_Inspection/data/raw/harting_Han64_EEE-M-C-allSides-2/harting_Han64_EEE-M-C-bottom/frame_000135.jpg,harting_han64_eee_m_c_allsides_2,bottom,frame_000135,,,unassigned,good,/home/sb/Harting_Inspection/data/raw/harting_Han64_EEE-M-C-allSides-2/harting_Han64_EEE-M-C-bottom
16767d4319a6f60d,/home/sb/Harting_Inspection/data/raw/harting_Han64_EEE-M-C-allSides-2/harting_Han64_EEE-M-C-bottom/frame_000136.jpg,harting_han64_eee_m_c_allsides_2,bottom,frame_000136,,,unassigned,good,/home/sb/Harting_Inspection/data/raw/harting_Han64_EEE-M-C-allSides-2/harting_Han64_EEE-M-C-bottom
1e07554b49751614,/home/sb/Harting_Inspection/data/raw/harting_Han64_EEE-M-C-allSides-2/harting_Han64_EEE-M-C-bottom/frame_000137.jpg,harting_han64_eee_m_c_allsides_2,bottom,frame_000137,,,unassigned,good,/home/sb/Harting_Inspection/data/raw/harting_Han64_EEE-M-C-allSides-2/harting_Han64_EEE-M-C-bottom
1e482876eade995b,/home/sb/Harting_Inspection/data/raw/harting_Han64_EEE-M-C-allSides-2/harting_Han64_EEE-M-C-bottom/frame_000138.jpg,harting_han64_eee_m_c_allsides_2,bottom,frame_000138,,,unassigned,good,/home/sb/Harting_Inspection/data/raw/harting_Han64_EEE-M-C-allSides-2/harting_Han64_EEE-M-C-bottom
376dde21c0a70777,/home/sb/Harting_Inspection/data/raw/harting_Han64_EEE-M-C-allSides-2/harting_Han64_EEE-M-C-bottom/frame_000139.jpg,harting_han64_eee_m_c_allsides_2,bottom,frame_000139,,,unassigned,good,/home/sb/Harting_Inspection/data/raw/harting_Han64_EEE-M-C-allSides-2/harting_Han64_EEE-M-C-bottom
c13f85da8257a704,/home/sb/Harting_Inspection/data/raw/harting_Han64_EEE-M-C-allSides-2/harting_Han64_EEE-M-C-bottom/frame_000140.jpg,harting_han64_eee_m_c_allsides_2,bottom,frame_000140,,,unassigned,good,/home/sb/Harting_Inspection/data/raw/harting_Han64_EEE-M-C-allSides-2/harting_Han64_EEE-M-C-bottom
75be0de83f20788a,/home/sb/Harting_Inspection/data/raw/harting_Han64_EEE-M-C-allSides-2/harting_Han64_EEE-M-C-bottom/frame_000141.jpg,harting_han64_eee_m_c_allsides_2,bottom,frame_000141,,,unassigned,good,/home/sb/Harting_Inspection/data/raw/harting_Han64_EEE-M-C-allSides-2/harting_Han64_EEE-M-C-bottom
a8e198c5b400058e,/home/sb/Harting_Inspection/data/raw/harting_Han64_EEE-M-C-allSides-2/harting_Han64_EEE-M-C-bottom/frame_000142.jpg,harting_han64_eee_m_c_allsides_2,bottom,frame_000142,,,unassigned,good,/home/sb/Harting_Inspection/data/raw/harting_Han64_EEE-M-C-allSides-2/harting_Han64_EEE-M-C-bottom
4f807708fbb36bec,/home/sb/Harting_Inspection/data/raw/harting_Han64_EEE-M-C-allSides-2/harting_Han64_EEE-M-C-bottom/frame_000143.jpg,harting_han64_eee_m_c_allsides_2,bottom,frame_000143,,,unassigned,good,/home/sb/Harting_Inspection/data/raw/harting_Han64_EEE-M-C-allSides-2/harting_Han64_EEE-M-C-bottom
ed723828c0f5c729,/home/sb/Harting_Inspection/data/raw/harting_Han64_EEE-M-C-allSides-2/harting_Han64_EEE-M-C-bottom/frame_000144.jpg,harting_han64_eee_m_c_allsides_2,bottom,frame_000144,,,unassigned,good,/home/sb/Harting_Inspection/data/raw/harting_Han64_EEE-M-C-allSides-2/harting_Han64_EEE-M-C-bottom
1b6d536fd85764d1,/home/sb/Harting_Inspection/data/raw/harting_Han64_EEE-M-C-allSides-2/harting_Han64_EEE-M-C-bottom/frame_000145.jpg,harting_han64_eee_m_c_allsides_2,bottom,frame_000145,,,unassigned,good,/home/sb/Harting_Inspection/data/raw/harting_Han64_EEE-M-C-allSides-2/harting_Han64_EEE-M-C-bottom
aa54cad9472a21d7,/home/sb/Harting_Inspection/data/raw/harting_Han64_EEE-M-C-allSides-2/harting_Han64_EEE-M-C-bottom/frame_000146.jpg,harting_han64_eee_m_c_allsides_2,bottom,frame_000146,,,unassigned,good,/home/sb/Harting_Inspection/data/raw/harting_Han64_EEE-M-C-allSides-2/harting_Han64_EEE-M-C-bottom
7c09162f30890fd7,/home/sb/Harting_Inspection/data/raw/harting_Han64_EEE-M-C-allSides-2/harting_Han64_EEE-M-C-bottom/frame_000147.jpg,harting_han64_eee_m_c_allsides_2,bottom,frame_000147,,,unassigned,good,/home/sb/Harting_Inspection/data/raw/harting_Han64_EEE-M-C-allSides-2/harting_Han64_EEE-M-C-bottom
0c41344746213c20,/home/sb/Harting_Inspection/data/raw/harting_Han64_EEE-M-C-allSides-2/harting_Han64_EEE-M-C-bottom/frame_000148.jpg,harting_han64_eee_m_c_allsides_2,bottom,frame_000148,,,unassigned,good,/home/sb/Harting_Inspection/data/raw/harting_Han64_EEE-M-C-allSides-2/harting_Han64_EEE-M-C-bottom
fc3578d0dc37a98b,/home/sb/Harting_Inspection/data/raw/harting_Han64_EEE-M-C-allSides-2/harting_Han64_EEE-M-C-bottom/frame_000149.jpg,harting_han64_eee_m_c_allsides_2,bottom,frame_000149,,,unassigned,good,/home/sb/Harting_Inspection/data/raw/harting_Han64_EEE-M-C-allSides-2/harting_Han64_EEE-M-C-bottom
e7260cc9fb41f14f,/home/sb/Harting_Inspection/data/raw/harting_Han64_EEE-M-C-allSides-2/harting_Han64_EEE-M-C-bottom/frame_000150.jpg,harting_han64_eee_m_c_allsides_2,bottom,frame_000150,,,unassigned,good,/home/sb/Harting_Inspection/data/raw/harting_Han64_EEE-M-C-allSides-2/harting_Han64_EEE-M-C-bottom
1e404790dda3fa6f,/home/sb/Harting_Inspection/data/raw/harting_Han64_EEE-M-C-allSides-2/harting_Han64_EEE-M-C-bottom/frame_000151.jpg,harting_han64_eee_m_c_allsides_2,bottom,frame_000151,,,unassigned,good,/home/sb/Harting_Inspection/data/raw/harting_Han64_EEE-M-C-allSides-2/harting_Han64_EEE-M-C-bottom
8e2e8b980c470f20,/home/sb/Harting_Inspection/data/raw/harting_Han64_EEE-M-C-allSides-2/harting_Han64_EEE-M-C-bottom/frame_000152.jpg,harting_han64_eee_m_c_allsides_2,bottom,frame_000152,,,unassigned,good,/home/sb/Harting_Inspection/data/raw/harting_Han64_EEE-M-C-allSides-2/harting_Han64_EEE-M-C-bottom
2bb334b1781305f0,/home/sb/Harting_Inspection/data/raw/harting_Han64_EEE-M-C-allSides-2/harting_Han64_EEE-M-C-bottom/frame_000153.jpg,harting_han64_eee_m_c_allsides_2,bottom,frame_000153,,,unassigned,good,/home/sb/Harting_Inspection/data/raw/harting_Han64_EEE-M-C-allSides-2/harting_Han64_EEE-M-C-bottom
400dc3ab53ce9080,/home/sb/Harting_Inspection/data/raw/harting_Han64_EEE-M-C-allSides-2/harting_Han64_EEE-M-C-bottom/frame_000154.jpg,harting_han64_eee_m_c_allsides_2,bottom,frame_000154,,,unassigned,good,/home/sb/Harting_Inspection/data/raw/harting_Han64_EEE-M-C-allSides-2/harting_Han64_EEE-M-C-bottom
71230d1b65d35533,/home/sb/Harting_Inspection/data/raw/harting_Han64_EEE-M-C-allSides-2/harting_Han64_EEE-M-C-bottom/frame_000155.jpg,harting_han64_eee_m_c_allsides_2,bottom,frame_000155,,,unassigned,good,/home/sb/Harting_Inspection/data/raw/harting_Han64_EEE-M-C-allSides-2/harting_Han64_EEE-M-C-bottom
24c22ac2861e27d5,/home/sb/Harting_Inspection/data/raw/harting_Han64_EEE-M-C-allSides-2/harting_Han64_EEE-M-C-bottom/frame_000156.jpg,harting_han64_eee_m_c_allsides_2,bottom,frame_000156,,,unassigned,good,/home/sb/Harting_Inspection/data/raw/harting_Han64_EEE-M-C-allSides-2/harting_Han64_EEE-M-C-bottom
d86d2733c0ae35a5,/home/sb/Harting_Inspection/data/raw/harting_Han64_EEE-M-C-allSides-2/harting_Han64_EEE-M-C-bottom/frame_000157.jpg,harting_han64_eee_m_c_allsides_2,bottom,frame_000157,,,unassigned,good,/home/sb/Harting_Inspection/data/raw/harting_Han64_EEE-M-C-allSides-2/harting_Han64_EEE-M-C-bottom
d11aa4a8689320ad,/home/sb/Harting_Inspection/data/raw/harting_Han64_EEE-M-C-allSides-2/harting_Han64_EEE-M-C-bottom/frame_000158.jpg,harting_han64_eee_m_c_allsides_2,bottom,frame_000158,,,unassigned,good,/home/sb/Harting_Inspection/data/raw/harting_Han64_EEE-M-C-allSides-2/harting_Han64_EEE-M-C-bottom
1e6a8cb199e1fab9,/home/sb/Harting_Inspection/data/raw/harting_Han64_EEE-M-C-allSides-2/harting_Han64_EEE-M-C-bottom/frame_000159.jpg,harting_han64_eee_m_c_allsides_2,bottom,frame_000159,,,unassigned,good,/home/sb/Harting_Inspection/data/raw/harting_Han64_EEE-M-C-allSides-2/harting_Han64_EEE-M-C-bottom
eac6f791f9bafd0e,/home/sb/Harting_Inspection/data/raw/harting_Han64_EEE-M-C-allSides-2/harting_Han64_EEE-M-C-bottom/frame_000160.jpg,harting_han64_eee_m_c_allsides_2,bottom,frame_000160,,,unassigned,good,/home/sb/Harting_Inspection/data/raw/harting_Han64_EEE-M-C-allSides-2/harting_Han64_EEE-M-C-bottom
7bfb08352797b098,/home/sb/Harting_Inspection/data/raw/harting_Han64_EEE-M-C-allSides-2/harting_Han64_EEE-M-C-bottom/frame_000161.jpg,harting_han64_eee_m_c_allsides_2,bottom,frame_000161,,,unassigned,good,/home/sb/Harting_Inspection/data/raw/harting_Han64_EEE-M-C-allSides-2/harting_Han64_EEE-M-C-bottom
76b0c6c2e91039f7,/home/sb/Harting_Inspection/data/raw/harting_Han64_EEE-M-C-allSides-2/harting_Han64_EEE-M-C-bottom/frame_000162.jpg,harting_han64_eee_m_c_allsides_2,bottom,frame_000162,,,unassigned,good,/home/sb/Harting_Inspection/data/raw/harting_Han64_EEE-M-C-allSides-2/harting_Han64_EEE-M-C-bottom
76705802dafe082a,/home/sb/Harting_Inspection/data/raw/harting_Han64_EEE-M-C-allSides-2/harting_Han64_EEE-M-C-bottom/frame_000163.jpg,harting_han64_eee_m_c_allsides_2,bottom,frame_000163,,,unassigned,good,/home/sb/Harting_Inspection/data/raw/harting_Han64_EEE-M-C-allSides-2/harting_Han64_EEE-M-C-bottom
8cb87d469df27c8b,/home/sb/Harting_Inspection/data/raw/harting_Han64_EEE-M-C-allSides-2/harting_Han64_EEE-M-C-bottom/frame_000164.jpg,harting_han64_eee_m_c_allsides_2,bottom,frame_000164,,,unassigned,good,/home/sb/Harting_Inspection/data/raw/harting_Han64_EEE-M-C-allSides-2/harting_Han64_EEE-M-C-bottom
2156dc8e2ab47701,/home/sb/Harting_Inspection/data/raw/harting_Han64_EEE-M-C-allSides-2/harting_Han64_EEE-M-C-bottom/frame_000165.jpg,harting_han64_eee_m_c_allsides_2,bottom,frame_000165,,,unassigned,good,/home/sb/Harting_Inspection/data/raw/harting_Han64_EEE-M-C-allSides-2/harting_Han64_EEE-M-C-bottom
ddb8b819096fc5ef,/home/sb/Harting_Inspection/data/raw/harting_Han64_EEE-M-C-allSides-2/harting_Han64_EEE-M-C-bottom/frame_000166.jpg,harting_han64_eee_m_c_allsides_2,bottom,frame_000166,,,unassigned,good,/home/sb/Harting_Inspection/data/raw/harting_Han64_EEE-M-C-allSides-2/harting_Han64_EEE-M-C-bottom
1d5c09ed654cdbae,/home/sb/Harting_Inspection/data/raw/harting_Han64_EEE-M-C-allSides-2/harting_Han64_EEE-M-C-bottom/frame_000167.jpg,harting_han64_eee_m_c_allsides_2,bottom,frame_000167,,,unassigned,good,/home/sb/Harting_Inspection/data/raw/harting_Han64_EEE-M-C-allSides-2/harting_Han64_EEE-M-C-bottom
0123658b03ebd57a,/home/sb/Harting_Inspection/data/raw/harting_Han64_EEE-M-C-allSides-2/harting_Han64_EEE-M-C-bottom/frame_000168.jpg,harting_han64_eee_m_c_allsides_2,bottom,frame_000168,,,unassigned,good,/home/sb/Harting_Inspection/data/raw/harting_Han64_EEE-M-C-allSides-2/harting_Han64_EEE-M-C-bottom
ab2f95e7976d4463,/home/sb/Harting_Inspection/data/raw/harting_Han64_EEE-M-C-allSides-2/harting_Han64_EEE-M-C-bottom/frame_000169.jpg,harting_han64_eee_m_c_allsides_2,bottom,frame_000169,,,unassigned,good,/home/sb/Harting_Inspection/data/raw/harting_Han64_EEE-M-C-allSides-2/harting_Han64_EEE-M-C-bottom
85cd92002a3f8cd7,/home/sb/Harting_Inspection/data/raw/harting_Han64_EEE-M-C-allSides-2/harting_Han64_EEE-M-C-bottom/frame_000170.jpg,harting_han64_eee_m_c_allsides_2,bottom,frame_000170,,,unassigned,good,/home/sb/Harting_Inspection/data/raw/harting_Han64_EEE-M-C-allSides-2/harting_Han64_EEE-M-C-bottom
62eacd3ac168912a,/home/sb/Harting_Inspection/data/raw/harting_Han64_EEE-M-C-allSides-2/harting_Han64_EEE-M-C-bottom/frame_000171.jpg,harting_han64_eee_m_c_allsides_2,bottom,frame_000171,,,unassigned,good,/home/sb/Harting_Inspection/data/raw/harting_Han64_EEE-M-C-allSides-2/harting_Han64_EEE-M-C-bottom
7947d152be4eaa94,/home/sb/Harting_Inspection/data/raw/harting_Han64_EEE-M-C-allSides-2/harting_Han64_EEE-M-C-bottom/frame_000172.jpg,harting_han64_eee_m_c_allsides_2,bottom,frame_000172,,,unassigned,good,/home/sb/Harting_Inspection/data/raw/harting_Han64_EEE-M-C-allSides-2/harting_Han64_EEE-M-C-bottom
caff0b09bd90d7b4,/home/sb/Harting_Inspection/data/raw/harting_Han64_EEE-M-C-allSides-2/harting_Han64_EEE-M-C-bottom/frame_000173.jpg,harting_han64_eee_m_c_allsides_2,bottom,frame_000173,,,unassigned,good,/home/sb/Harting_Inspection/data/raw/harting_Han64_EEE-M-C-allSides-2/harting_Han64_EEE-M-C-bottom
1784e391e0431a02,/home/sb/Harting_Inspection/data/raw/harting_Han64_EEE-M-C-allSides-2/harting_Han64_EEE-M-C-bottom/frame_000174.jpg,harting_han64_eee_m_c_allsides_2,bottom,frame_000174,,,unassigned,good,/home/sb/Harting_Inspection/data/raw/harting_Han64_EEE-M-C-allSides-2/harting_Han64_EEE-M-C-bottom
4e97c93e7102c676,/home/sb/Harting_Inspection/data/raw/harting_Han64_EEE-M-C-allSides-2/harting_Han64_EEE-M-C-bottom/frame_000175.jpg,harting_han64_eee_m_c_allsides_2,bottom,frame_000175,,,unassigned,good,/home/sb/Harting_Inspection/data/raw/harting_Han64_EEE-M-C-allSides-2/harting_Han64_EEE-M-C-bottom
aedbc3ece07659a3,/home/sb/Harting_Inspection/data/raw/harting_Han64_EEE-M-C-allSides-2/harting_Han64_EEE-M-C-bottom/frame_000176.jpg,harting_han64_eee_m_c_allsides_2,bottom,frame_000176,,,unassigned,good,/home/sb/Harting_Inspection/data/raw/harting_Han64_EEE-M-C-allSides-2/harting_Han64_EEE-M-C-bottom
50254ae4ed911eeb,/home/sb/Harting_Inspection/data/raw/harting_Han64_EEE-M-C-allSides-2/harting_Han64_EEE-M-C-bottom/frame_000177.jpg,harting_han64_eee_m_c_allsides_2,bottom,frame_000177,,,unassigned,good,/home/sb/Harting_Inspection/data/raw/harting_Han64_EEE-M-C-allSides-2/harting_Han64_EEE-M-C-bottom
c51a3007b448895c,/home/sb/Harting_Inspection/data/raw/harting_Han64_EEE-M-C-allSides-2/harting_Han64_EEE-M-C-bottom/frame_000178.jpg,harting_han64_eee_m_c_allsides_2,bottom,frame_000178,,,unassigned,good,/home/sb/Harting_Inspection/data/raw/harting_Han64_EEE-M-C-allSides-2/harting_Han64_EEE-M-C-bottom
e24b8dd46fb309b4,/home/sb/Harting_Inspection/data/raw/harting_Han64_EEE-M-C-allSides-2/harting_Han64_EEE-M-C-bottom/frame_000179.jpg,harting_han64_eee_m_c_allsides_2,bottom,frame_000179,,,unassigned,good,/home/sb/Harting_Inspection/data/raw/harting_Han64_EEE-M-C-allSides-2/harting_Han64_EEE-M-C-bottom
feb064fed3f2e279,/home/sb/Harting_Inspection/data/raw/harting_Han64_EEE-M-C-allSides-2/harting_Han64_EEE-M-C-bottom/frame_000180.jpg,harting_han64_eee_m_c_allsides_2,bottom,frame_000180,,,unassigned,good,/home/sb/Harting_Inspection/data/raw/harting_Han64_EEE-M-C-allSides-2/harting_Han64_EEE-M-C-bottom
ed128f29862b3bdf,/home/sb/Harting_Inspection/data/raw/harting_Han64_EEE-M-C-allSides-2/harting_Han64_EEE-M-C-bottom/frame_000181.jpg,harting_han64_eee_m_c_allsides_2,bottom,frame_000181,,,unassigned,good,/home/sb/Harting_Inspection/data/raw/harting_Han64_EEE-M-C-allSides-2/harting_Han64_EEE-M-C-bottom
3a5881e41afd6d9c,/home/sb/Harting_Inspection/data/raw/harting_Han64_EEE-M-C-allSides-2/harting_Han64_EEE-M-C-bottom/frame_000182.jpg,harting_han64_eee_m_c_allsides_2,bottom,frame_000182,,,unassigned,good,/home/sb/Harting_Inspection/data/raw/harting_Han64_EEE-M-C-allSides-2/harting_Han64_EEE-M-C-bottom
3d76004953fdd836,/home/sb/Harting_Inspection/data/raw/harting_Han64_EEE-M-C-allSides-2/harting_Han64_EEE-M-C-bottom/frame_000183.jpg,harting_han64_eee_m_c_allsides_2,bottom,frame_000183,,,unassigned,good,/home/sb/Harting_Inspection/data/raw/harting_Han64_EEE-M-C-allSides-2/harting_Han64_EEE-M-C-bottom
d7ab57b4bec0d1f3,/home/sb/Harting_Inspection/data/raw/harting_Han64_EEE-M-C-allSides-2/harting_Han64_EEE-M-C-bottom/frame_000184.jpg,harting_han64_eee_m_c_allsides_2,bottom,frame_000184,,,unassigned,good,/home/sb/Harting_Inspection/data/raw/harting_Han64_EEE-M-C-allSides-2/harting_Han64_EEE-M-C-bottom
eb873df947c5eb8f,/home/sb/Harting_Inspection/data/raw/harting_Han64_EEE-M-C-allSides-2/harting_Han64_EEE-M-C-bottom/frame_000185.jpg,harting_han64_eee_m_c_allsides_2,bottom,frame_000185,,,unassigned,good,/home/sb/Harting_Inspection/data/raw/harting_Han64_EEE-M-C-allSides-2/harting_Han64_EEE-M-C-bottom
ac18f5e10f9c58ed,/home/sb/Harting_Inspection/data/raw/harting_Han64_EEE-M-C-allSides-2/harting_Han64_EEE-M-C-bottom/frame_000186.jpg,harting_han64_eee_m_c_allsides_2,bottom,frame_000186,,,unassigned,good,/home/sb/Harting_Inspection/data/raw/harting_Han64_EEE-M-C-allSides-2/harting_Han64_EEE-M-C-bottom
f3620e501ed85800,/home/sb/Harting_Inspection/data/raw/harting_Han64_EEE-M-C-allSides-2/harting_Han64_EEE-M-C-bottom/frame_000187.jpg,harting_han64_eee_m_c_allsides_2,bottom,frame_000187,,,unassigned,good,/home/sb/Harting_Inspection/data/raw/harting_Han64_EEE-M-C-allSides-2/harting_Han64_EEE-M-C-bottom
0845c8262377cb09,/home/sb/Harting_Inspection/data/raw/harting_Han64_EEE-M-C-allSides-2/harting_Han64_EEE-M-C-bottom/frame_000188.jpg,harting_han64_eee_m_c_allsides_2,bottom,frame_000188,,,unassigned,good,/home/sb/Harting_Inspection/data/raw/harting_Han64_EEE-M-C-allSides-2/harting_Han64_EEE-M-C-bottom
aa38e0ecfb9b46a1,/home/sb/Harting_Inspection/data/raw/harting_Han64_EEE-M-C-allSides-2/harting_Han64_EEE-M-C-bottom/frame_000189.jpg,harting_han64_eee_m_c_allsides_2,bottom,frame_000189,,,unassigned,good,/home/sb/Harting_Inspection/data/raw/harting_Han64_EEE-M-C-allSides-2/harting_Han64_EEE-M-C-bottom
cad0e065b2e82493,/home/sb/Harting_Inspection/data/raw/harting_Han64_EEE-M-C-allSides-2/harting_Han64_EEE-M-C-bottom/frame_000190.jpg,harting_han64_eee_m_c_allsides_2,bottom,frame_000190,,,unassigned,good,/home/sb/Harting_Inspection/data/raw/harting_Han64_EEE-M-C-allSides-2/harting_Han64_EEE-M-C-bottom
c833ea5af2839b97,/home/sb/Harting_Inspection/data/raw/harting_Han64_EEE-M-C-allSides-2/harting_Han64_EEE-M-C-bottom/frame_000191.jpg,harting_han64_eee_m_c_allsides_2,bottom,frame_000191,,,unassigned,good,/home/sb/Harting_Inspection/data/raw/harting_Han64_EEE-M-C-allSides-2/harting_Han64_EEE-M-C-bottom
7612abe1b4eb6da1,/home/sb/Harting_Inspection/data/raw/harting_Han64_EEE-M-C-allSides-2/harting_Han64_EEE-M-C-bottom/frame_000192.jpg,harting_han64_eee_m_c_allsides_2,bottom,frame_000192,,,unassigned,good,/home/sb/Harting_Inspection/data/raw/harting_Han64_EEE-M-C-allSides-2/harting_Han64_EEE-M-C-bottom
cfe8813e1c614f83,/home/sb/Harting_Inspection/data/raw/harting_Han64_EEE-M-C-allSides-2/harting_Han64_EEE-M-C-bottom/frame_000193.jpg,harting_han64_eee_m_c_allsides_2,bottom,frame_000193,,,unassigned,good,/home/sb/Harting_Inspection/data/raw/harting_Han64_EEE-M-C-allSides-2/harting_Han64_EEE-M-C-bottom
86894f86ede8335e,/home/sb/Harting_Inspection/data/raw/harting_Han64_EEE-M-C-allSides-2/harting_Han64_EEE-M-C-bottom/frame_000194.jpg,harting_han64_eee_m_c_allsides_2,bottom,frame_000194,,,unassigned,good,/home/sb/Harting_Inspection/data/raw/harting_Han64_EEE-M-C-allSides-2/harting_Han64_EEE-M-C-bottom
ee5d545d7d8ab56a,/home/sb/Harting_Inspection/data/raw/harting_Han64_EEE-M-C-allSides-2/harting_Han64_EEE-M-C-bottom/frame_000195.jpg,harting_han64_eee_m_c_allsides_2,bottom,frame_000195,,,unassigned,good,/home/sb/Harting_Inspection/data/raw/harting_Han64_EEE-M-C-allSides-2/harting_Han64_EEE-M-C-bottom
7486ba1aa46f79b6,/home/sb/Harting_Inspection/data/raw/harting_Han64_EEE-M-C-allSides-2/harting_Han64_EEE-M-C-bottom/frame_000196.jpg,harting_han64_eee_m_c_allsides_2,bottom,frame_000196,,,unassigned,good,/home/sb/Harting_Inspection/data/raw/harting_Han64_EEE-M-C-allSides-2/harting_Han64_EEE-M-C-bottom
014c7ce760e49cac,/home/sb/Harting_Inspection/data/raw/harting_Han64_EEE-M-C-allSides-2/harting_Han64_EEE-M-C-bottom/frame_000197.jpg,harting_han64_eee_m_c_allsides_2,bottom,frame_000197,,,unassigned,good,/home/sb/Harting_Inspection/data/raw/harting_Han64_EEE-M-C-allSides-2/harting_Han64_EEE-M-C-bottom
8c89ae1f3afe3b17,/home/sb/Harting_Inspection/data/raw/harting_Han64_EEE-M-C-allSides-2/harting_Han64_EEE-M-C-bottom/frame_000198.jpg,harting_han64_eee_m_c_allsides_2,bottom,frame_000198,,,unassigned,good,/home/sb/Harting_Inspection/data/raw/harting_Han64_EEE-M-C-allSides-2/harting_Han64_EEE-M-C-bottom
ee6dfbc80fe32580,/home/sb/Harting_Inspection/data/raw/harting_Han64_EEE-M-C-allSides-2/harting_Han64_EEE-M-C-bottom/frame_000199.jpg,harting_han64_eee_m_c_allsides_2,bottom,frame_000199,,,unassigned,good,/home/sb/Harting_Inspection/data/raw/harting_Han64_EEE-M-C-allSides-2/harting_Han64_EEE-M-C-bottom
7dbe15f842dffbe0,/home/sb/Harting_Inspection/data/raw/harting_Han64_EEE-M-C-allSides-2/harting_Han64_EEE-M-C-bottom/frame_000200.jpg,harting_han64_eee_m_c_allsides_2,bottom,frame_000200,,,unassigned,good,/home/sb/Harting_Inspection/data/raw/harting_Han64_EEE-M-C-allSides-2/harting_Han64_EEE-M-C-bottom
579747d46bde0e47,/home/sb/Harting_Inspection/data/raw/harting_Han64_EEE-M-C-allSides-2/harting_Han64_EEE-M-C-bottom/frame_000201.jpg,harting_han64_eee_m_c_allsides_2,bottom,frame_000201,,,unassigned,good,/home/sb/Harting_Inspection/data/raw/harting_Han64_EEE-M-C-allSides-2/harting_Han64_EEE-M-C-bottom
8f80e77a852c3d5e,/home/sb/Harting_Inspection/data/raw/harting_Han64_EEE-M-C-allSides-2/harting_Han64_EEE-M-C-bottom/frame_000202.jpg,harting_han64_eee_m_c_allsides_2,bottom,frame_000202,,,unassigned,good,/home/sb/Harting_Inspection/data/raw/harting_Han64_EEE-M-C-allSides-2/harting_Han64_EEE-M-C-bottom
22ccf45888ecba50,/home/sb/Harting_Inspection/data/raw/harting_Han64_EEE-M-C-allSides-2/harting_Han64_EEE-M-C-bottom/frame_000203.jpg,harting_han64_eee_m_c_allsides_2,bottom,frame_000203,,,unassigned,good,/home/sb/Harting_Inspection/data/raw/harting_Han64_EEE-M-C-allSides-2/harting_Han64_EEE-M-C-bottom
aa78584ee1142665,/home/sb/Harting_Inspection/data/raw/harting_Han64_EEE-M-C-allSides-2/harting_Han64_EEE-M-C-bottom/frame_000204.jpg,harting_han64_eee_m_c_allsides_2,bottom,frame_000204,,,unassigned,good,/home/sb/Harting_Inspection/data/raw/harting_Han64_EEE-M-C-allSides-2/harting_Han64_EEE-M-C-bottom
406da44bd35ba555,/home/sb/Harting_Inspection/data/raw/harting_Han64_EEE-M-C-allSides-2/harting_Han64_EEE-M-C-bottom/frame_000205.jpg,harting_han64_eee_m_c_allsides_2,bottom,frame_000205,,,unassigned,good,/home/sb/Harting_Inspection/data/raw/harting_Han64_EEE-M-C-allSides-2/harting_Han64_EEE-M-C-bottom
8c4565056c7a9c1b,/home/sb/Harting_Inspection/data/raw/harting_Han64_EEE-M-C-allSides-2/harting_Han64_EEE-M-C-bottom/frame_000206.jpg,harting_han64_eee_m_c_allsides_2,bottom,frame_000206,,,unassigned,good,/home/sb/Harting_Inspection/data/raw/harting_Han64_EEE-M-C-allSides-2/harting_Han64_EEE-M-C-bottom
e12be7867263d767,/home/sb/Harting_Inspection/data/raw/harting_Han64_EEE-M-C-allSides-2/harting_Han64_EEE-M-C-bottom/frame_000207.jpg,harting_han64_eee_m_c_allsides_2,bottom,frame_000207,,,unassigned,good,/home/sb/Harting_Inspection/data/raw/harting_Han64_EEE-M-C-allSides-2/harting_Han64_EEE-M-C-bottom
738d2fb108b4694b,/home/sb/Harting_Inspection/data/raw/harting_Han64_EEE-M-C-allSides-2/harting_Han64_EEE-M-C-bottom/frame_000208.jpg,harting_han64_eee_m_c_allsides_2,bottom,frame_000208,,,unassigned,good,/home/sb/Harting_Inspection/data/raw/harting_Han64_EEE-M-C-allSides-2/harting_Han64_EEE-M-C-bottom
8e030e9210e6acbc,/home/sb/Harting_Inspection/data/raw/harting_Han64_EEE-M-C-allSides-2/harting_Han64_EEE-M-C-bottom/frame_000209.jpg,harting_han64_eee_m_c_allsides_2,bottom,frame_000209,,,unassigned,good,/home/sb/Harting_Inspection/data/raw/harting_Han64_EEE-M-C-allSides-2/harting_Han64_EEE-M-C-bottom
9fb649aae985afb4,/home/sb/Harting_Inspection/data/raw/harting_Han64_EEE-M-C-allSides-2/harting_Han64_EEE-M-C-bottom/frame_000210.jpg,harting_han64_eee_m_c_allsides_2,bottom,frame_000210,,,unassigned,good,/home/sb/Harting_Inspection/data/raw/harting_Han64_EEE-M-C-allSides-2/harting_Han64_EEE-M-C-bottom
cd4ace4cfd212cea,/home/sb/Harting_Inspection/data/raw/harting_Han64_EEE-M-C-allSides-2/harting_Han64_EEE-M-C-bottom/frame_000211.jpg,harting_han64_eee_m_c_allsides_2,bottom,frame_000211,,,unassigned,good,/home/sb/Harting_Inspection/data/raw/harting_Han64_EEE-M-C-allSides-2/harting_Han64_EEE-M-C-bottom
75e65915799653a1,/home/sb/Harting_Inspection/data/raw/harting_Han64_EEE-M-C-allSides-2/harting_Han64_EEE-M-C-bottom/frame_000212.jpg,harting_han64_eee_m_c_allsides_2,bottom,frame_000212,,,unassigned,good,/home/sb/Harting_Inspection/data/raw/harting_Han64_EEE-M-C-allSides-2/harting_Han64_EEE-M-C-bottom
7f3d539473d01a78,/home/sb/Harting_Inspection/data/raw/harting_Han64_EEE-M-C-allSides-2/harting_Han64_EEE-M-C-bottom/frame_000213.jpg,harting_han64_eee_m_c_allsides_2,bottom,frame_000213,,,unassigned,good,/home/sb/Harting_Inspection/data/raw/harting_Han64_EEE-M-C-allSides-2/harting_Han64_EEE-M-C-bottom
f35850b0d20d645b,/home/sb/Harting_Inspection/data/raw/harting_Han64_EEE-M-C-allSides-2/harting_Han64_EEE-M-C-bottom/frame_000214.jpg,harting_han64_eee_m_c_allsides_2,bottom,frame_000214,,,unassigned,good,/home/sb/Harting_Inspection/data/raw/harting_Han64_EEE-M-C-allSides-2/harting_Han64_EEE-M-C-bottom
8b6c0beb1387c236,/home/sb/Harting_Inspection/data/raw/harting_Han64_EEE-M-C-allSides-2/harting_Han64_EEE-M-C-bottom/frame_000215.jpg,harting_han64_eee_m_c_allsides_2,bottom,frame_000215,,,unassigned,good,/home/sb/Harting_Inspection/data/raw/harting_Han64_EEE-M-C-allSides-2/harting_Han64_EEE-M-C-bottom
e12cec60508ce778,/home/sb/Harting_Inspection/data/raw/harting_Han64_EEE-M-C-allSides-2/harting_Han64_EEE-M-C-bottom/frame_000216.jpg,harting_han64_eee_m_c_allsides_2,bottom,frame_000216,,,unassigned,good,/home/sb/Harting_Inspection/data/raw/harting_Han64_EEE-M-C-allSides-2/harting_Han64_EEE-M-C-bottom
2640285ccb403c43,/home/sb/Harting_Inspection/data/raw/harting_Han64_EEE-M-C-allSides-2/harting_Han64_EEE-M-C-bottom/frame_000217.jpg,harting_han64_eee_m_c_allsides_2,bottom,frame_000217,,,unassigned,good,/home/sb/Harting_Inspection/data/raw/harting_Han64_EEE-M-C-allSides-2/harting_Han64_EEE-M-C-bottom
0e6f81a8474a6706,/home/sb/Harting_Inspection/data/raw/harting_Han64_EEE-M-C-allSides-2/harting_Han64_EEE-M-C-bottom/frame_000218.jpg,harting_han64_eee_m_c_allsides_2,bottom,frame_000218,,,unassigned,good,/home/sb/Harting_Inspection/data/raw/harting_Han64_EEE-M-C-allSides-2/harting_Han64_EEE-M-C-bottom
dec5bcc6250b1cc1,/home/sb/Harting_Inspection/data/raw/harting_Han64_EEE-M-C-allSides-2/harting_Han64_EEE-M-C-bottom/frame_000219.jpg,harting_han64_eee_m_c_allsides_2,bottom,frame_000219,,,unassigned,good,/home/sb/Harting_Inspection/data/raw/harting_Han64_EEE-M-C-allSides-2/harting_Han64_EEE-M-C-bottom
55cd04044f44569b,/home/sb/Harting_Inspection/data/raw/harting_Han64_EEE-M-C-allSides-2/harting_Han64_EEE-M-C-bottom/frame_000220.jpg,harting_han64_eee_m_c_allsides_2,bottom,frame_000220,,,unassigned,good,/home/sb/Harting_Inspection/data/raw/harting_Han64_EEE-M-C-allSides-2/harting_Han64_EEE-M-C-bottom
bdf01fb52142ff9a,/home/sb/Harting_Inspection/data/raw/harting_Han64_EEE-M-C-allSides-2/harting_Han64_EEE-M-C-bottom/frame_000221.jpg,harting_han64_eee_m_c_allsides_2,bottom,frame_000221,,,unassigned,good,/home/sb/Harting_Inspection/data/raw/harting_Han64_EEE-M-C-allSides-2/harting_Han64_EEE-M-C-bottom
358fd6edd0a9289a,/home/sb/Harting_Inspection/data/raw/harting_Han64_EEE-M-C-allSides-2/harting_Han64_EEE-M-C-bottom/frame_000222.jpg,harting_han64_eee_m_c_allsides_2,bottom,frame_000222,,,unassigned,good,/home/sb/Harting_Inspection/data/raw/harting_Han64_EEE-M-C-allSides-2/harting_Han64_EEE-M-C-bottom
959af524ca5a2b85,/home/sb/Harting_Inspection/data/raw/harting_Han64_EEE-M-C-allSides-2/harting_Han64_EEE-M-C-bottom/frame_000223.jpg,harting_han64_eee_m_c_allsides_2,bottom,frame_000223,,,unassigned,good,/home/sb/Harting_Inspection/data/raw/harting_Han64_EEE-M-C-allSides-2/harting_Han64_EEE-M-C-bottom
c95bef14d65c895c,/home/sb/Harting_Inspection/data/raw/harting_Han64_EEE-M-C-allSides-2/harting_Han64_EEE-M-C-bottom/frame_000224.jpg,harting_han64_eee_m_c_allsides_2,bottom,frame_000224,,,unassigned,good,/home/sb/Harting_Inspection/data/raw/harting_Han64_EEE-M-C-allSides-2/harting_Han64_EEE-M-C-bottom
a1b9b49040f897d3,/home/sb/Harting_Inspection/data/raw/harting_Han64_EEE-M-C-allSides-2/harting_Han64_EEE-M-C-bottom/frame_000225.jpg,harting_han64_eee_m_c_allsides_2,bottom,frame_000225,,,unassigned,good,/home/sb/Harting_Inspection/data/raw/harting_Han64_EEE-M-C-allSides-2/harting_Han64_EEE-M-C-bottom
b7f375c588d44234,/home/sb/Harting_Inspection/data/raw/harting_Han64_EEE-M-C-allSides-2/harting_Han64_EEE-M-C-bottom/frame_000226.jpg,harting_han64_eee_m_c_allsides_2,bottom,frame_000226,,,unassigned,good,/home/sb/Harting_Inspection/data/raw/harting_Han64_EEE-M-C-allSides-2/harting_Han64_EEE-M-C-bottom
ecab8df08c23e698,/home/sb/Harting_Inspection/data/raw/harting_Han64_EEE-M-C-allSides-2/harting_Han64_EEE-M-C-bottom/frame_000227.jpg,harting_han64_eee_m_c_allsides_2,bottom,frame_000227,,,unassigned,good,/home/sb/Harting_Inspection/data/raw/harting_Han64_EEE-M-C-allSides-2/harting_Han64_EEE-M-C-bottom
64a9077ff6042bef,/home/sb/Harting_Inspection/data/raw/harting_Han64_EEE-M-C-allSides-2/harting_Han64_EEE-M-C-bottom/frame_000228.jpg,harting_han64_eee_m_c_allsides_2,bottom,frame_000228,,,unassigned,good,/home/sb/Harting_Inspection/data/raw/harting_Han64_EEE-M-C-allSides-2/harting_Han64_EEE-M-C-bottom
0f9e0ab81b079eea,/home/sb/Harting_Inspection/data/raw/harting_Han64_EEE-M-C-allSides-2/harting_Han64_EEE-M-C-bottom/frame_000229.jpg,harting_han64_eee_m_c_allsides_2,bottom,frame_000229,,,unassigned,good,/home/sb/Harting_Inspection/data/raw/harting_Han64_EEE-M-C-allSides-2/harting_Han64_EEE-M-C-bottom
40d67215b3001c45,/home/sb/Harting_Inspection/data/raw/harting_Han64_EEE-M-C-allSides-2/harting_Han64_EEE-M-C-bottom/frame_000230.jpg,harting_han64_eee_m_c_allsides_2,bottom,frame_000230,,,unassigned,good,/home/sb/Harting_Inspection/data/raw/harting_Han64_EEE-M-C-allSides-2/harting_Han64_EEE-M-C-bottom
e54b8ba9ff7ca8d6,/home/sb/Harting_Inspection/data/raw/harting_Han64_EEE-M-C-allSides-2/harting_Han64_EEE-M-C-bottom/frame_000231.jpg,harting_han64_eee_m_c_allsides_2,bottom,frame_000231,,,unassigned,good,/home/sb/Harting_Inspection/data/raw/harting_Han64_EEE-M-C-allSides-2/harting_Han64_EEE-M-C-bottom
953d066617cbebc1,/home/sb/Harting_Inspection/data/raw/harting_Han64_EEE-M-C-allSides-2/harting_Han64_EEE-M-C-bottom/frame_000232.jpg,harting_han64_eee_m_c_allsides_2,bottom,frame_000232,,,unassigned,good,/home/sb/Harting_Inspection/data/raw/harting_Han64_EEE-M-C-allSides-2/harting_Han64_EEE-M-C-bottom
60ca5366d33c39b2,/home/sb/Harting_Inspection/data/raw/harting_Han64_EEE-M-C-allSides-2/harting_Han64_EEE-M-C-bottom/frame_000233.jpg,harting_han64_eee_m_c_allsides_2,bottom,frame_000233,,,unassigned,good,/home/sb/Harting_Inspection/data/raw/harting_Han64_EEE-M-C-allSides-2/harting_Han64_EEE-M-C-bottom
51cbfca46b975388,/home/sb/Harting_Inspection/data/raw/harting_Han64_EEE-M-C-allSides-2/harting_Han64_EEE-M-C-bottom/frame_000234.jpg,harting_han64_eee_m_c_allsides_2,bottom,frame_000234,,,unassigned,good,/home/sb/Harting_Inspection/data/raw/harting_Han64_EEE-M-C-allSides-2/harting_Han64_EEE-M-C-bottom
8d57add7872415a4,/home/sb/Harting_Inspection/data/raw/harting_Han64_EEE-M-C-allSides-2/harting_Han64_EEE-M-C-bottom/frame_000235.jpg,harting_han64_eee_m_c_allsides_2,bottom,frame_000235,,,unassigned,good,/home/sb/Harting_Inspection/data/raw/harting_Han64_EEE-M-C-allSides-2/harting_Han64_EEE-M-C-bottom
3bdc055352a34847,/home/sb/Harting_Inspection/data/raw/harting_Han64_EEE-M-C-allSides-2/harting_Han64_EEE-M-C-bottom/frame_000236.jpg,harting_han64_eee_m_c_allsides_2,bottom,frame_000236,,,unassigned,good,/home/sb/Harting_Inspection/data/raw/harting_Han64_EEE-M-C-allSides-2/harting_Han64_EEE-M-C-bottom
ad29f9ccd1e7d3b4,/home/sb/Harting_Inspection/data/raw/harting_Han64_EEE-M-C-allSides-2/harting_Han64_EEE-M-C-bottom/frame_000237.jpg,harting_han64_eee_m_c_allsides_2,bottom,frame_000237,,,unassigned,good,/home/sb/Harting_Inspection/data/raw/harting_Han64_EEE-M-C-allSides-2/harting_Han64_EEE-M-C-bottom
e023e10029bcd523,/home/sb/Harting_Inspection/data/raw/harting_Han64_EEE-M-C-allSides-2/harting_Han64_EEE-M-C-bottom/frame_000238.jpg,harting_han64_eee_m_c_allsides_2,bottom,frame_000238,,,unassigned,good,/home/sb/Harting_Inspection/data/raw/harting_Han64_EEE-M-C-allSides-2/harting_Han64_EEE-M-C-bottom
4604b4a649fdb48b,/home/sb/Harting_Inspection/data/raw/harting_Han64_EEE-M-C-allSides-2/harting_Han64_EEE-M-C-bottom/frame_000239.jpg,harting_han64_eee_m_c_allsides_2,bottom,frame_000239,,,unassigned,good,/home/sb/Harting_Inspection/data/raw/harting_Han64_EEE-M-C-allSides-2/harting_Han64_EEE-M-C-bottom
f7582778201d3a70,/home/sb/Harting_Inspection/data/raw/harting_Han64_EEE-M-C-allSides-2/harting_Han64_EEE-M-C-bottom/frame_000240.jpg,harting_han64_eee_m_c_allsides_2,bottom,frame_000240,,,unassigned,good,/home/sb/Harting_Inspection/data/raw/harting_Han64_EEE-M-C-allSides-2/harting_Han64_EEE-M-C-bottom
c2ec80f31a2409a3,/home/sb/Harting_Inspection/data/raw/harting_Han64_EEE-M-C-allSides-2/harting_Han64_EEE-M-C-bottom/frame_000241.jpg,harting_han64_eee_m_c_allsides_2,bottom,frame_000241,,,unassigned,good,/home/sb/Harting_Inspection/data/raw/harting_Han64_EEE-M-C-allSides-2/harting_Han64_EEE-M-C-bottom
075b0466c8e112f3,/home/sb/Harting_Inspection/data/raw/harting_Han64_EEE-M-C-allSides-2/harting_Han64_EEE-M-C-bottom/frame_000242.jpg,harting_han64_eee_m_c_allsides_2,bottom,frame_000242,,,unassigned,good,/home/sb/Harting_Inspection/data/raw/harting_Han64_EEE-M-C-allSides-2/harting_Han64_EEE-M-C-bottom
7da3828ef53a2539,/home/sb/Harting_Inspection/data/raw/harting_Han64_EEE-M-C-allSides-2/harting_Han64_EEE-M-C-bottom/frame_000243.jpg,harting_han64_eee_m_c_allsides_2,bottom,frame_000243,,,unassigned,good,/home/sb/Harting_Inspection/data/raw/harting_Han64_EEE-M-C-allSides-2/harting_Han64_EEE-M-C-bottom
c044292c52a9f73c,/home/sb/Harting_Inspection/data/raw/harting_Han64_EEE-M-C-allSides-2/harting_Han64_EEE-M-C-bottom/frame_000244.jpg,harting_han64_eee_m_c_allsides_2,bottom,frame_000244,,,unassigned,good,/home/sb/Harting_Inspection/data/raw/harting_Han64_EEE-M-C-allSides-2/harting_Han64_EEE-M-C-bottom
084d17101e0d4c9c,/home/sb/Harting_Inspection/data/raw/harting_Han64_EEE-M-C-allSides-2/harting_Han64_EEE-M-C-bottom/frame_000245.jpg,harting_han64_eee_m_c_allsides_2,bottom,frame_000245,,,unassigned,good,/home/sb/Harting_Inspection/data/raw/harting_Han64_EEE-M-C-allSides-2/harting_Han64_EEE-M-C-bottom
18498596426bb32d,/home/sb/Harting_Inspection/data/raw/harting_Han64_EEE-M-C-allSides-2/harting_Han64_EEE-M-C-bottom/frame_000246.jpg,harting_han64_eee_m_c_allsides_2,bottom,frame_000246,,,unassigned,good,/home/sb/Harting_Inspection/data/raw/harting_Han64_EEE-M-C-allSides-2/harting_Han64_EEE-M-C-bottom
5d01e8e077a9574f,/home/sb/Harting_Inspection/data/raw/harting_Han64_EEE-M-C-allSides-2/harting_Han64_EEE-M-C-bottom/frame_000247.jpg,harting_han64_eee_m_c_allsides_2,bottom,frame_000247,,,unassigned,good,/home/sb/Harting_Inspection/data/raw/harting_Han64_EEE-M-C-allSides-2/harting_Han64_EEE-M-C-bottom
39c39955f9f9ed2f,/home/sb/Harting_Inspection/data/raw/harting_Han64_EEE-M-C-allSides-2/harting_Han64_EEE-M-C-bottom/frame_000248.jpg,harting_han64_eee_m_c_allsides_2,bottom,frame_000248,,,unassigned,good,/home/sb/Harting_Inspection/data/raw/harting_Han64_EEE-M-C-allSides-2/harting_Han64_EEE-M-C-bottom
0ae00f5a8e09a178,/home/sb/Harting_Inspection/data/raw/harting_Han64_EEE-M-C-allSides-2/harting_Han64_EEE-M-C-bottom/frame_000249.jpg,harting_han64_eee_m_c_allsides_2,bottom,frame_000249,,,unassigned,good,/home/sb/Harting_Inspection/data/raw/harting_Han64_EEE-M-C-allSides-2/harting_Han64_EEE-M-C-bottom
27bf787e0b1b58ca,/home/sb/Harting_Inspection/data/raw/harting_Han64_EEE-M-C-allSides-2/harting_Han64_EEE-M-C-bottom/frame_000250.jpg,harting_han64_eee_m_c_allsides_2,bottom,frame_000250,,,unassigned,good,/home/sb/Harting_Inspection/data/raw/harting_Han64_EEE-M-C-allSides-2/harting_Han64_EEE-M-C-bottom
4a63b91cfb6a1dc5,/home/sb/Harting_Inspection/data/raw/harting_Han64_EEE-M-C-allSides-2/harting_Han64_EEE-M-C-bottom/frame_000251.jpg,harting_han64_eee_m_c_allsides_2,bottom,frame_000251,,,unassigned,good,/home/sb/Harting_Inspection/data/raw/harting_Han64_EEE-M-C-allSides-2/harting_Han64_EEE-M-C-bottom
723faea4c97f67bc,/home/sb/Harting_Inspection/data/raw/harting_Han64_EEE-M-C-allSides-2/harting_Han64_EEE-M-C-bottom/frame_000252.jpg,harting_han64_eee_m_c_allsides_2,bottom,frame_000252,,,unassigned,good,/home/sb/Harting_Inspection/data/raw/harting_Han64_EEE-M-C-allSides-2/harting_Han64_EEE-M-C-bottom
ebc0c65fb8890849,/home/sb/Harting_Inspection/data/raw/harting_Han64_EEE-M-C-allSides-2/harting_Han64_EEE-M-C-bottom/frame_000253.jpg,harting_han64_eee_m_c_allsides_2,bottom,frame_000253,,,unassigned,good,/home/sb/Harting_Inspection/data/raw/harting_Han64_EEE-M-C-allSides-2/harting_Han64_EEE-M-C-bottom
ec9696f13fddc434,/home/sb/Harting_Inspection/data/raw/harting_Han64_EEE-M-C-allSides-2/harting_Han64_EEE-M-C-bottom/frame_000254.jpg,harting_han64_eee_m_c_allsides_2,bottom,frame_000254,,,unassigned,good,/home/sb/Harting_Inspection/data/raw/harting_Han64_EEE-M-C-allSides-2/harting_Han64_EEE-M-C-bottom
e0c7b85428557e07,/home/sb/Harting_Inspection/data/raw/harting_Han64_EEE-M-C-allSides-2/harting_Han64_EEE-M-C-bottom/frame_000255.jpg,harting_han64_eee_m_c_allsides_2,bottom,frame_000255,,,unassigned,good,/home/sb/Harting_Inspection/data/raw/harting_Han64_EEE-M-C-allSides-2/harting_Han64_EEE-M-C-bottom
56665915bcc1a1ea,/home/sb/Harting_Inspection/data/raw/harting_Han64_EEE-M-C-allSides-2/harting_Han64_EEE-M-C-bottom/frame_000256.jpg,harting_han64_eee_m_c_allsides_2,bottom,frame_000256,,,unassigned,good,/home/sb/Harting_Inspection/data/raw/harting_Han64_EEE-M-C-allSides-2/harting_Han64_EEE-M-C-bottom
f6cd52a1d32f9c82,/home/sb/Harting_Inspection/data/raw/harting_Han64_EEE-M-C-allSides-2/harting_Han64_EEE-M-C-bottom/frame_000257.jpg,harting_han64_eee_m_c_allsides_2,bottom,frame_000257,,,unassigned,good,/home/sb/Harting_Inspection/data/raw/harting_Han64_EEE-M-C-allSides-2/harting_Han64_EEE-M-C-bottom
50dfe7704269e1db,/home/sb/Harting_Inspection/data/raw/harting_Han64_EEE-M-C-allSides-2/harting_Han64_EEE-M-C-bottom/frame_000258.jpg,harting_han64_eee_m_c_allsides_2,bottom,frame_000258,,,unassigned,good,/home/sb/Harting_Inspection/data/raw/harting_Han64_EEE-M-C-allSides-2/harting_Han64_EEE-M-C-bottom
54a78604fe39666d,/home/sb/Harting_Inspection/data/raw/harting_Han64_EEE-M-C-allSides-2/harting_Han64_EEE-M-C-bottom/frame_000259.jpg,harting_han64_eee_m_c_allsides_2,bottom,frame_000259,,,unassigned,good,/home/sb/Harting_Inspection/data/raw/harting_Han64_EEE-M-C-allSides-2/harting_Han64_EEE-M-C-bottom
7a23dffe2d6253ff,/home/sb/Harting_Inspection/data/raw/harting_Han64_EEE-M-C-allSides-2/harting_Han64_EEE-M-C-bottom/frame_000260.jpg,harting_han64_eee_m_c_allsides_2,bottom,frame_000260,,,unassigned,good,/home/sb/Harting_Inspection/data/raw/harting_Han64_EEE-M-C-allSides-2/harting_Han64_EEE-M-C-bottom
fe5ff334537dc09e,/home/sb/Harting_Inspection/data/raw/harting_Han64_EEE-M-C-allSides-2/harting_Han64_EEE-M-C-bottom/frame_000261.jpg,harting_han64_eee_m_c_allsides_2,bottom,frame_000261,,,unassigned,good,/home/sb/Harting_Inspection/data/raw/harting_Han64_EEE-M-C-allSides-2/harting_Han64_EEE-M-C-bottom
9613bf3e8699e84e,/home/sb/Harting_Inspection/data/raw/harting_Han64_EEE-M-C-allSides-2/harting_Han64_EEE-M-C-bottom/frame_000262.jpg,harting_han64_eee_m_c_allsides_2,bottom,frame_000262,,,unassigned,good,/home/sb/Harting_Inspection/data/raw/harting_Han64_EEE-M-C-allSides-2/harting_Han64_EEE-M-C-bottom
fcb85041073df3ed,/home/sb/Harting_Inspection/data/raw/harting_Han64_EEE-M-C-allSides-2/harting_Han64_EEE-M-C-bottom/frame_000263.jpg,harting_han64_eee_m_c_allsides_2,bottom,frame_000263,,,unassigned,good,/home/sb/Harting_Inspection/data/raw/harting_Han64_EEE-M-C-allSides-2/harting_Han64_EEE-M-C-bottom
7bd1a57ab1aaa443,/home/sb/Harting_Inspection/data/raw/harting_Han64_EEE-M-C-allSides-2/harting_Han64_EEE-M-C-bottom/frame_000264.jpg,harting_han64_eee_m_c_allsides_2,bottom,frame_000264,,,unassigned,good,/home/sb/Harting_Inspection/data/raw/harting_Han64_EEE-M-C-allSides-2/harting_Han64_EEE-M-C-bottom
1e3b38ee0a942706,/home/sb/Harting_Inspection/data/raw/harting_Han64_EEE-M-C-allSides-2/harting_Han64_EEE-M-C-bottom/frame_000265.jpg,harting_han64_eee_m_c_allsides_2,bottom,frame_000265,,,unassigned,good,/home/sb/Harting_Inspection/data/raw/harting_Han64_EEE-M-C-allSides-2/harting_Han64_EEE-M-C-bottom
ff3da5d54f7a4723,/home/sb/Harting_Inspection/data/raw/harting_Han64_EEE-M-C-allSides-2/harting_Han64_EEE-M-C-bottom/frame_000266.jpg,harting_han64_eee_m_c_allsides_2,bottom,frame_000266,,,unassigned,good,/home/sb/Harting_Inspection/data/raw/harting_Han64_EEE-M-C-allSides-2/harting_Han64_EEE-M-C-bottom
892587a68cc68f40,/home/sb/Harting_Inspection/data/raw/harting_Han64_EEE-M-C-allSides-2/harting_Han64_EEE-M-C-bottom/frame_000267.jpg,harting_han64_eee_m_c_allsides_2,bottom,frame_000267,,,unassigned,good,/home/sb/Harting_Inspection/data/raw/harting_Han64_EEE-M-C-allSides-2/harting_Han64_EEE-M-C-bottom
80d31cbf52528088,/home/sb/Harting_Inspection/data/raw/harting_Han64_EEE-M-C-allSides-2/harting_Han64_EEE-M-C-bottom/frame_000268.jpg,harting_han64_eee_m_c_allsides_2,bottom,frame_000268,,,unassigned,good,/home/sb/Harting_Inspection/data/raw/harting_Han64_EEE-M-C-allSides-2/harting_Han64_EEE-M-C-bottom
be43ed8f68175c06,/home/sb/Harting_Inspection/data/raw/harting_Han64_EEE-M-C-allSides-2/harting_Han64_EEE-M-C-bottom/frame_000269.jpg,harting_han64_eee_m_c_allsides_2,bottom,frame_000269,,,unassigned,good,/home/sb/Harting_Inspection/data/raw/harting_Han64_EEE-M-C-allSides-2/harting_Han64_EEE-M-C-bottom
7095e58f70db65bc,/home/sb/Harting_Inspection/data/raw/harting_Han64_EEE-M-C-allSides-2/harting_Han64_EEE-M-C-bottom/frame_000270.jpg,harting_han64_eee_m_c_allsides_2,bottom,frame_000270,,,unassigned,good,/home/sb/Harting_Inspection/data/raw/harting_Han64_EEE-M-C-allSides-2/harting_Han64_EEE-M-C-bottom
91af23dafa2a5ac3,/home/sb/Harting_Inspection/data/raw/harting_Han64_EEE-M-C-allSides-2/harting_Han64_EEE-M-C-bottom/frame_000271.jpg,harting_han64_eee_m_c_allsides_2,bottom,frame_000271,,,unassigned,good,/home/sb/Harting_Inspection/data/raw/harting_Han64_EEE-M-C-allSides-2/harting_Han64_EEE-M-C-bottom
6431e9da793cafa5,/home/sb/Harting_Inspection/data/raw/harting_Han64_EEE-M-C-allSides-2/harting_Han64_EEE-M-C-bottom/frame_000272.jpg,harting_han64_eee_m_c_allsides_2,bottom,frame_000272,,,unassigned,good,/home/sb/Harting_Inspection/data/raw/harting_Han64_EEE-M-C-allSides-2/harting_Han64_EEE-M-C-bottom
208b4c26601df6a4,/home/sb/Harting_Inspection/data/raw/harting_Han64_EEE-M-C-allSides-2/harting_Han64_EEE-M-C-bottom/frame_000273.jpg,harting_han64_eee_m_c_allsides_2,bottom,frame_000273,,,unassigned,good,/home/sb/Harting_Inspection/data/raw/harting_Han64_EEE-M-C-allSides-2/harting_Han64_EEE-M-C-bottom
0722d256e1b5eb9e,/home/sb/Harting_Inspection/data/raw/harting_Han64_EEE-M-C-allSides-2/harting_Han64_EEE-M-C-bottom/frame_000274.jpg,harting_han64_eee_m_c_allsides_2,bottom,frame_000274,,,unassigned,good,/home/sb/Harting_Inspection/data/raw/harting_Han64_EEE-M-C-allSides-2/harting_Han64_EEE-M-C-bottom
0e0d3114250c789b,/home/sb/Harting_Inspection/data/raw/harting_Han64_EEE-M-C-allSides-2/harting_Han64_EEE-M-C-bottom/frame_000275.jpg,harting_han64_eee_m_c_allsides_2,bottom,frame_000275,,,unassigned,good,/home/sb/Harting_Inspection/data/raw/harting_Han64_EEE-M-C-allSides-2/harting_Han64_EEE-M-C-bottom
39de4db449cc83b2,/home/sb/Harting_Inspection/data/raw/harting_Han64_EEE-M-C-allSides-2/harting_Han64_EEE-M-C-bottom/frame_000276.jpg,harting_han64_eee_m_c_allsides_2,bottom,frame_000276,,,unassigned,good,/home/sb/Harting_Inspection/data/raw/harting_Han64_EEE-M-C-allSides-2/harting_Han64_EEE-M-C-bottom
6848eec6e5a0f87c,/home/sb/Harting_Inspection/data/raw/harting_Han64_EEE-M-C-allSides-2/harting_Han64_EEE-M-C-bottom/frame_000277.jpg,harting_han64_eee_m_c_allsides_2,bottom,frame_000277,,,unassigned,good,/home/sb/Harting_Inspection/data/raw/harting_Han64_EEE-M-C-allSides-2/harting_Han64_EEE-M-C-bottom
373c756f8b3d21a7,/home/sb/Harting_Inspection/data/raw/harting_Han64_EEE-M-C-allSides-2/harting_Han64_EEE-M-C-bottom/frame_000278.jpg,harting_han64_eee_m_c_allsides_2,bottom,frame_000278,,,unassigned,good,/home/sb/Harting_Inspection/data/raw/harting_Han64_EEE-M-C-allSides-2/harting_Han64_EEE-M-C-bottom
09edce14ece4e559,/home/sb/Harting_Inspection/data/raw/harting_Han64_EEE-M-C-allSides-2/harting_Han64_EEE-M-C-bottom/frame_000279.jpg,harting_han64_eee_m_c_allsides_2,bottom,frame_000279,,,unassigned,good,/home/sb/Harting_Inspection/data/raw/harting_Han64_EEE-M-C-allSides-2/harting_Han64_EEE-M-C-bottom
9aff791d4a653680,/home/sb/Harting_Inspection/data/raw/harting_Han64_EEE-M-C-allSides-2/harting_Han64_EEE-M-C-bottom/frame_000280.jpg,harting_han64_eee_m_c_allsides_2,bottom,frame_000280,,,unassigned,good,/home/sb/Harting_Inspection/data/raw/harting_Han64_EEE-M-C-allSides-2/harting_Han64_EEE-M-C-bottom
ce62c9d884086f99,/home/sb/Harting_Inspection/data/raw/harting_Han64_EEE-M-C-allSides-2/harting_Han64_EEE-M-C-bottom/frame_000281.jpg,harting_han64_eee_m_c_allsides_2,bottom,frame_000281,,,unassigned,good,/home/sb/Harting_Inspection/data/raw/harting_Han64_EEE-M-C-allSides-2/harting_Han64_EEE-M-C-bottom
40676aa183aa8025,/home/sb/Harting_Inspection/data/raw/harting_Han64_EEE-M-C-allSides-2/harting_Han64_EEE-M-C-bottom/frame_000282.jpg,harting_han64_eee_m_c_allsides_2,bottom,frame_000282,,,unassigned,good,/home/sb/Harting_Inspection/data/raw/harting_Han64_EEE-M-C-allSides-2/harting_Han64_EEE-M-C-bottom
34e7c88c35c13de2,/home/sb/Harting_Inspection/data/raw/harting_Han64_EEE-M-C-allSides-2/harting_Han64_EEE-M-C-bottom/frame_000283.jpg,harting_han64_eee_m_c_allsides_2,bottom,frame_000283,,,unassigned,good,/home/sb/Harting_Inspection/data/raw/harting_Han64_EEE-M-C-allSides-2/harting_Han64_EEE-M-C-bottom
ae2ff048e42f9c7b,/home/sb/Harting_Inspection/data/raw/harting_Han64_EEE-M-C-allSides-2/harting_Han64_EEE-M-C-bottom/frame_000284.jpg,harting_han64_eee_m_c_allsides_2,bottom,frame_000284,,,unassigned,good,/home/sb/Harting_Inspection/data/raw/harting_Han64_EEE-M-C-allSides-2/harting_Han64_EEE-M-C-bottom
2fc2a3da58510b92,/home/sb/Harting_Inspection/data/raw/harting_Han64_EEE-M-C-allSides-2/harting_Han64_EEE-M-C-bottom/frame_000285.jpg,harting_han64_eee_m_c_allsides_2,bottom,frame_000285,,,unassigned,good,/home/sb/Harting_Inspection/data/raw/harting_Han64_EEE-M-C-allSides-2/harting_Han64_EEE-M-C-bottom
673da59aed07793a,/home/sb/Harting_Inspection/data/raw/harting_Han64_EEE-M-C-allSides-2/harting_Han64_EEE-M-C-bottom/frame_000286.jpg,harting_han64_eee_m_c_allsides_2,bottom,frame_000286,,,unassigned,good,/home/sb/Harting_Inspection/data/raw/harting_Han64_EEE-M-C-allSides-2/harting_Han64_EEE-M-C-bottom
204f71622d7ad6d0,/home/sb/Harting_Inspection/data/raw/harting_Han64_EEE-M-C-allSides-2/harting_Han64_EEE-M-C-bottom/frame_000287.jpg,harting_han64_eee_m_c_allsides_2,bottom,frame_000287,,,unassigned,good,/home/sb/Harting_Inspection/data/raw/harting_Han64_EEE-M-C-allSides-2/harting_Han64_EEE-M-C-bottom
ebfed0f129ba70c3,/home/sb/Harting_Inspection/data/raw/harting_Han64_EEE-M-C-allSides-2/harting_Han64_EEE-M-C-bottom/frame_000288.jpg,harting_han64_eee_m_c_allsides_2,bottom,frame_000288,,,unassigned,good,/home/sb/Harting_Inspection/data/raw/harting_Han64_EEE-M-C-allSides-2/harting_Han64_EEE-M-C-bottom
29b328cde5dde594,/home/sb/Harting_Inspection/data/raw/harting_Han64_EEE-M-C-allSides-2/harting_Han64_EEE-M-C-bottom/frame_000289.jpg,harting_han64_eee_m_c_allsides_2,bottom,frame_000289,,,unassigned,good,/home/sb/Harting_Inspection/data/raw/harting_Han64_EEE-M-C-allSides-2/harting_Han64_EEE-M-C-bottom
42a08156a4259b4c,/home/sb/Harting_Inspection/data/raw/harting_Han64_EEE-M-C-allSides-2/harting_Han64_EEE-M-C-bottom/frame_000290.jpg,harting_han64_eee_m_c_allsides_2,bottom,frame_000290,,,unassigned,good,/home/sb/Harting_Inspection/data/raw/harting_Han64_EEE-M-C-allSides-2/harting_Han64_EEE-M-C-bottom
b5fcff119fbda78e,/home/sb/Harting_Inspection/data/raw/harting_Han64_EEE-M-C-allSides-2/harting_Han64_EEE-M-C-bottom/frame_000291.jpg,harting_han64_eee_m_c_allsides_2,bottom,frame_000291,,,unassigned,good,/home/sb/Harting_Inspection/data/raw/harting_Han64_EEE-M-C-allSides-2/harting_Han64_EEE-M-C-bottom
56dbfb1a88cb2a61,/home/sb/Harting_Inspection/data/raw/harting_Han64_EEE-M-C-allSides-2/harting_Han64_EEE-M-C-bottom/frame_000292.jpg,harting_han64_eee_m_c_allsides_2,bottom,frame_000292,,,unassigned,good,/home/sb/Harting_Inspection/data/raw/harting_Han64_EEE-M-C-allSides-2/harting_Han64_EEE-M-C-bottom
16e9619e6766485e,/home/sb/Harting_Inspection/data/raw/harting_Han64_EEE-M-C-allSides-2/harting_Han64_EEE-M-C-bottom/frame_000293.jpg,harting_han64_eee_m_c_allsides_2,bottom,frame_000293,,,unassigned,good,/home/sb/Harting_Inspection/data/raw/harting_Han64_EEE-M-C-allSides-2/harting_Han64_EEE-M-C-bottom
38d05972f1036f63,/home/sb/Harting_Inspection/data/raw/harting_Han64_EEE-M-C-allSides-2/harting_Han64_EEE-M-C-bottom/frame_000294.jpg,harting_han64_eee_m_c_allsides_2,bottom,frame_000294,,,unassigned,good,/home/sb/Harting_Inspection/data/raw/harting_Han64_EEE-M-C-allSides-2/harting_Han64_EEE-M-C-bottom
61901d31a5be4133,/home/sb/Harting_Inspection/data/raw/harting_Han64_EEE-M-C-allSides-2/harting_Han64_EEE-M-C-bottom/frame_000295.jpg,harting_han64_eee_m_c_allsides_2,bottom,frame_000295,,,unassigned,good,/home/sb/Harting_Inspection/data/raw/harting_Han64_EEE-M-C-allSides-2/harting_Han64_EEE-M-C-bottom
80270adf2431e9d2,/home/sb/Harting_Inspection/data/raw/harting_Han64_EEE-M-C-allSides-2/harting_Han64_EEE-M-C-bottom/frame_000296.jpg,harting_han64_eee_m_c_allsides_2,bottom,frame_000296,,,unassigned,good,/home/sb/Harting_Inspection/data/raw/harting_Han64_EEE-M-C-allSides-2/harting_Han64_EEE-M-C-bottom
e6c633e692394c5d,/home/sb/Harting_Inspection/data/raw/harting_Han64_EEE-M-C-allSides-2/harting_Han64_EEE-M-C-bottom/frame_000297.jpg,harting_han64_eee_m_c_allsides_2,bottom,frame_000297,,,unassigned,good,/home/sb/Harting_Inspection/data/raw/harting_Han64_EEE-M-C-allSides-2/harting_Han64_EEE-M-C-bottom
4d1a68e50b299c52,/home/sb/Harting_Inspection/data/raw/harting_Han64_EEE-M-C-allSides-2/harting_Han64_EEE-M-C-bottom/frame_000298.jpg,harting_han64_eee_m_c_allsides_2,bottom,frame_000298,,,unassigned,good,/home/sb/Harting_Inspection/data/raw/harting_Han64_EEE-M-C-allSides-2/harting_Han64_EEE-M-C-bottom
e604b8df74a79499,/home/sb/Harting_Inspection/data/raw/harting_Han64_EEE-M-C-allSides-2/harting_Han64_EEE-M-C-bottom/frame_000299.jpg,harting_han64_eee_m_c_allsides_2,bottom,frame_000299,,,unassigned,good,/home/sb/Harting_Inspection/data/raw/harting_Han64_EEE-M-C-allSides-2/harting_Han64_EEE-M-C-bottom
c6f3855b6b420b66,/home/sb/Harting_Inspection/data/raw/harting_Han64_EEE-M-C-allSides-2/harting_Han64_EEE-M-C-bottom/frame_000300.jpg,harting_han64_eee_m_c_allsides_2,bottom,frame_000300,,,unassigned,good,/home/sb/Harting_Inspection/data/raw/harting_Han64_EEE-M-C-allSides-2/harting_Han64_EEE-M-C-bottom
c02c1c55b385d248,/home/sb/Harting_Inspection/data/raw/harting_Han64_EEE-M-C-allSides-2/harting_Han64_EEE-M-C-bottom/frame_000301.jpg,harting_han64_eee_m_c_allsides_2,bottom,frame_000301,,,unassigned,good,/home/sb/Harting_Inspection/data/raw/harting_Han64_EEE-M-C-allSides-2/harting_Han64_EEE-M-C-bottom
47fbabe00f6e3bc8,/home/sb/Harting_Inspection/data/raw/harting_Han64_EEE-M-C-allSides-2/harting_Han64_EEE-M-C-bottom/frame_000302.jpg,harting_han64_eee_m_c_allsides_2,bottom,frame_000302,,,unassigned,good,/home/sb/Harting_Inspection/data/raw/harting_Han64_EEE-M-C-allSides-2/harting_Han64_EEE-M-C-bottom
2614ce007c928c6f,/home/sb/Harting_Inspection/data/raw/harting_Han64_EEE-M-C-allSides-2/harting_Han64_EEE-M-C-bottom/frame_000303.jpg,harting_han64_eee_m_c_allsides_2,bottom,frame_000303,,,unassigned,good,/home/sb/Harting_Inspection/data/raw/harting_Han64_EEE-M-C-allSides-2/harting_Han64_EEE-M-C-bottom
45145b74c6818ae8,/home/sb/Harting_Inspection/data/raw/harting_Han64_EEE-M-C-allSides-2/harting_Han64_EEE-M-C-bottom/frame_000304.jpg,harting_han64_eee_m_c_allsides_2,bottom,frame_000304,,,unassigned,good,/home/sb/Harting_Inspection/data/raw/harting_Han64_EEE-M-C-allSides-2/harting_Han64_EEE-M-C-bottom
c2f2ce27c479a8bb,/home/sb/Harting_Inspection/data/raw/harting_Han64_EEE-M-C-allSides-2/harting_Han64_EEE-M-C-bottom/frame_000305.jpg,harting_han64_eee_m_c_allsides_2,bottom,frame_000305,,,unassigned,good,/home/sb/Harting_Inspection/data/raw/harting_Han64_EEE-M-C-allSides-2/harting_Han64_EEE-M-C-bottom
910ffc317cd18df0,/home/sb/Harting_Inspection/data/raw/harting_Han64_EEE-M-C-allSides-2/harting_Han64_EEE-M-C-bottom/frame_000306.jpg,harting_han64_eee_m_c_allsides_2,bottom,frame_000306,,,unassigned,good,/home/sb/Harting_Inspection/data/raw/harting_Han64_EEE-M-C-allSides-2/harting_Han64_EEE-M-C-bottom
3497fef0bf130827,/home/sb/Harting_Inspection/data/raw/harting_Han64_EEE-M-C-allSides-2/harting_Han64_EEE-M-C-bottom/frame_000307.jpg,harting_han64_eee_m_c_allsides_2,bottom,frame_000307,,,unassigned,good,/home/sb/Harting_Inspection/data/raw/harting_Han64_EEE-M-C-allSides-2/harting_Han64_EEE-M-C-bottom
156bd170ea9e2b63,/home/sb/Harting_Inspection/data/raw/harting_Han64_EEE-M-C-allSides-2/harting_Han64_EEE-M-C-bottom/frame_000308.jpg,harting_han64_eee_m_c_allsides_2,bottom,frame_000308,,,unassigned,good,/home/sb/Harting_Inspection/data/raw/harting_Han64_EEE-M-C-allSides-2/harting_Han64_EEE-M-C-bottom
fd668a1deaf808ff,/home/sb/Harting_Inspection/data/raw/harting_Han64_EEE-M-C-allSides-2/harting_Han64_EEE-M-C-bottom/frame_000309.jpg,harting_han64_eee_m_c_allsides_2,bottom,frame_000309,,,unassigned,good,/home/sb/Harting_Inspection/data/raw/harting_Han64_EEE-M-C-allSides-2/harting_Han64_EEE-M-C-bottom
d6cd76282ffefcb0,/home/sb/Harting_Inspection/data/raw/harting_Han64_EEE-M-C-allSides-2/harting_Han64_EEE-M-C-bottom/frame_000310.jpg,harting_han64_eee_m_c_allsides_2,bottom,frame_000310,,,unassigned,good,/home/sb/Harting_Inspection/data/raw/harting_Han64_EEE-M-C-allSides-2/harting_Han64_EEE-M-C-bottom
d90f5124cc57b30e,/home/sb/Harting_Inspection/data/raw/harting_Han64_EEE-M-C-allSides-2/harting_Han64_EEE-M-C-bottom/frame_000311.jpg,harting_han64_eee_m_c_allsides_2,bottom,frame_000311,,,unassigned,good,/home/sb/Harting_Inspection/data/raw/harting_Han64_EEE-M-C-allSides-2/harting_Han64_EEE-M-C-bottom
34fa0d1f1770103a,/home/sb/Harting_Inspection/data/raw/harting_Han64_EEE-M-C-allSides-2/harting_Han64_EEE-M-C-bottom/frame_000312.jpg,harting_han64_eee_m_c_allsides_2,bottom,frame_000312,,,unassigned,good,/home/sb/Harting_Inspection/data/raw/harting_Han64_EEE-M-C-allSides-2/harting_Han64_EEE-M-C-bottom
5341794d3dd8dc50,/home/sb/Harting_Inspection/data/raw/harting_Han64_EEE-M-C-allSides-2/harting_Han64_EEE-M-C-bottom/frame_000313.jpg,harting_han64_eee_m_c_allsides_2,bottom,frame_000313,,,unassigned,good,/home/sb/Harting_Inspection/data/raw/harting_Han64_EEE-M-C-allSides-2/harting_Han64_EEE-M-C-bottom
f09fe864a8a2641a,/home/sb/Harting_Inspection/data/raw/harting_Han64_EEE-M-C-allSides-2/harting_Han64_EEE-M-C-bottom/frame_000314.jpg,harting_han64_eee_m_c_allsides_2,bottom,frame_000314,,,unassigned,good,/home/sb/Harting_Inspection/data/raw/harting_Han64_EEE-M-C-allSides-2/harting_Han64_EEE-M-C-bottom
6dfbdb001a4fcdd2,/home/sb/Harting_Inspection/data/raw/harting_Han64_EEE-M-C-allSides-2/harting_Han64_EEE-M-C-bottom/frame_000315.jpg,harting_han64_eee_m_c_allsides_2,bottom,frame_000315,,,unassigned,good,/home/sb/Harting_Inspection/data/raw/harting_Han64_EEE-M-C-allSides-2/harting_Han64_EEE-M-C-bottom
ce17f4c490019951,/home/sb/Harting_Inspection/data/raw/harting_Han64_EEE-M-C-allSides-2/harting_Han64_EEE-M-C-bottom/frame_000316.jpg,harting_han64_eee_m_c_allsides_2,bottom,frame_000316,,,unassigned,good,/home/sb/Harting_Inspection/data/raw/harting_Han64_EEE-M-C-allSides-2/harting_Han64_EEE-M-C-bottom
d82c9b30b1530d81,/home/sb/Harting_Inspection/data/raw/harting_Han64_EEE-M-C-allSides-2/harting_Han64_EEE-M-C-bottom/frame_000317.jpg,harting_han64_eee_m_c_allsides_2,bottom,frame_000317,,,unassigned,good,/home/sb/Harting_Inspection/data/raw/harting_Han64_EEE-M-C-allSides-2/harting_Han64_EEE-M-C-bottom
cb4cde88b43623b7,/home/sb/Harting_Inspection/data/raw/harting_Han64_EEE-M-C-allSides-2/harting_Han64_EEE-M-C-bottom/frame_000318.jpg,harting_han64_eee_m_c_allsides_2,bottom,frame_000318,,,unassigned,good,/home/sb/Harting_Inspection/data/raw/harting_Han64_EEE-M-C-allSides-2/harting_Han64_EEE-M-C-bottom
17f170db9db22365,/home/sb/Harting_Inspection/data/raw/harting_Han64_EEE-M-C-allSides-2/harting_Han64_EEE-M-C-bottom/frame_000319.jpg,harting_han64_eee_m_c_allsides_2,bottom,frame_000319,,,unassigned,good,/home/sb/Harting_Inspection/data/raw/harting_Han64_EEE-M-C-allSides-2/harting_Han64_EEE-M-C-bottom
f36da3a6a9c4d9cf,/home/sb/Harting_Inspection/data/raw/harting_Han64_EEE-M-C-allSides-2/harting_Han64_EEE-M-C-bottom/frame_000320.jpg,harting_han64_eee_m_c_allsides_2,bottom,frame_000320,,,unassigned,good,/home/sb/Harting_Inspection/data/raw/harting_Han64_EEE-M-C-allSides-2/harting_Han64_EEE-M-C-bottom
d882ffaad305a9e6,/home/sb/Harting_Inspection/data/raw/harting_Han64_EEE-M-C-allSides-2/harting_Han64_EEE-M-C-bottom/frame_000321.jpg,harting_han64_eee_m_c_allsides_2,bottom,frame_000321,,,unassigned,good,/home/sb/Harting_Inspection/data/raw/harting_Han64_EEE-M-C-allSides-2/harting_Han64_EEE-M-C-bottom
ced41f8d1738617b,/home/sb/Harting_Inspection/data/raw/harting_Han64_EEE-M-C-allSides-2/harting_Han64_EEE-M-C-bottom/frame_000322.jpg,harting_han64_eee_m_c_allsides_2,bottom,frame_000322,,,unassigned,good,/home/sb/Harting_Inspection/data/raw/harting_Han64_EEE-M-C-allSides-2/harting_Han64_EEE-M-C-bottom
123b989ddf8964d6,/home/sb/Harting_Inspection/data/raw/harting_Han64_EEE-M-C-allSides-2/harting_Han64_EEE-M-C-bottom/frame_000323.jpg,harting_han64_eee_m_c_allsides_2,bottom,frame_000323,,,unassigned,good,/home/sb/Harting_Inspection/data/raw/harting_Han64_EEE-M-C-allSides-2/harting_Han64_EEE-M-C-bottom
c66789115d0f752d,/home/sb/Harting_Inspection/data/raw/harting_Han64_EEE-M-C-allSides-2/harting_Han64_EEE-M-C-bottom/frame_000324.jpg,harting_han64_eee_m_c_allsides_2,bottom,frame_000324,,,unassigned,good,/home/sb/Harting_Inspection/data/raw/harting_Han64_EEE-M-C-allSides-2/harting_Han64_EEE-M-C-bottom
ee3675f429915e7c,/home/sb/Harting_Inspection/data/raw/harting_Han64_EEE-M-C-allSides-2/harting_Han64_EEE-M-C-bottom/frame_000325.jpg,harting_han64_eee_m_c_allsides_2,bottom,frame_000325,,,unassigned,good,/home/sb/Harting_Inspection/data/raw/harting_Han64_EEE-M-C-allSides-2/harting_Han64_EEE-M-C-bottom
bdb350dcb89aa893,/home/sb/Harting_Inspection/data/raw/harting_Han64_EEE-M-C-allSides-2/harting_Han64_EEE-M-C-bottom/frame_000326.jpg,harting_han64_eee_m_c_allsides_2,bottom,frame_000326,,,unassigned,good,/home/sb/Harting_Inspection/data/raw/harting_Han64_EEE-M-C-allSides-2/harting_Han64_EEE-M-C-bottom
e6ff97290680de8a,/home/sb/Harting_Inspection/data/raw/harting_Han64_EEE-M-C-allSides-2/harting_Han64_EEE-M-C-bottom/frame_000327.jpg,harting_han64_eee_m_c_allsides_2,bottom,frame_000327,,,unassigned,good,/home/sb/Harting_Inspection/data/raw/harting_Han64_EEE-M-C-allSides-2/harting_Han64_EEE-M-C-bottom
73b2b473ae3640dc,/home/sb/Harting_Inspection/data/raw/harting_Han64_EEE-M-C-allSides-2/harting_Han64_EEE-M-C-bottom/frame_000328.jpg,harting_han64_eee_m_c_allsides_2,bottom,frame_000328,,,unassigned,good,/home/sb/Harting_Inspection/data/raw/harting_Han64_EEE-M-C-allSides-2/harting_Han64_EEE-M-C-bottom
690aadda0bd3e989,/home/sb/Harting_Inspection/data/raw/harting_Han64_EEE-M-C-allSides-2/harting_Han64_EEE-M-C-bottom/frame_000329.jpg,harting_han64_eee_m_c_allsides_2,bottom,frame_000329,,,unassigned,good,/home/sb/Harting_Inspection/data/raw/harting_Han64_EEE-M-C-allSides-2/harting_Han64_EEE-M-C-bottom
91dbd1efb15740e2,/home/sb/Harting_Inspection/data/raw/harting_Han64_EEE-M-C-allSides-2/harting_Han64_EEE-M-C-bottom/frame_000330.jpg,harting_han64_eee_m_c_allsides_2,bottom,frame_000330,,,unassigned,good,/home/sb/Harting_Inspection/data/raw/harting_Han64_EEE-M-C-allSides-2/harting_Han64_EEE-M-C-bottom
9d16117331719775,/home/sb/Harting_Inspection/data/raw/harting_Han64_EEE-M-C-allSides-2/harting_Han64_EEE-M-C-bottom/frame_000331.jpg,harting_han64_eee_m_c_allsides_2,bottom,frame_000331,,,unassigned,good,/home/sb/Harting_Inspection/data/raw/harting_Han64_EEE-M-C-allSides-2/harting_Han64_EEE-M-C-bottom
7fd783fde69428d1,/home/sb/Harting_Inspection/data/raw/harting_Han64_EEE-M-C-allSides-2/harting_Han64_EEE-M-C-bottom/frame_000332.jpg,harting_han64_eee_m_c_allsides_2,bottom,frame_000332,,,unassigned,good,/home/sb/Harting_Inspection/data/raw/harting_Han64_EEE-M-C-allSides-2/harting_Han64_EEE-M-C-bottom
d7dff09a194863e3,/home/sb/Harting_Inspection/data/raw/harting_Han64_EEE-M-C-allSides-2/harting_Han64_EEE-M-C-bottom/frame_000333.jpg,harting_han64_eee_m_c_allsides_2,bottom,frame_000333,,,unassigned,good,/home/sb/Harting_Inspection/data/raw/harting_Han64_EEE-M-C-allSides-2/harting_Han64_EEE-M-C-bottom
b1d615ec579b4f0b,/home/sb/Harting_Inspection/data/raw/harting_Han64_EEE-M-C-allSides-2/harting_Han64_EEE-M-C-bottom/frame_000334.jpg,harting_han64_eee_m_c_allsides_2,bottom,frame_000334,,,unassigned,good,/home/sb/Harting_Inspection/data/raw/harting_Han64_EEE-M-C-allSides-2/harting_Han64_EEE-M-C-bottom
46eb80581c46f8a6,/home/sb/Harting_Inspection/data/raw/harting_Han64_EEE-M-C-allSides-2/harting_Han64_EEE-M-C-bottom/frame_000335.jpg,harting_han64_eee_m_c_allsides_2,bottom,frame_000335,,,unassigned,good,/home/sb/Harting_Inspection/data/raw/harting_Han64_EEE-M-C-allSides-2/harting_Han64_EEE-M-C-bottom
f0b76ba4fd809582,/home/sb/Harting_Inspection/data/raw/harting_Han64_EEE-M-C-allSides-2/harting_Han64_EEE-M-C-bottom/frame_000336.jpg,harting_han64_eee_m_c_allsides_2,bottom,frame_000336,,,unassigned,good,/home/sb/Harting_Inspection/data/raw/harting_Han64_EEE-M-C-allSides-2/harting_Han64_EEE-M-C-bottom
45acbfcffa5fb7ed,/home/sb/Harting_Inspection/data/raw/harting_Han64_EEE-M-C-allSides-2/harting_Han64_EEE-M-C-bottom/frame_000337.jpg,harting_han64_eee_m_c_allsides_2,bottom,frame_000337,,,unassigned,good,/home/sb/Harting_Inspection/data/raw/harting_Han64_EEE-M-C-allSides-2/harting_Han64_EEE-M-C-bottom
4e856c164953a32f,/home/sb/Harting_Inspection/data/raw/harting_Han64_EEE-M-C-allSides-2/harting_Han64_EEE-M-C-bottom/frame_000338.jpg,harting_han64_eee_m_c_allsides_2,bottom,frame_000338,,,unassigned,good,/home/sb/Harting_Inspection/data/raw/harting_Han64_EEE-M-C-allSides-2/harting_Han64_EEE-M-C-bottom
a1cfeabd10b91b33,/home/sb/Harting_Inspection/data/raw/harting_Han64_EEE-M-C-allSides-2/harting_Han64_EEE-M-C-bottom/frame_000339.jpg,harting_han64_eee_m_c_allsides_2,bottom,frame_000339,,,unassigned,good,/home/sb/Harting_Inspection/data/raw/harting_Han64_EEE-M-C-allSides-2/harting_Han64_EEE-M-C-bottom
1cfb155692e30b61,/home/sb/Harting_Inspection/data/raw/harting_Han64_EEE-M-C-allSides-2/harting_Han64_EEE-M-C-bottom/frame_000340.jpg,harting_han64_eee_m_c_allsides_2,bottom,frame_000340,,,unassigned,good,/home/sb/Harting_Inspection/data/raw/harting_Han64_EEE-M-C-allSides-2/harting_Han64_EEE-M-C-bottom
3c90d48c2e927472,/home/sb/Harting_Inspection/data/raw/harting_Han64_EEE-M-C-allSides-2/harting_Han64_EEE-M-C-bottom/frame_000341.jpg,harting_han64_eee_m_c_allsides_2,bottom,frame_000341,,,unassigned,good,/home/sb/Harting_Inspection/data/raw/harting_Han64_EEE-M-C-allSides-2/harting_Han64_EEE-M-C-bottom
12f445a01b2b3d58,/home/sb/Harting_Inspection/data/raw/harting_Han64_EEE-M-C-allSides-2/harting_Han64_EEE-M-C-bottom/frame_000342.jpg,harting_han64_eee_m_c_allsides_2,bottom,frame_000342,,,unassigned,good,/home/sb/Harting_Inspection/data/raw/harting_Han64_EEE-M-C-allSides-2/harting_Han64_EEE-M-C-bottom
2b1d26eeb9cfbf25,/home/sb/Harting_Inspection/data/raw/harting_Han64_EEE-M-C-allSides-2/harting_Han64_EEE-M-C-bottom/frame_000343.jpg,harting_han64_eee_m_c_allsides_2,bottom,frame_000343,,,unassigned,good,/home/sb/Harting_Inspection/data/raw/harting_Han64_EEE-M-C-allSides-2/harting_Han64_EEE-M-C-bottom
b687bfefbee3438a,/home/sb/Harting_Inspection/data/raw/harting_Han64_EEE-M-C-allSides-2/harting_Han64_EEE-M-C-bottom/frame_000344.jpg,harting_han64_eee_m_c_allsides_2,bottom,frame_000344,,,unassigned,good,/home/sb/Harting_Inspection/data/raw/harting_Han64_EEE-M-C-allSides-2/harting_Han64_EEE-M-C-bottom
9290260ce70fda61,/home/sb/Harting_Inspection/data/raw/harting_Han64_EEE-M-C-allSides-2/harting_Han64_EEE-M-C-bottom/frame_000345.jpg,harting_han64_eee_m_c_allsides_2,bottom,frame_000345,,,unassigned,good,/home/sb/Harting_Inspection/data/raw/harting_Han64_EEE-M-C-allSides-2/harting_Han64_EEE-M-C-bottom
e98d109c7ef62072,/home/sb/Harting_Inspection/data/raw/harting_Han64_EEE-M-C-allSides-2/harting_Han64_EEE-M-C-bottom/frame_000346.jpg,harting_han64_eee_m_c_allsides_2,bottom,frame_000346,,,unassigned,good,/home/sb/Harting_Inspection/data/raw/harting_Han64_EEE-M-C-allSides-2/harting_Han64_EEE-M-C-bottom
ab610a3900594ec9,/home/sb/Harting_Inspection/data/raw/harting_Han64_EEE-M-C-allSides-2/harting_Han64_EEE-M-C-bottom/frame_000347.jpg,harting_han64_eee_m_c_allsides_2,bottom,frame_000347,,,unassigned,good,/home/sb/Harting_Inspection/data/raw/harting_Han64_EEE-M-C-allSides-2/harting_Han64_EEE-M-C-bottom
